hour_dt,ride_count,temperature_2m (°C),precipitation (mm),wind_speed_10m (km/h),relative_humidity_2m (%)
1/1/2024 1:00,272,2.3,0,5.4,88
1/1/2024 2:00,324,0.9,0,6.6,91
1/1/2024 3:00,237,0.9,0,6,92
1/1/2024 4:00,60,0.6,0,5.8,92
1/1/2024 5:00,26,1.1,0.6,7.3,91
1/1/2024 6:00,31,1.9,0.2,4.7,90
1/1/2024 7:00,46,1.3,0,8.9,93
1/1/2024 8:00,72,1.5,0,10,91
1/1/2024 9:00,75,3.2,0,8.7,89
1/1/2024 10:00,161,4.7,0,11.2,87
1/1/2024 11:00,260,5.6,0,13.9,74
1/1/2024 12:00,268,5.2,0,14.8,68
1/1/2024 13:00,306,5.2,0,12.8,63
1/1/2024 14:00,369,6,0,10.2,60
1/1/2024 15:00,420,6,0,11.3,61
1/1/2024 16:00,431,5.6,0,12.7,64
1/1/2024 17:00,366,5.1,0,12.7,68
1/1/2024 18:00,327,4.4,0.1,14.3,73
1/1/2024 19:00,220,3.7,0.2,14.6,78
1/1/2024 20:00,186,3.3,0.2,13.6,82
1/1/2024 21:00,150,2.7,0.2,14.8,90
1/1/2024 22:00,112,2.8,0.3,16.3,93
1/1/2024 23:00,89,3,0.2,15.6,92
1/2/2024 0:00,94,2.7,0,15.8,91
1/2/2024 1:00,28,2,0,15.1,92
1/2/2024 2:00,13,1.9,0,15.8,91
1/2/2024 3:00,16,2.2,0,17.1,88
1/2/2024 4:00,5,2.1,0,18.2,83
1/2/2024 5:00,10,1.6,0,17.4,78
1/2/2024 6:00,51,1.3,0,17.1,74
1/2/2024 7:00,194,0.3,0,15.5,76
1/2/2024 8:00,420,-0.3,0,14.1,77
1/2/2024 9:00,664,1.5,0,13.3,70
1/2/2024 10:00,407,2.5,0,12.1,68
1/2/2024 11:00,219,3.5,0,17.9,60
1/2/2024 12:00,305,4,0,16.4,55
1/2/2024 13:00,415,4.7,0,16.3,53
1/2/2024 14:00,443,5.4,0,15.6,53
1/2/2024 15:00,487,6,0,13.9,52
1/2/2024 16:00,535,6.4,0,13,52
1/2/2024 17:00,799,6,0,8.9,55
1/2/2024 18:00,901,3.1,0,6.8,67
1/2/2024 19:00,718,2.3,0,8,71
1/2/2024 20:00,416,1.6,0,7.9,74
1/2/2024 21:00,309,0.7,0,8,78
1/2/2024 22:00,215,0.3,0,8.1,79
1/2/2024 23:00,152,-0.1,0,8.9,79
1/3/2024 0:00,86,-0.4,0,9.2,78
1/3/2024 1:00,41,-0.5,0,10.5,76
1/3/2024 2:00,16,-0.6,0,11.7,74
1/3/2024 3:00,8,-0.7,0,11.5,74
1/3/2024 4:00,7,-0.7,0,12.5,74
1/3/2024 5:00,12,-0.7,0,11.2,76
1/3/2024 6:00,57,-1,0,10.5,78
1/3/2024 7:00,221,-1.2,0,9.7,80
1/3/2024 8:00,491,-1.2,0,8.7,81
1/3/2024 9:00,870,-0.9,0,6.4,82
1/3/2024 10:00,525,1.6,0,7.4,76
1/3/2024 11:00,321,4,0,7.4,66
1/3/2024 12:00,375,5.4,0,8,60
1/3/2024 13:00,429,6.5,0,7.8,56
1/3/2024 14:00,459,7.2,0,5.5,54
1/3/2024 15:00,552,7.6,0,4.2,53
1/3/2024 16:00,663,7.7,0,6.1,53
1/3/2024 17:00,820,6.8,0,4.2,62
1/3/2024 18:00,1045,3.7,0,8.5,73
1/3/2024 19:00,768,4.4,0,7.2,68
1/3/2024 20:00,505,2.8,0,6.5,76
1/3/2024 21:00,349,2.4,0,5.9,74
1/3/2024 22:00,288,2.6,0,5.9,71
1/3/2024 23:00,224,2.8,0,5.9,70
1/4/2024 0:00,107,2.7,0,4.8,74
1/4/2024 1:00,42,2.3,0,5.6,81
1/4/2024 2:00,25,2.5,0,4,82
1/4/2024 3:00,9,2.6,0.1,3.9,81
1/4/2024 4:00,7,2.6,0.1,5.8,82
1/4/2024 5:00,16,2.7,0.1,10.5,80
1/4/2024 6:00,61,2.9,0,13.7,72
1/4/2024 7:00,217,2.7,0,14.8,69
1/4/2024 8:00,499,1.1,0,14.5,76
1/4/2024 9:00,833,2,0,12,74
1/4/2024 10:00,527,3.5,0,14.3,73
1/4/2024 11:00,262,4.8,0,16.1,69
1/4/2024 12:00,368,6,0,22.8,59
1/4/2024 13:00,383,6.3,0,23.6,56
1/4/2024 14:00,401,6.6,0,22.7,51
1/4/2024 15:00,422,6.6,0,23.1,45
1/4/2024 16:00,601,5.8,0,23.1,44
1/4/2024 17:00,710,5,0,19.3,45
1/4/2024 18:00,974,3.7,0,16.9,46
1/4/2024 19:00,763,2.4,0,15.9,50
1/4/2024 20:00,486,1.3,0,15,53
1/4/2024 21:00,307,0.7,0,14.3,57
1/4/2024 22:00,270,0.1,0,14.9,58
1/4/2024 23:00,186,-0.4,0,15.9,58
1/5/2024 0:00,113,-1.1,0,14.9,59
1/5/2024 1:00,44,-1.9,0,13.2,61
1/5/2024 2:00,19,-2.6,0,11.6,64
1/5/2024 3:00,16,-3.1,0,11.1,66
1/5/2024 4:00,7,-3.7,0,10.5,68
1/5/2024 5:00,16,-4.2,0,7.9,71
1/5/2024 6:00,54,-4.7,0,6.8,73
1/5/2024 7:00,165,-4.9,0,7.1,74
1/5/2024 8:00,403,-5.2,0,5.6,75
1/5/2024 9:00,589,-4.3,0,3.9,78
1/5/2024 10:00,453,-2,0,3.3,67
1/5/2024 11:00,318,-0.1,0,3.6,60
1/5/2024 12:00,407,1.2,0,5.2,58
1/5/2024 13:00,455,2.4,0,5.1,56
1/5/2024 14:00,477,3.5,0,5.4,55
1/5/2024 15:00,570,4.2,0,4.3,53
1/5/2024 16:00,699,4.4,0,6.1,53
1/5/2024 17:00,713,3.9,0,5.2,57
1/5/2024 18:00,845,0.6,0,7.1,71
1/5/2024 19:00,672,-0.7,0,7.7,78
1/5/2024 20:00,501,-1,0,7.9,78
1/5/2024 21:00,287,-2.2,0,6.9,79
1/5/2024 22:00,264,-3,0,7.5,84
1/5/2024 23:00,239,-2,0,6.1,82
1/6/2024 0:00,207,-1.5,0,6.1,80
1/6/2024 1:00,129,-1.9,0,5.9,82
1/6/2024 2:00,78,-2,0,7.6,81
1/6/2024 3:00,43,-1.3,0,7.2,76
1/6/2024 4:00,31,-1.6,0,7.2,77
1/6/2024 5:00,23,-1.4,0,5.4,76
1/6/2024 6:00,28,-1.3,0,5.8,77
1/6/2024 7:00,56,-1.1,0,7.3,77
1/6/2024 8:00,131,-0.7,0,6.3,77
1/6/2024 9:00,242,0.1,0.4,8.4,80
1/6/2024 10:00,276,1,0.1,12.3,84
1/6/2024 11:00,309,2.2,0.2,5.5,82
1/6/2024 12:00,271,2,0.3,13.2,88
1/6/2024 13:00,190,2.6,0.8,17.7,95
1/6/2024 14:00,111,2.8,1.8,17.2,95
1/6/2024 15:00,98,3.5,2.1,17,94
1/6/2024 16:00,69,4.2,2.6,18.4,95
1/6/2024 17:00,64,4.4,3.5,21.4,96
1/6/2024 18:00,82,5.1,2.5,19.6,98
1/6/2024 19:00,116,6.1,1,14.2,98
1/6/2024 20:00,119,6.1,0.9,10.4,98
1/6/2024 21:00,148,2.2,0,17.1,94
1/6/2024 22:00,155,2.3,0,15.8,94
1/6/2024 23:00,164,1.9,0,14.6,95
1/7/2024 0:00,172,1.5,0,14.9,96
1/7/2024 1:00,116,0.8,0,14.2,97
1/7/2024 2:00,96,0.3,0,12.6,97
1/7/2024 3:00,64,0,0,11.2,96
1/7/2024 4:00,32,-0.2,0,10,96
1/7/2024 5:00,19,0.2,0,10.5,96
1/7/2024 6:00,12,0.3,0,9.2,95
1/7/2024 7:00,36,0.7,0,9.4,95
1/7/2024 8:00,53,1.1,0,9.7,94
1/7/2024 9:00,241,0.2,0,9.6,94
1/7/2024 10:00,327,1.5,0,8.3,94
1/7/2024 11:00,539,3.8,0.3,6.9,92
1/7/2024 12:00,690,6.8,0,10.8,84
1/7/2024 13:00,803,8.4,0,26.8,65
1/7/2024 14:00,789,8.9,0,25.1,58
1/7/2024 15:00,848,9,0,27.7,54
1/7/2024 16:00,766,8.6,0,23.8,54
1/7/2024 17:00,689,8,0,21.7,55
1/7/2024 18:00,616,7,0,18.6,56
1/7/2024 19:00,444,6,0,16,59
1/7/2024 20:00,363,5.2,0,15.7,64
1/7/2024 21:00,252,5.2,0,16.3,63
1/7/2024 22:00,189,4.3,0,15.4,67
1/7/2024 23:00,157,3.8,0,17.7,70
1/8/2024 0:00,116,3.4,0,16.8,72
1/8/2024 1:00,47,3.1,0,16.6,74
1/8/2024 2:00,28,2.7,0,16.9,74
1/8/2024 3:00,14,2.5,0,18.9,74
1/8/2024 4:00,10,2.4,0,20.1,74
1/8/2024 5:00,20,2.2,0,19.6,75
1/8/2024 6:00,65,2.1,0,18.3,77
1/8/2024 7:00,225,1.8,0,16.8,78
1/8/2024 8:00,552,1.4,0,15,80
1/8/2024 9:00,968,3.5,0,8.9,72
1/8/2024 10:00,528,4.5,0,7.9,72
1/8/2024 11:00,346,5.8,0,10.9,68
1/8/2024 12:00,354,7,0,11.4,60
1/8/2024 13:00,449,7.8,0,8.8,53
1/8/2024 14:00,482,8.5,0,4.9,50
1/8/2024 15:00,547,8.6,0,1.4,50
1/8/2024 16:00,657,8.5,0,3.2,50
1/8/2024 17:00,838,7.8,0,3,58
1/8/2024 18:00,1090,4.7,0,7.6,69
1/8/2024 19:00,934,4.6,0,6.8,64
1/8/2024 20:00,637,2.7,0,8.4,74
1/8/2024 21:00,390,1.6,0,7.5,80
1/8/2024 22:00,357,1,0,7.1,81
1/8/2024 23:00,220,0.3,0,6.9,82
1/9/2024 0:00,161,0.2,0,7.6,80
1/9/2024 1:00,47,1.1,0,8.7,70
1/9/2024 2:00,10,1.4,0,9.2,70
1/9/2024 3:00,14,1.1,0,8.9,81
1/9/2024 4:00,6,1.3,0,9,87
1/9/2024 5:00,22,2.3,0,11.5,85
1/9/2024 6:00,62,2.9,0,12.3,84
1/9/2024 7:00,239,3.4,0,13.5,84
1/9/2024 8:00,553,4.3,0,15.6,79
1/9/2024 9:00,587,3.8,0.8,17.3,88
1/9/2024 10:00,218,4.8,1.4,19.4,90
1/9/2024 11:00,88,5.6,2.2,21.4,91
1/9/2024 12:00,82,6.5,3.4,22.5,91
1/9/2024 13:00,100,7.5,2.5,24.6,92
1/9/2024 14:00,105,8.8,2,30,92
1/9/2024 15:00,78,9.9,2.1,32,93
1/9/2024 16:00,109,11.1,3.5,33.4,92
1/9/2024 17:00,188,11.9,2.8,34,92
1/9/2024 18:00,183,12.5,1.3,36.3,93
1/9/2024 19:00,107,13.1,1.6,34.3,93
1/9/2024 20:00,64,13.8,6.2,38,92
1/9/2024 21:00,73,13.2,6,14.5,96
1/9/2024 22:00,157,14,2.5,20.5,95
1/9/2024 23:00,139,15,0.1,26.3,90
1/10/2024 0:00,78,14.5,0.1,21.6,91
1/10/2024 1:00,45,13,0.1,21.9,91
1/10/2024 2:00,18,11.8,0,19.6,92
1/10/2024 3:00,8,10.5,0,17.9,90
1/10/2024 4:00,2,8.7,0.3,18,91
1/10/2024 5:00,12,7.5,0,15.7,79
1/10/2024 6:00,72,7.3,0,13.4,78
1/10/2024 7:00,230,6.7,0.2,15.8,83
1/10/2024 8:00,595,6.1,0,17,76
1/10/2024 9:00,1059,6.3,0.1,20.5,71
1/10/2024 10:00,649,7.5,0,20.3,64
1/10/2024 11:00,331,8.4,0,21,53
1/10/2024 12:00,362,9.1,0,28.5,45
1/10/2024 13:00,487,9.1,0,30.3,43
1/10/2024 14:00,451,8.6,0,29.2,44
1/10/2024 15:00,486,8.9,0,27.8,44
1/10/2024 16:00,706,8.9,0,24.9,44
1/10/2024 17:00,863,7.9,0,21.6,47
1/10/2024 18:00,1223,6.6,0,15.5,50
1/10/2024 19:00,988,5.6,0,13.7,53
1/10/2024 20:00,697,4.5,0,10.1,58
1/10/2024 21:00,478,4.4,0,8.7,63
1/10/2024 22:00,409,4.4,0,10.7,62
1/10/2024 23:00,255,4.6,0,11.3,61
1/11/2024 0:00,138,3.7,0,10.1,65
1/11/2024 1:00,82,2.8,0,9.7,70
1/11/2024 2:00,25,1.9,0,9.8,73
1/11/2024 3:00,11,1.9,0,9.4,73
1/11/2024 4:00,15,1,0,7.6,77
1/11/2024 5:00,20,0.1,0,6.6,82
1/11/2024 6:00,76,-0.7,0,5.9,87
1/11/2024 7:00,261,-1.5,0,7.7,89
1/11/2024 8:00,606,-2,0,6,90
1/11/2024 9:00,1106,0.4,0,5.1,87
1/11/2024 10:00,649,3,0,6.1,79
1/11/2024 11:00,354,5.3,0,7.6,69
1/11/2024 12:00,432,7,0,11.5,61
1/11/2024 13:00,466,8.3,0,13.8,56
1/11/2024 14:00,486,9.3,0,14,53
1/11/2024 15:00,523,10.2,0,14,51
1/11/2024 16:00,791,10.7,0,15.2,49
1/11/2024 17:00,937,10.3,0,13.4,51
1/11/2024 18:00,1270,8.4,0,11.5,56
1/11/2024 19:00,1007,6.9,0,11.1,62
1/11/2024 20:00,705,6.4,0,12.1,63
1/11/2024 21:00,458,6,0,11,63
1/11/2024 22:00,409,4.9,0,8.4,67
1/11/2024 23:00,269,2.9,0,6.6,77
1/12/2024 0:00,166,2.9,0,8.4,77
1/12/2024 1:00,99,3.7,0,11.1,69
1/12/2024 2:00,41,2.7,0,8.9,73
1/12/2024 3:00,35,1.5,0,7.2,81
1/12/2024 4:00,13,0.9,0,7.2,83
1/12/2024 5:00,17,1.4,0,8.8,80
1/12/2024 6:00,76,0.8,0,8.9,83
1/12/2024 7:00,185,-0.1,0,6.9,85
1/12/2024 8:00,490,-0.3,0,6.8,86
1/12/2024 9:00,778,0.5,0,9.3,85
1/12/2024 10:00,576,2.8,0,11.4,79
1/12/2024 11:00,417,5.1,0,8.6,73
1/12/2024 12:00,532,7.6,0,14.4,62
1/12/2024 13:00,643,8.7,0,16.9,52
1/12/2024 14:00,641,9.1,0,18.3,48
1/12/2024 15:00,721,9.6,0,18.8,49
1/12/2024 16:00,856,9.2,0,17.1,53
1/12/2024 17:00,998,9.1,0,19.5,55
1/12/2024 18:00,938,9,0,21.9,59
1/12/2024 19:00,637,7.9,1.9,23,78
1/12/2024 20:00,334,8.8,0,24.9,81
1/12/2024 21:00,146,8.6,0.9,21.6,90
1/12/2024 22:00,89,9.7,3.5,23.1,91
1/12/2024 23:00,108,10.7,1.9,30,92
1/13/2024 0:00,187,12,0.4,23.8,94
1/13/2024 1:00,109,12.1,0.2,16.1,95
1/13/2024 2:00,104,12.3,0,13.4,96
1/13/2024 3:00,68,12.4,0,13.8,96
1/13/2024 4:00,35,11.8,0,11.6,98
1/13/2024 5:00,25,11,0,14.3,97
1/13/2024 6:00,31,10,0,14.6,96
1/13/2024 7:00,80,9.1,0,16.3,95
1/13/2024 8:00,153,8.6,0,17.6,93
1/13/2024 9:00,285,8.2,0,16.4,95
1/13/2024 10:00,492,9.4,0,21,89
1/13/2024 11:00,495,9.4,0.8,25.8,78
1/13/2024 12:00,687,8.2,0.2,25.2,76
1/13/2024 13:00,896,7.4,0,25.4,57
1/13/2024 14:00,873,8,0,29.6,39
1/13/2024 15:00,787,7.9,0,29.5,36
1/13/2024 16:00,899,6,0,28.8,40
1/13/2024 17:00,808,4.8,0,24.8,40
1/13/2024 18:00,678,3.7,0,18.4,41
1/13/2024 19:00,544,2.8,0,18.4,42
1/13/2024 20:00,418,2.2,0,16.9,43
1/13/2024 21:00,311,2.2,0,13.3,49
1/13/2024 22:00,235,1.8,0,13.7,50
1/13/2024 23:00,257,1.3,0,14.2,51
1/14/2024 0:00,246,0.9,0,12.9,52
1/14/2024 1:00,181,-0.1,0,10.8,58
1/14/2024 2:00,123,-0.9,0,9,62
1/14/2024 3:00,54,-1.8,0,7,67
1/14/2024 4:00,28,-2.3,0,6.3,71
1/14/2024 5:00,39,-2.7,0,5.9,74
1/14/2024 6:00,15,-2.9,0,8,75
1/14/2024 7:00,56,-2.8,0,10.5,73
1/14/2024 8:00,91,-2.3,0,13,67
1/14/2024 9:00,176,-0.1,0,17,61
1/14/2024 10:00,348,2,0,13.3,60
1/14/2024 11:00,542,4.7,0,16.5,54
1/14/2024 12:00,601,7,0,22.9,47
1/14/2024 13:00,531,4.4,0.5,27.1,66
1/14/2024 14:00,547,2.7,0.2,26.7,45
1/14/2024 15:00,580,2.2,0,23.2,44
1/14/2024 16:00,566,3.1,0,23.6,33
1/14/2024 17:00,581,1.9,0,19.8,31
1/14/2024 18:00,427,0.4,0,17.2,28
1/14/2024 19:00,371,-0.8,0,14.5,29
1/14/2024 20:00,289,-1.8,0,16.3,29
1/14/2024 21:00,179,-1.4,0,18.2,27
1/14/2024 22:00,182,-1.9,0,15.3,31
1/14/2024 23:00,138,-2,0,12.1,34
1/15/2024 0:00,128,-2.3,0,11.6,36
1/15/2024 1:00,70,-2.5,0,14.2,36
1/15/2024 2:00,38,-2.9,0,13.1,37
1/15/2024 3:00,26,-3.2,0.1,9.1,41
1/15/2024 4:00,17,-3.5,0.2,6,45
1/15/2024 5:00,12,-3.7,0.3,5,50
1/15/2024 6:00,33,-3.9,0.3,5.1,55
1/15/2024 7:00,51,-4,0.1,4,57
1/15/2024 8:00,94,-3.9,0,2.9,57
1/15/2024 9:00,120,-3.5,0,1.9,68
1/15/2024 10:00,156,-3.1,0,2.5,69
1/15/2024 11:00,223,-2.4,0,3.3,67
1/15/2024 12:00,268,-1.9,0,3.8,67
1/15/2024 13:00,268,-1.5,0,3.6,67
1/15/2024 14:00,239,-1.2,0.1,4.3,67
1/15/2024 15:00,235,-0.7,0.1,4,67
1/15/2024 16:00,226,-0.8,0.2,4.7,70
1/15/2024 17:00,213,-0.9,0.2,5.8,73
1/15/2024 18:00,197,-1.1,0.4,5.4,77
1/15/2024 19:00,135,-1.2,0.4,6.8,82
1/15/2024 20:00,120,-1.3,0.5,7.8,86
1/15/2024 21:00,99,-1.9,0.2,7.8,87
1/15/2024 22:00,81,-1.9,0.5,7.3,88
1/15/2024 23:00,74,-2.1,1.2,8.6,92
1/16/2024 0:00,42,-2,0.9,8,92
1/16/2024 1:00,23,-1.9,0.2,7.3,92
1/16/2024 2:00,6,-1.8,0.3,7,92
1/16/2024 3:00,12,-1.7,0.4,7.7,93
1/16/2024 4:00,4,-1.6,0,7.4,93
1/16/2024 5:00,11,-1.5,0.5,7.9,94
1/16/2024 6:00,30,-1.4,0.2,8,93
1/16/2024 7:00,80,-1.3,0,7.6,94
1/16/2024 8:00,97,-1.2,0.1,6.4,94
1/16/2024 9:00,129,-2,0,8.3,93
1/16/2024 10:00,103,-1.7,0.4,9.3,92
1/16/2024 11:00,89,-1.2,0,10.1,90
1/16/2024 12:00,89,-1,0,16.3,88
1/16/2024 13:00,157,-1,0.1,19.1,88
1/16/2024 14:00,143,-0.7,0,19.4,83
1/16/2024 15:00,169,-0.6,0,20.4,72
1/16/2024 16:00,215,-1.4,0,21.9,64
1/16/2024 17:00,283,-2.2,0,21.2,62
1/16/2024 18:00,309,-3.7,0,19.2,61
1/16/2024 19:00,274,-4.8,0,17.1,62
1/16/2024 20:00,196,-5.7,0,16.8,63
1/16/2024 21:00,142,-6.6,0,18.6,67
1/16/2024 22:00,115,-7.3,0,17.1,67
1/16/2024 23:00,80,-7.6,0,16.1,67
1/17/2024 0:00,30,-8,0,17.1,68
1/17/2024 1:00,10,-8.4,0,17.4,68
1/17/2024 2:00,10,-9,0,15.6,69
1/17/2024 3:00,4,-9.4,0,14.7,69
1/17/2024 4:00,5,-9.7,0,14.3,67
1/17/2024 5:00,20,-9.7,0,15,66
1/17/2024 6:00,36,-9.8,0,14.2,66
1/17/2024 7:00,108,-9.9,0,12.4,66
1/17/2024 8:00,225,-10,0,10.7,67
1/17/2024 9:00,413,-10.2,0,6.6,72
1/17/2024 10:00,299,-8.2,0,7.6,65
1/17/2024 11:00,222,-6.7,0,11.9,53
1/17/2024 12:00,208,-5.6,0,9.8,49
1/17/2024 13:00,241,-4.6,0,10.2,45
1/17/2024 14:00,226,-3.6,0,11.5,40
1/17/2024 15:00,268,-3,0,12.8,35
1/17/2024 16:00,351,-2.5,0,11.3,36
1/17/2024 17:00,425,-2.8,0,8.2,40
1/17/2024 18:00,554,-6.9,0,10.7,54
1/17/2024 19:00,514,-7.6,0,9.7,62
1/17/2024 20:00,341,-8.4,0,10.1,64
1/17/2024 21:00,200,-6.3,0,9.3,61
1/17/2024 22:00,168,-6.9,0,8.2,63
1/17/2024 23:00,141,-7.7,0,7.8,67
1/18/2024 0:00,103,-8.3,0,8.2,69
1/18/2024 1:00,27,-7.7,0,7.5,68
1/18/2024 2:00,11,-7.8,0,7.3,69
1/18/2024 3:00,3,-8.9,0,10.1,71
1/18/2024 4:00,3,-6.4,0,7.1,63
1/18/2024 5:00,14,-7.2,0,7.6,70
1/18/2024 6:00,51,-7.1,0,8.2,67
1/18/2024 7:00,168,-5.6,0,6.7,63
1/18/2024 8:00,351,-5.5,0,4.9,65
1/18/2024 9:00,683,-5.8,0,4.9,66
1/18/2024 10:00,421,-4.4,0,1.6,57
1/18/2024 11:00,242,-2.6,0,1.5,48
1/18/2024 12:00,225,-1.3,0,1.8,64
1/18/2024 13:00,291,0.1,0,5.1,50
1/18/2024 14:00,306,0.5,0,5.4,50
1/18/2024 15:00,288,1.3,0,4.6,51
1/18/2024 16:00,460,1.4,0,4.9,58
1/18/2024 17:00,535,3.6,0,4.2,31
1/18/2024 18:00,830,3.3,0,3,33
1/18/2024 19:00,672,2.4,0,3,38
1/18/2024 20:00,469,0,0,3.9,60
1/18/2024 21:00,309,-1.3,0,5.1,76
1/18/2024 22:00,274,-1.7,0,5,77
1/18/2024 23:00,181,-1.5,0,4.3,77
1/19/2024 0:00,127,-1.5,0,4.2,77
1/19/2024 1:00,53,-1.4,0,5.2,76
1/19/2024 2:00,32,-1.2,0,5.5,78
1/19/2024 3:00,14,-1.6,0,4.6,82
1/19/2024 4:00,7,-1.1,0.1,4.6,84
1/19/2024 5:00,7,-1.1,0.4,6.6,87
1/19/2024 6:00,15,-1.2,0.8,8.4,91
1/19/2024 7:00,48,-1.3,1,8.7,93
1/19/2024 8:00,54,-1.6,0.6,9.4,93
1/19/2024 9:00,106,-1.8,0.9,8.9,93
1/19/2024 10:00,92,-1.8,0.6,8.8,92
1/19/2024 11:00,71,-1.8,0.6,10.1,91
1/19/2024 12:00,91,-1.4,0.5,11.5,88
1/19/2024 13:00,109,-0.8,0.3,12.4,84
1/19/2024 14:00,123,-0.7,0.3,13.1,83
1/19/2024 15:00,121,-0.3,0.3,15.6,80
1/19/2024 16:00,173,0.1,0.2,16.8,76
1/19/2024 17:00,236,0,0.2,14.2,78
1/19/2024 18:00,248,-0.5,0.1,14.8,80
1/19/2024 19:00,275,-1.7,0,14.2,84
1/19/2024 20:00,208,-2,0,17,78
1/19/2024 21:00,133,-3.1,0,14.9,83
1/19/2024 22:00,133,-4.3,0,12.6,86
1/19/2024 23:00,137,-5,0,14,86
1/20/2024 0:00,92,-5.1,0,16.1,86
1/20/2024 1:00,84,-5,0,17.6,84
1/20/2024 2:00,69,-5.2,0,18.1,82
1/20/2024 3:00,41,-5.7,0,19.2,80
1/20/2024 4:00,11,-6.4,0,19.1,78
1/20/2024 5:00,11,-7.3,0,17.8,78
1/20/2024 6:00,9,-7.9,0,16.3,79
1/20/2024 7:00,40,-8.5,0,13.8,79
1/20/2024 8:00,64,-9.2,0,11,81
1/20/2024 9:00,119,-9.5,0,11.4,82
1/20/2024 10:00,182,-7.3,0,11.5,71
1/20/2024 11:00,229,-6,0,23.1,59
1/20/2024 12:00,257,-5.6,0,25.4,56
1/20/2024 13:00,291,-5.3,0,25.2,54
1/20/2024 14:00,295,-4.9,0,26.4,50
1/20/2024 15:00,268,-4.6,0,25,49
1/20/2024 16:00,312,-4.9,0,23.1,51
1/20/2024 17:00,364,-5.3,0,22.2,53
1/20/2024 18:00,281,-6.1,0,17.9,57
1/20/2024 19:00,200,-7.2,0,19.2,60
1/20/2024 20:00,170,-7.7,0,21.6,62
1/20/2024 21:00,136,-8,0,21.6,65
1/20/2024 22:00,125,-8.4,0,20.8,66
1/20/2024 23:00,112,-8.6,0,20.5,66
1/21/2024 0:00,128,-8.6,0,20.5,67
1/21/2024 1:00,79,-8.4,0,19.1,68
1/21/2024 2:00,66,-8.3,0,18.9,69
1/21/2024 3:00,45,-8.1,0,20.7,69
1/21/2024 4:00,16,-8.1,0,20.7,71
1/21/2024 5:00,16,-8,0,21.7,71
1/21/2024 6:00,12,-7.8,0,22.9,72
1/21/2024 7:00,27,-7.7,0,21.9,72
1/21/2024 8:00,39,-7.7,0,20.9,72
1/21/2024 9:00,96,-7.1,0,19.3,71
1/21/2024 10:00,171,-6,0,19.3,68
1/21/2024 11:00,256,-4.7,0,19,62
1/21/2024 12:00,312,-3.3,0,25.5,57
1/21/2024 13:00,332,-2.3,0,22.4,55
1/21/2024 14:00,333,-1.6,0,17.7,54
1/21/2024 15:00,405,-1,0,16.6,53
1/21/2024 16:00,382,-0.7,0,15.4,53
1/21/2024 17:00,348,-0.9,0,12.1,56
1/21/2024 18:00,317,-2.6,0,10.2,63
1/21/2024 19:00,306,-4.4,0,10.6,73
1/21/2024 20:00,185,-5.2,0,11.6,77
1/21/2024 21:00,141,-5.3,0,12.1,79
1/21/2024 22:00,134,-5.6,0,13.9,79
1/21/2024 23:00,100,-5.9,0,14.3,79
1/22/2024 0:00,53,-6.4,0,13.7,81
1/22/2024 1:00,28,-6.9,0,12.7,82
1/22/2024 2:00,10,-7.4,0,11.5,84
1/22/2024 3:00,10,-7.9,0,9.7,84
1/22/2024 4:00,12,-8.7,0,6.9,84
1/22/2024 5:00,16,-9.7,0,6.6,85
1/22/2024 6:00,52,-9.7,0,7,85
1/22/2024 7:00,172,-10.7,0,8.2,86
1/22/2024 8:00,335,-9.3,0,6.7,83
1/22/2024 9:00,601,-9.6,0,6.3,84
1/22/2024 10:00,353,-7.2,0,1.1,75
1/22/2024 11:00,219,-4.3,0,2.3,71
1/22/2024 12:00,296,-1.9,0,4.3,60
1/22/2024 13:00,349,-0.2,0,7.5,53
1/22/2024 14:00,297,1.1,0,7.6,49
1/22/2024 15:00,359,2,0,7.3,48
1/22/2024 16:00,475,2.6,0,6.6,48
1/22/2024 17:00,562,1.4,0,7.6,60
1/22/2024 18:00,660,-1,0,11,59
1/22/2024 19:00,650,-2.9,0,12.3,63
1/22/2024 20:00,423,-2.9,0,10.5,66
1/22/2024 21:00,324,-2.2,0,8.4,65
1/22/2024 22:00,244,-4.4,0,10.6,72
1/22/2024 23:00,174,-3.2,0,8.2,73
1/23/2024 0:00,72,-2.7,0,8.9,74
1/23/2024 1:00,33,-2.8,0,7.9,73
1/23/2024 2:00,11,-2.9,0,8,72
1/23/2024 3:00,6,-2.8,0,7.9,71
1/23/2024 4:00,6,-4.4,0,11,75
1/23/2024 5:00,19,-4.9,0,10.3,76
1/23/2024 6:00,64,-4.6,0,8.6,74
1/23/2024 7:00,216,-5.6,0,8.7,79
1/23/2024 8:00,492,-4.9,0,7.2,76
1/23/2024 9:00,946,-5,0,8.3,79
1/23/2024 10:00,535,-1.3,0,5.9,72
1/23/2024 11:00,274,2.8,0,1.3,47
1/23/2024 12:00,307,5.1,0,2.6,39
1/23/2024 13:00,348,4.3,0,4.6,55
1/23/2024 14:00,369,4.2,0,6,59
1/23/2024 15:00,377,5.2,0,6,52
1/23/2024 16:00,540,8.7,0,5.2,32
1/23/2024 17:00,794,5.7,0,8.8,54
1/23/2024 18:00,1150,3.1,0,8.2,70
1/23/2024 19:00,927,1.2,0,7.2,78
1/23/2024 20:00,599,0.1,0,6.5,84
1/23/2024 21:00,401,-0.6,0,5.5,87
1/23/2024 22:00,317,-2,0,7.9,88
1/23/2024 23:00,229,-0.4,0,5.8,85
1/24/2024 0:00,98,-1.6,0,8.9,86
1/24/2024 1:00,39,-2.8,0,7,89
1/24/2024 2:00,15,-0.2,0,4.5,89
1/24/2024 3:00,16,1.5,0,4.4,81
1/24/2024 4:00,8,1.3,0,3.9,89
1/24/2024 5:00,18,1.3,0,6.3,92
1/24/2024 6:00,65,1.9,0,6.5,94
1/24/2024 7:00,222,3.5,0,7.2,93
1/24/2024 8:00,602,2.8,0,7.6,95
1/24/2024 9:00,1081,1.1,0,5.1,95
1/24/2024 10:00,589,2.3,0,6.5,93
1/24/2024 11:00,344,5.1,0,4.7,85
1/24/2024 12:00,380,7.2,0,4.3,81
1/24/2024 13:00,394,7.9,0.1,4.4,82
1/24/2024 14:00,375,8.2,0,4.7,84
1/24/2024 15:00,450,10.2,0,3.8,81
1/24/2024 16:00,636,11.9,0,4.7,80
1/24/2024 17:00,795,12,0,5.4,83
1/24/2024 18:00,1229,9.9,0,7,90
1/24/2024 19:00,1067,8.7,0,8.7,92
1/24/2024 20:00,740,11,0,10,89
1/24/2024 21:00,516,7.6,0,7.7,93
1/24/2024 22:00,450,7.8,0,8.5,92
1/24/2024 23:00,279,10.4,0,11.6,91
1/25/2024 0:00,175,11.2,0.2,13.4,91
1/25/2024 1:00,92,11.7,0.1,14.2,92
1/25/2024 2:00,26,12,0,14.4,92
1/25/2024 3:00,13,12.3,0.1,14.1,94
1/25/2024 4:00,5,12.8,0.7,13.2,95
1/25/2024 5:00,14,12.9,1,11.6,96
1/25/2024 6:00,64,13.6,0.6,14.2,97
1/25/2024 7:00,155,14.2,0.8,13.7,97
1/25/2024 8:00,462,14.5,0.7,13.4,98
1/25/2024 9:00,923,15.3,0.4,14.8,98
1/25/2024 10:00,600,15.9,0.1,16.8,97
1/25/2024 11:00,346,16.6,0.1,16.4,97
1/25/2024 12:00,336,18,0.2,16.3,93
1/25/2024 13:00,415,17.1,0.4,13.4,96
1/25/2024 14:00,422,17.8,0.2,12.4,92
1/25/2024 15:00,462,18.8,0,13.1,87
1/25/2024 16:00,651,18.8,0,8.4,87
1/25/2024 17:00,719,18.5,0,5.5,89
1/25/2024 18:00,991,16.5,0.1,5.5,94
1/25/2024 19:00,866,15.3,0.1,3.2,96
1/25/2024 20:00,683,14.6,0.1,4.4,98
1/25/2024 21:00,442,15.1,0.4,4.3,99
1/25/2024 22:00,454,15.3,0.3,6.8,99
1/25/2024 23:00,268,15.4,0,5.9,99
1/26/2024 0:00,214,16,0.1,10.2,100
1/26/2024 1:00,97,16.4,0,10.8,99
1/26/2024 2:00,49,16.1,0,10.5,100
1/26/2024 3:00,32,16.3,0,10.9,99
1/26/2024 4:00,20,16.5,0,13.2,99
1/26/2024 5:00,23,16.8,0,15.9,98
1/26/2024 6:00,69,17.1,0,19.7,97
1/26/2024 7:00,220,17.5,0,21,96
1/26/2024 8:00,462,17.7,0,20.4,95
1/26/2024 9:00,760,18.3,0,17.7,96
1/26/2024 10:00,613,19,0,14.9,95
1/26/2024 11:00,461,19,0.1,13.7,97
1/26/2024 12:00,613,20.2,0.2,18,91
1/26/2024 13:00,800,21.9,0.1,15.9,81
1/26/2024 14:00,799,23,0,14.4,63
1/26/2024 15:00,923,23.2,0,14.3,60
1/26/2024 16:00,1115,22.5,0,13.8,57
1/26/2024 17:00,1343,21.3,0,10.5,60
1/26/2024 18:00,1515,18.7,0,9.3,67
1/26/2024 19:00,1122,16.4,0,10,71
1/26/2024 20:00,862,15,0,13.5,75
1/26/2024 21:00,654,14.9,0,9.8,71
1/26/2024 22:00,541,13.8,0,9.4,74
1/26/2024 23:00,450,13.6,0,11.3,71
1/27/2024 0:00,454,12.2,0,7.6,76
1/27/2024 1:00,324,10.6,0,7,83
1/27/2024 2:00,229,9.3,0,5.9,90
1/27/2024 3:00,159,8.5,0,5.8,92
1/27/2024 4:00,60,7.6,0,6.2,95
1/27/2024 5:00,27,7.4,0,6.1,95
1/27/2024 6:00,48,7.1,0,6.6,95
1/27/2024 7:00,94,6.7,0,7.1,95
1/27/2024 8:00,165,6.2,0,7.2,95
1/27/2024 9:00,342,7.3,0,6,97
1/27/2024 10:00,569,10.3,0,3.3,87
1/27/2024 11:00,760,12.1,0,3.8,79
1/27/2024 12:00,1028,12.7,0,4.4,75
1/27/2024 13:00,1137,13.3,0,3,72
1/27/2024 14:00,1093,13.9,0,2.7,69
1/27/2024 15:00,1166,13.9,0,3.3,68
1/27/2024 16:00,1102,13.9,0,6,67
1/27/2024 17:00,1072,13.9,0,4.4,67
1/27/2024 18:00,922,13,0,4.4,73
1/27/2024 19:00,724,12.4,0,11.2,71
1/27/2024 20:00,573,11.4,0,10.1,71
1/27/2024 21:00,465,11,0,11.2,70
1/27/2024 22:00,258,10.4,0,13.8,74
1/27/2024 23:00,158,8.9,0.9,12.8,87
1/28/2024 0:00,83,8,1.9,16.7,92
1/28/2024 1:00,94,7.1,2.4,14.4,95
1/28/2024 2:00,44,6.5,3.4,10.7,97
1/28/2024 3:00,25,6.4,4,6.5,95
1/28/2024 4:00,11,6,3.7,11.4,96
1/28/2024 5:00,13,5.4,3.8,17.8,98
1/28/2024 6:00,12,5.1,4.1,16.5,97
1/28/2024 7:00,26,5.1,2.7,14,96
1/28/2024 8:00,77,5.1,0.8,18.1,96
1/28/2024 9:00,193,5.1,0.1,14.5,97
1/28/2024 10:00,294,5.4,0.1,15.5,94
1/28/2024 11:00,470,5.7,0,17.8,92
1/28/2024 12:00,495,6.4,0,17.1,88
1/28/2024 13:00,515,6.7,0.1,13.3,87
1/28/2024 14:00,589,6.8,0.1,11.9,86
1/28/2024 15:00,667,6.9,0.1,11.5,86
1/28/2024 16:00,575,7,0.1,12.7,85
1/28/2024 17:00,599,7,0,11.7,85
1/28/2024 18:00,409,6.9,0,9.3,85
1/28/2024 19:00,459,6.6,0.2,9.6,88
1/28/2024 20:00,227,6.2,0.3,9.7,90
1/28/2024 21:00,173,6.6,0.7,9.3,93
1/28/2024 22:00,174,6.2,1,11,92
1/28/2024 23:00,191,5.8,0.4,11.2,92
1/29/2024 0:00,96,5.3,0,13.8,92
1/29/2024 1:00,39,5,0,15.5,91
1/29/2024 2:00,24,4.7,0,16.8,91
1/29/2024 3:00,22,4.6,0,17.1,90
1/29/2024 4:00,9,4.5,0.1,18.6,87
1/29/2024 5:00,15,4.1,0,17.2,86
1/29/2024 6:00,80,3.8,0,17.9,85
1/29/2024 7:00,227,3.6,0,19.2,81
1/29/2024 8:00,522,4,0,20.3,76
1/29/2024 9:00,918,4.6,0,19.3,76
1/29/2024 10:00,548,5.3,0,23.4,71
1/29/2024 11:00,352,5.8,0,25.1,64
1/29/2024 12:00,394,6.7,0,26.6,57
1/29/2024 13:00,475,7.9,0,25.9,52
1/29/2024 14:00,453,8.4,0,24.6,51
1/29/2024 15:00,445,8.1,0,23.4,51
1/29/2024 16:00,599,7.9,0,23.2,50
1/29/2024 17:00,726,7.7,0,23.5,50
1/29/2024 18:00,1133,6.6,0,17.3,53
1/29/2024 19:00,904,5.2,0,14.2,58
1/29/2024 20:00,634,4.2,0,11.4,62
1/29/2024 21:00,442,3.7,0,12.2,66
1/29/2024 22:00,355,3.1,0,11.4,70
1/29/2024 23:00,203,3.2,0,10.9,70
1/30/2024 0:00,111,4,0,10.6,68
1/30/2024 1:00,42,4.2,0,10.5,67
1/30/2024 2:00,16,4.2,0,11.8,67
1/30/2024 3:00,8,4.1,0,11.1,67
1/30/2024 4:00,7,3.7,0,8.9,68
1/30/2024 5:00,21,3.5,0,7.1,69
1/30/2024 6:00,74,3,0,4.4,72
1/30/2024 7:00,291,2.5,0,3.9,83
1/30/2024 8:00,621,2.2,0,6.5,82
1/30/2024 9:00,1157,3.4,0,9.2,74
1/30/2024 10:00,620,3.5,0,10,70
1/30/2024 11:00,314,4.2,0,9.4,67
1/30/2024 12:00,369,4.9,0,9,64
1/30/2024 13:00,440,5.2,0,9.7,63
1/30/2024 14:00,433,5.8,0,9.2,61
1/30/2024 15:00,438,6.2,0,8.7,60
1/30/2024 16:00,604,6.5,0,9.1,58
1/30/2024 17:00,816,6.3,0,9.4,58
1/30/2024 18:00,1259,5.9,0,8.3,60
1/30/2024 19:00,1029,5.3,0,6.5,63
1/30/2024 20:00,707,4.5,0,10.2,65
1/30/2024 21:00,452,3.5,0,10.2,64
1/30/2024 22:00,369,3.1,0,10,66
1/30/2024 23:00,265,2.9,0,10,67
1/31/2024 0:00,141,2.9,0,8.5,70
1/31/2024 1:00,47,2.6,0,6.8,74
1/31/2024 2:00,18,2.3,0,5.6,77
1/31/2024 3:00,10,2.3,0,5.2,79
1/31/2024 4:00,11,1.7,0,4,85
1/31/2024 5:00,17,1,0,4,89
1/31/2024 6:00,75,0.2,0,5.4,92
1/31/2024 7:00,244,1,0,4.1,91
1/31/2024 8:00,625,1.7,0,4.4,88
1/31/2024 9:00,1141,2.7,0.1,6.4,85
1/31/2024 10:00,592,3.1,0.1,7.6,85
1/31/2024 11:00,332,4.1,0,6,83
1/31/2024 12:00,373,6,0,6.8,74
1/31/2024 13:00,438,6.8,0,4.7,70
1/31/2024 14:00,432,7,0,2.4,69
1/31/2024 15:00,415,7,0,3,69
1/31/2024 16:00,652,7.1,0,4.7,68
1/31/2024 17:00,833,7,0,5.8,68
1/31/2024 18:00,1252,6.6,0,2.9,74
1/31/2024 19:00,1070,5.6,0,4.4,81
1/31/2024 20:00,719,4.8,0,4.3,84
1/31/2024 21:00,489,2.7,0,3.9,88
1/31/2024 22:00,367,1.3,0,6.7,93
1/31/2024 23:00,278,0.7,0,6.4,94
2/1/2024 0:00,147,-0.2,0,6,95
2/1/2024 1:00,51,-0.3,0,5.9,94
2/1/2024 2:00,31,-0.9,0,7.3,95
2/1/2024 3:00,10,-1.2,0,7,95
2/1/2024 4:00,9,-0.9,0,6.3,95
2/1/2024 5:00,21,0.3,0,9.3,93
2/1/2024 6:00,82,0.7,0,9.2,93
2/1/2024 7:00,256,0.6,0,9.8,93
2/1/2024 8:00,589,0.8,0,10.5,91
2/1/2024 9:00,1118,1.1,0,7.2,92
2/1/2024 10:00,668,3.7,0,6.1,85
2/1/2024 11:00,374,6.1,0,6,77
2/1/2024 12:00,415,8.1,0,7.7,67
2/1/2024 13:00,537,9.5,0,9.4,62
2/1/2024 14:00,472,10.3,0,9.2,60
2/1/2024 15:00,544,10.9,0,8.9,58
2/1/2024 16:00,752,11.2,0,8.7,56
2/1/2024 17:00,918,11,0,8.4,57
2/1/2024 18:00,1403,8.8,0,5.6,69
2/1/2024 19:00,1094,6.7,0,8.2,75
2/1/2024 20:00,853,5.9,0,8.6,78
2/1/2024 21:00,566,7.1,0,8.6,71
2/1/2024 22:00,510,6.5,0,7.3,73
2/1/2024 23:00,342,6.1,0,6.8,75
2/2/2024 0:00,211,5,0,6.5,82
2/2/2024 1:00,97,5.1,0,5.2,82
2/2/2024 2:00,61,6,0,4.5,77
2/2/2024 3:00,41,6.3,0.1,7.8,76
2/2/2024 4:00,16,6.5,0,7.9,79
2/2/2024 5:00,21,6.4,0.5,6.2,83
2/2/2024 6:00,66,5.9,0.4,4.3,88
2/2/2024 7:00,208,6.2,0,5.2,86
2/2/2024 8:00,433,6.4,0,10,84
2/2/2024 9:00,853,6.9,0,3.1,89
2/2/2024 10:00,600,8.5,0,8.5,83
2/2/2024 11:00,426,9.4,0,18.5,77
2/2/2024 12:00,513,9.2,0.1,21.4,71
2/2/2024 13:00,589,9.9,0,22,61
2/2/2024 14:00,526,10.4,0,19.6,55
2/2/2024 15:00,642,10.7,0,20.3,51
2/2/2024 16:00,793,10.1,0,20.5,49
2/2/2024 17:00,853,9.3,0,17.9,51
2/2/2024 18:00,1118,8.7,0,14.7,51
2/2/2024 19:00,984,8.2,0,15.6,49
2/2/2024 20:00,640,7.2,0,13.8,51
2/2/2024 21:00,480,6,0,9.1,57
2/2/2024 22:00,390,5.5,0,11,58
2/2/2024 23:00,333,5.5,0,12.6,60
2/3/2024 0:00,269,4.9,0,13.3,63
2/3/2024 1:00,235,3.6,0,13.7,68
2/3/2024 2:00,131,2.7,0,13,66
2/3/2024 3:00,94,2,0,12.8,67
2/3/2024 4:00,38,1.4,0,13.5,69
2/3/2024 5:00,27,0.7,0,13.8,72
2/3/2024 6:00,27,0.2,0,13.7,73
2/3/2024 7:00,98,-0.3,0,11.9,76
2/3/2024 8:00,159,-0.7,0,11,78
2/3/2024 9:00,294,0.9,0,9.9,76
2/3/2024 10:00,539,3.1,0,9.6,70
2/3/2024 11:00,655,4.6,0,12.3,63
2/3/2024 12:00,797,5.9,0,11.3,59
2/3/2024 13:00,929,7,0,10.7,56
2/3/2024 14:00,1028,7.9,0,9.9,54
2/3/2024 15:00,1055,8.5,0,9.5,53
2/3/2024 16:00,1143,8.7,0,8.8,52
2/3/2024 17:00,1086,8.6,0,8.7,51
2/3/2024 18:00,968,6.6,0,5.2,68
2/3/2024 19:00,707,3.4,0,8.9,76
2/3/2024 20:00,465,3,0,6,76
2/3/2024 21:00,425,2.4,0,7.3,72
2/3/2024 22:00,331,1.1,0,8.7,78
2/3/2024 23:00,354,0.5,0,7.2,79
2/4/2024 0:00,305,0,0,5.5,80
2/4/2024 1:00,257,-0.2,0,5.2,80
2/4/2024 2:00,190,-0.6,0,5.9,80
2/4/2024 3:00,94,-0.8,0,6.5,80
2/4/2024 4:00,49,-1.2,0,6.2,81
2/4/2024 5:00,28,-1.9,0,6.1,83
2/4/2024 6:00,22,-2.3,0,6.3,84
2/4/2024 7:00,48,-2.8,0,6.5,85
2/4/2024 8:00,112,-2.9,0,5.4,84
2/4/2024 9:00,225,-1.2,0,7.6,79
2/4/2024 10:00,422,1.7,0,5.6,70
2/4/2024 11:00,645,4.5,0,5.1,60
2/4/2024 12:00,757,6.3,0,5.5,52
2/4/2024 13:00,833,7.5,0,2.4,49
2/4/2024 14:00,1013,8.4,0,0.5,48
2/4/2024 15:00,1064,9.1,0,1.1,46
2/4/2024 16:00,1039,9.4,0,2.2,45
2/4/2024 17:00,1024,9.2,0,3.2,46
2/4/2024 18:00,893,6.9,0,6.6,70
2/4/2024 19:00,630,3.5,0,9,73
2/4/2024 20:00,429,2.4,0,7.2,77
2/4/2024 21:00,303,2.5,0,7.6,76
2/4/2024 22:00,216,1.6,0,7.9,80
2/4/2024 23:00,188,1,0,8.1,80
2/5/2024 0:00,103,0.6,0,6.6,81
2/5/2024 1:00,43,-0.4,0,8.7,85
2/5/2024 2:00,23,0.8,0,3.1,77
2/5/2024 3:00,13,-1.1,0,5.4,86
2/5/2024 4:00,8,-1.2,0,6.8,87
2/5/2024 5:00,14,-1.2,0,10,86
2/5/2024 6:00,72,-0.8,0,10.1,78
2/5/2024 7:00,228,-0.7,0,9.4,71
2/5/2024 8:00,539,-0.9,0,9.5,70
2/5/2024 9:00,990,0.1,0,10,68
2/5/2024 10:00,541,2.5,0,8.5,64
2/5/2024 11:00,344,4.8,0,7.9,57
2/5/2024 12:00,419,6.4,0,7.4,53
2/5/2024 13:00,494,7.6,0,6.4,50
2/5/2024 14:00,526,8.4,0,5.4,49
2/5/2024 15:00,526,8.8,0,5.2,48
2/5/2024 16:00,695,9.1,0,5.8,47
2/5/2024 17:00,855,9,0,7.6,48
2/5/2024 18:00,1250,7.6,0,7.6,55
2/5/2024 19:00,1048,4.8,0,8.2,66
2/5/2024 20:00,687,2.4,0,6.1,80
2/5/2024 21:00,474,2.3,0,8,77
2/5/2024 22:00,334,2.1,0,10.8,74
2/5/2024 23:00,255,1.6,0,11.2,73
2/6/2024 0:00,119,1,0,10.5,76
2/6/2024 1:00,31,0.7,0,10.2,75
2/6/2024 2:00,22,0.4,0,11.2,72
2/6/2024 3:00,12,0.2,0,12.1,67
2/6/2024 4:00,6,-0.1,0,12.7,65
2/6/2024 5:00,22,-1,0,11,68
2/6/2024 6:00,82,-1.8,0,10,69
2/6/2024 7:00,259,-2.3,0,10.6,69
2/6/2024 8:00,662,-2.8,0,10.2,71
2/6/2024 9:00,1256,-1,0,10.9,76
2/6/2024 10:00,587,1,0,10.1,68
2/6/2024 11:00,355,2.5,0,13.7,57
2/6/2024 12:00,384,3.7,0,13.3,51
2/6/2024 13:00,446,4.7,0,13.2,48
2/6/2024 14:00,450,5.3,0,12.8,45
2/6/2024 15:00,494,5.7,0,12.1,44
2/6/2024 16:00,651,5.8,0,10.3,44
2/6/2024 17:00,913,5.6,0,9.1,44
2/6/2024 18:00,1391,4.1,0,4.6,57
2/6/2024 19:00,1070,1.4,0,8.2,63
2/6/2024 20:00,702,2,0,5.9,58
2/6/2024 21:00,518,1.9,0,4,58
2/6/2024 22:00,425,-1.1,0,4.6,77
2/6/2024 23:00,246,-1.3,0,6,78
2/7/2024 0:00,123,-1.6,0,7,75
2/7/2024 1:00,56,-1.8,0,7.5,72
2/7/2024 2:00,24,-2,0,7,72
2/7/2024 3:00,10,-2.2,0,7.4,74
2/7/2024 4:00,10,-2.3,0,8.7,75
2/7/2024 5:00,13,-2.3,0,7.6,74
2/7/2024 6:00,96,-2.5,0,6.9,76
2/7/2024 7:00,262,-2.9,0,6.6,79
2/7/2024 8:00,703,-3.2,0,5.8,81
2/7/2024 9:00,1282,-1.5,0,7.6,73
2/7/2024 10:00,623,2,0,4,55
2/7/2024 11:00,370,4.4,0,4.8,53
2/7/2024 12:00,434,6.1,0,5.1,48
2/7/2024 13:00,527,7.2,0,5.2,46
2/7/2024 14:00,525,7.9,0,2.9,45
2/7/2024 15:00,552,8.4,0,1.9,45
2/7/2024 16:00,751,8.7,0,1.9,44
2/7/2024 17:00,976,8.5,0,3.7,46
2/7/2024 18:00,1482,8.1,0,2.9,45
2/7/2024 19:00,1170,7.1,0,4.4,48
2/7/2024 20:00,768,2.3,0,7.8,69
2/7/2024 21:00,561,5.6,0,4.6,56
2/7/2024 22:00,491,4.6,0,4.9,60
2/7/2024 23:00,332,0,0,9,81
2/8/2024 0:00,165,-0.3,0,6.6,82
2/8/2024 1:00,74,-0.6,0,6.4,83
2/8/2024 2:00,21,-1.5,0,10.3,85
2/8/2024 3:00,16,-1.4,0,9.1,84
2/8/2024 4:00,7,-0.9,0,8,82
2/8/2024 5:00,10,-2.1,0,9.2,87
2/8/2024 6:00,83,-2,0,8.2,87
2/8/2024 7:00,252,-1.2,0,7.1,85
2/8/2024 8:00,617,-2.2,0,5.8,88
2/8/2024 9:00,1266,-0.6,0,8,84
2/8/2024 10:00,686,2.3,0,4.1,77
2/8/2024 11:00,458,5.4,0,4.9,69
2/8/2024 12:00,453,8.1,0,7.2,61
2/8/2024 13:00,571,10.2,0,9.8,50
2/8/2024 14:00,557,11.2,0,10.4,45
2/8/2024 15:00,563,11.8,0,10.8,44
2/8/2024 16:00,868,11.5,0,10.2,46
2/8/2024 17:00,985,10.8,0,10.4,49
2/8/2024 18:00,1454,8.9,0,7.9,57
2/8/2024 19:00,1118,5.6,0,8,66
2/8/2024 20:00,825,4.7,0,8.7,71
2/8/2024 21:00,578,5.2,0,10,69
2/8/2024 22:00,487,4.8,0,9.4,72
2/8/2024 23:00,346,3.9,0,8.8,77
2/9/2024 0:00,194,3.7,0,9.2,79
2/9/2024 1:00,87,3.7,0,9.8,79
2/9/2024 2:00,47,3.6,0,9.6,80
2/9/2024 3:00,25,3.7,0,8.7,79
2/9/2024 4:00,10,4,0,8.6,77
2/9/2024 5:00,16,3.3,0,9.6,80
2/9/2024 6:00,68,3.6,0,8.3,79
2/9/2024 7:00,256,3.3,0,6.8,81
2/9/2024 8:00,546,2.8,0,6.3,84
2/9/2024 9:00,890,4.6,0,3.8,80
2/9/2024 10:00,621,6.5,0,5.2,73
2/9/2024 11:00,477,8.8,0,5.9,66
2/9/2024 12:00,580,11,0,5.4,62
2/9/2024 13:00,740,13,0,6.5,57
2/9/2024 14:00,765,14.8,0,7.2,52
2/9/2024 15:00,813,15.9,0,7.6,50
2/9/2024 16:00,1107,16.4,0,8.6,48
2/9/2024 17:00,1246,16.1,0,6.6,52
2/9/2024 18:00,1471,13.7,0,6.6,64
2/9/2024 19:00,1083,10.3,0,7.5,71
2/9/2024 20:00,827,9.3,0,7.6,75
2/9/2024 21:00,573,9.3,0,8,69
2/9/2024 22:00,451,9.3,0,8.8,74
2/9/2024 23:00,424,9.2,0,9.7,76
2/10/2024 0:00,429,8.6,0,8.6,79
2/10/2024 1:00,269,7.8,0,7.7,84
2/10/2024 2:00,213,7.2,0,7.1,87
2/10/2024 3:00,78,6.6,0,6.9,90
2/10/2024 4:00,68,5.9,0,6.5,93
2/10/2024 5:00,23,6.1,0,7.1,93
2/10/2024 6:00,42,5.1,0,8.9,96
2/10/2024 7:00,101,5.6,0,5.6,96
2/10/2024 8:00,197,5.3,0,6.4,97
2/10/2024 9:00,376,8.3,0,6.3,90
2/10/2024 10:00,735,10.4,0,6.5,85
2/10/2024 11:00,899,13.2,0,5.1,79
2/10/2024 12:00,1021,15.5,0,5.2,74
2/10/2024 13:00,988,15,0,8.6,78
2/10/2024 14:00,1131,15.4,0.2,11.2,77
2/10/2024 15:00,1260,14.9,0.4,18.8,80
2/10/2024 16:00,1266,16.4,0,14.2,75
2/10/2024 17:00,1156,15.2,0,9.5,78
2/10/2024 18:00,1037,14.1,0,11,82
2/10/2024 19:00,858,13.3,0,10.6,90
2/10/2024 20:00,662,13,0,10.5,94
2/10/2024 21:00,480,12.6,0,9.7,91
2/10/2024 22:00,446,13,0,11.9,87
2/10/2024 23:00,433,12.6,0,9,88
2/11/2024 0:00,417,11.9,0,6.8,91
2/11/2024 1:00,317,11,0,6,94
2/11/2024 2:00,224,10.8,0,10,95
2/11/2024 3:00,114,10.9,0,10.7,93
2/11/2024 4:00,56,11.6,0,11.6,86
2/11/2024 5:00,31,11.7,0,8.9,88
2/11/2024 6:00,36,11.3,0,10.5,91
2/11/2024 7:00,78,10.7,0.1,11.9,90
2/11/2024 8:00,88,9.7,0.2,6.6,87
2/11/2024 9:00,147,11.3,0.5,9.2,94
2/11/2024 10:00,247,11,0.8,9.5,94
2/11/2024 11:00,334,10.9,0.8,9.6,94
2/11/2024 12:00,533,10.5,0.7,12.9,93
2/11/2024 13:00,645,10.4,0.5,13.2,92
2/11/2024 14:00,455,10.2,0.7,12.1,91
2/11/2024 15:00,653,9.8,1.2,10,92
2/11/2024 16:00,707,10,1,5.6,90
2/11/2024 17:00,736,9.8,0.7,7,90
2/11/2024 18:00,896,9.7,0.1,4.9,90
2/11/2024 19:00,658,9.2,0,2.6,94
2/11/2024 20:00,314,8.9,0,4.2,96
2/11/2024 21:00,255,9.6,0,1,92
2/11/2024 22:00,231,9.5,0,1.8,93
2/11/2024 23:00,282,9.6,0.1,1.8,91
2/12/2024 0:00,462,9.1,0,2.6,95
2/12/2024 1:00,64,8.8,0,2.9,96
2/12/2024 2:00,31,8.6,0,4,95
2/12/2024 3:00,20,8.9,0,1.8,92
2/12/2024 4:00,8,8.7,0,2.1,93
2/12/2024 5:00,18,8.2,0,2.3,97
2/12/2024 6:00,69,8.2,0,2.3,97
2/12/2024 7:00,220,8.2,0,4.5,97
2/12/2024 8:00,532,8,0,3.6,96
2/12/2024 9:00,979,7.9,0,4.4,94
2/12/2024 10:00,579,8.4,0,6.1,92
2/12/2024 11:00,367,9.2,0,6.1,86
2/12/2024 12:00,404,9.7,0,6,84
2/12/2024 13:00,473,9.8,0.1,7.3,84
2/12/2024 14:00,472,10.1,0,7.1,82
2/12/2024 15:00,489,10.2,0,10,79
2/12/2024 16:00,707,10.2,0,8.7,78
2/12/2024 17:00,828,10,0,9.4,76
2/12/2024 18:00,779,9.4,0,9,77
2/12/2024 19:00,517,9,0,9.5,78
2/12/2024 20:00,426,8.6,0.1,9.9,81
2/12/2024 21:00,310,7.3,0.5,10.2,95
2/12/2024 22:00,237,7.1,0.3,10.1,96
2/12/2024 23:00,119,7,0.4,13.2,97
2/13/2024 0:00,79,6.8,0.2,13.4,97
2/13/2024 1:00,19,6.3,0.1,14.8,97
2/13/2024 2:00,14,5.9,1.4,15.5,97
2/13/2024 3:00,8,5.5,0.9,15.8,97
2/13/2024 4:00,3,5,2.7,14.6,98
2/13/2024 5:00,12,4.7,3.3,15.3,98
2/13/2024 6:00,38,4.7,4.1,16.3,97
2/13/2024 7:00,176,4.5,4.6,21.1,94
2/13/2024 8:00,373,3.6,2,21.6,95
2/13/2024 9:00,412,2.6,0.7,20.2,96
2/13/2024 10:00,235,2.1,2.5,22.6,99
2/13/2024 11:00,239,2.5,1.3,20.3,97
2/13/2024 12:00,341,4.2,0.1,23.1,86
2/13/2024 13:00,433,6.4,0,27.2,70
2/13/2024 14:00,425,8,0,26.2,54
2/13/2024 15:00,478,8.9,0,25.7,43
2/13/2024 16:00,703,8.5,0,26.8,43
2/13/2024 17:00,873,8.1,0,27.4,40
2/13/2024 18:00,1429,6.9,0,20.7,44
2/13/2024 19:00,1102,5.6,0,14.8,46
2/13/2024 20:00,788,4.9,0,13.6,49
2/13/2024 21:00,505,4,0,5.8,60
2/13/2024 22:00,420,2.1,0,6.2,70
2/13/2024 23:00,311,1.1,0,6.4,75
2/14/2024 0:00,152,2.4,0.1,8.7,70
2/14/2024 1:00,64,4.2,0,14.6,62
2/14/2024 2:00,29,2.9,0,10.5,66
2/14/2024 3:00,11,2,0,7.7,67
2/14/2024 4:00,5,1.5,0,6.6,64
2/14/2024 5:00,18,1.7,0,7.7,60
2/14/2024 6:00,74,1.1,0,7.2,61
2/14/2024 7:00,311,0.1,0,7,66
2/14/2024 8:00,643,-0.7,0,7.8,70
2/14/2024 9:00,1262,1.8,0,10.6,64
2/14/2024 10:00,731,3.5,0,18.3,49
2/14/2024 11:00,420,4.1,0,22.7,45
2/14/2024 12:00,482,4.3,0,24.2,44
2/14/2024 13:00,524,4.9,0,24.7,43
2/14/2024 14:00,526,5.3,0,21.2,42
2/14/2024 15:00,501,5.7,0,17.6,41
2/14/2024 16:00,777,6.1,0,15.3,40
2/14/2024 17:00,1033,5.8,0,15.3,40
2/14/2024 18:00,1439,5,0,10.7,44
2/14/2024 19:00,1101,2.3,0,7.8,53
2/14/2024 20:00,672,1.1,0,8.4,58
2/14/2024 21:00,436,0.4,0,9,61
2/14/2024 22:00,328,-0.6,0,7.9,64
2/14/2024 23:00,249,-1.9,0,6.2,72
2/15/2024 0:00,183,-2.1,0,6.6,74
2/15/2024 1:00,87,-1.9,0,8.9,71
2/15/2024 2:00,40,-2,0,9.2,69
2/15/2024 3:00,26,-2.6,0,7,70
2/15/2024 4:00,7,-3.1,0,6.4,72
2/15/2024 5:00,17,-3.4,0,6,74
2/15/2024 6:00,65,-3.8,0,5.4,76
2/15/2024 7:00,245,-4.3,0,7.2,79
2/15/2024 8:00,570,-4.3,0,6.6,80
2/15/2024 9:00,1129,-2,0,2.6,78
2/15/2024 10:00,668,0.4,0,3.7,66
2/15/2024 11:00,388,2.3,0,6.8,57
2/15/2024 12:00,490,3.6,0,8.6,54
2/15/2024 13:00,485,5.5,0,11.3,52
2/15/2024 14:00,508,6.9,0,15.1,50
2/15/2024 15:00,586,7.6,0,15.9,53
2/15/2024 16:00,758,8.5,0,17.8,50
2/15/2024 17:00,905,9.3,0,18.4,48
2/15/2024 18:00,1314,8.6,0,18.4,53
2/15/2024 19:00,1068,7.8,0,17.8,59
2/15/2024 20:00,777,7.6,0,14.9,64
2/15/2024 21:00,527,4.9,0,7.2,76
2/15/2024 22:00,439,5,0,8.6,78
2/15/2024 23:00,366,5.2,0,12.3,78
2/16/2024 0:00,200,6.6,0,15.1,70
2/16/2024 1:00,93,7.2,0,20.1,71
2/16/2024 2:00,75,5.9,0,19.7,71
2/16/2024 3:00,33,4.7,0,22.1,63
2/16/2024 4:00,23,3.6,0,21.3,61
2/16/2024 5:00,32,2.8,0,20.4,60
2/16/2024 6:00,84,2.1,0,20.2,58
2/16/2024 7:00,203,1.4,0,20.1,56
2/16/2024 8:00,406,0.7,0,17.6,56
2/16/2024 9:00,721,3.2,0,11.4,57
2/16/2024 10:00,559,4.3,0,14.1,49
2/16/2024 11:00,439,5.1,0,13.4,47
2/16/2024 12:00,509,5.8,0,13,45
2/16/2024 13:00,632,6.4,0,11.2,45
2/16/2024 14:00,642,7.1,0,9.7,42
2/16/2024 15:00,743,7.5,0,9.8,41
2/16/2024 16:00,909,7.7,0,8.2,39
2/16/2024 17:00,982,7.4,0,6.6,38
2/16/2024 18:00,1067,6.9,0,1.3,59
2/16/2024 19:00,889,5.1,0,3.6,61
2/16/2024 20:00,647,3.9,0,5.4,57
2/16/2024 21:00,435,4.7,0,8,47
2/16/2024 22:00,343,3.5,0,9.5,53
2/16/2024 23:00,326,3,0,9.1,57
2/17/2024 0:00,293,3.1,0,10.5,57
2/17/2024 1:00,195,3.3,0.1,9.4,59
2/17/2024 2:00,112,2.7,0.4,10.8,67
2/17/2024 3:00,44,1.6,1.8,10,84
2/17/2024 4:00,15,1.2,2,11.6,88
2/17/2024 5:00,15,0.9,0.3,11.5,91
2/17/2024 6:00,27,1,0,9.7,91
2/17/2024 7:00,66,1.1,0,15.3,88
2/17/2024 8:00,135,1.2,0,15.9,87
2/17/2024 9:00,228,1.1,0,16.9,90
2/17/2024 10:00,331,1.5,0.1,20.9,78
2/17/2024 11:00,450,1.8,0,25,63
2/17/2024 12:00,551,1.7,0,25,52
2/17/2024 13:00,669,2,0,28.6,51
2/17/2024 14:00,629,1.7,0,25.4,51
2/17/2024 15:00,660,3.1,0,29,41
2/17/2024 16:00,606,2.6,0,27.6,42
2/17/2024 17:00,678,2.4,0,26,38
2/17/2024 18:00,538,1.7,0,19.8,41
2/17/2024 19:00,477,0.2,0,17.9,44
2/17/2024 20:00,370,-0.6,0,16.8,47
2/17/2024 21:00,266,-1.8,0,10,56
2/17/2024 22:00,216,-2.2,0,10.4,60
2/17/2024 23:00,244,-2.5,0,11.6,61
2/18/2024 0:00,220,-3,0,9.4,62
2/18/2024 1:00,168,-3.5,0,9.6,63
2/18/2024 2:00,153,-3.6,0,10.2,63
2/18/2024 3:00,88,-3.9,0,8.6,65
2/18/2024 4:00,41,-4.8,0,5.8,70
2/18/2024 5:00,25,-5.5,0,4.7,77
2/18/2024 6:00,29,-5.2,0,5.8,76
2/18/2024 7:00,59,-4.8,0,7,72
2/18/2024 8:00,105,-4.9,0,7,70
2/18/2024 9:00,199,-3.3,0,8.1,66
2/18/2024 10:00,357,-0.9,0,7.5,58
2/18/2024 11:00,516,1.6,0,11.1,50
2/18/2024 12:00,638,3.4,0,14.2,41
2/18/2024 13:00,766,5.2,0,16.2,37
2/18/2024 14:00,751,6.6,0,17.7,36
2/18/2024 15:00,817,7.6,0,17.8,34
2/18/2024 16:00,860,8.3,0,18.4,34
2/18/2024 17:00,806,8.5,0,17.3,33
2/18/2024 18:00,703,7.6,0,12.2,38
2/18/2024 19:00,546,4.3,0,9.7,45
2/18/2024 20:00,374,2.3,0,8.3,53
2/18/2024 21:00,274,1.4,0,8.6,59
2/18/2024 22:00,240,-0.6,0,7.2,70
2/18/2024 23:00,204,0.2,0,9.8,59
2/19/2024 0:00,184,2.5,0,12.2,40
2/19/2024 1:00,69,0.6,0,8.9,48
2/19/2024 2:00,59,-0.3,0,9.5,53
2/19/2024 3:00,26,-0.9,0,9.7,56
2/19/2024 4:00,14,-1.8,0,8.4,61
2/19/2024 5:00,21,-2.4,0,8.4,64
2/19/2024 6:00,40,-2.2,0,9.2,65
2/19/2024 7:00,122,-2.4,0,9.4,67
2/19/2024 8:00,199,-2.7,0,9.4,71
2/19/2024 9:00,301,-0.4,0,11.2,69
2/19/2024 10:00,374,2.3,0,8.7,62
2/19/2024 11:00,427,4.1,0,9.2,54
2/19/2024 12:00,586,5.1,0,9.2,50
2/19/2024 13:00,661,6,0,8.9,48
2/19/2024 14:00,742,6.8,0,8.9,46
2/19/2024 15:00,830,7.4,0,8.4,45
2/19/2024 16:00,859,7.6,0,6.4,45
2/19/2024 17:00,940,7.5,0,4.4,45
2/19/2024 18:00,846,6.3,0,2.8,66
2/19/2024 19:00,704,4.7,0,5.4,54
2/19/2024 20:00,509,0.9,0,8.4,72
2/19/2024 21:00,344,0.3,0,10.5,73
2/19/2024 22:00,324,-0.8,0,8,77
2/19/2024 23:00,200,-0.2,0,6.1,76
2/20/2024 0:00,96,0.2,0,3.4,76
2/20/2024 1:00,37,-2.7,0,6,86
2/20/2024 2:00,18,-2.4,0,6,84
2/20/2024 3:00,14,-2.5,0,6.6,83
2/20/2024 4:00,8,-1.8,0,7.9,81
2/20/2024 5:00,29,-2.2,0,7.4,86
2/20/2024 6:00,74,-3,0,6.1,88
2/20/2024 7:00,277,-3.1,0,7,88
2/20/2024 8:00,635,-3.2,0,7.6,85
2/20/2024 9:00,1079,-1.7,0,8.7,80
2/20/2024 10:00,588,0.7,0,7.9,71
2/20/2024 11:00,350,3,0,7.9,68
2/20/2024 12:00,409,4.9,0,8.3,64
2/20/2024 13:00,505,6.3,0,7.7,58
2/20/2024 14:00,493,7.3,0,7.3,55
2/20/2024 15:00,464,7.8,0,8.4,53
2/20/2024 16:00,686,7.9,0,9.7,52
2/20/2024 17:00,942,7.5,0,10.5,51
2/20/2024 18:00,1338,6.2,0,9.4,54
2/20/2024 19:00,1118,3.2,0,7.2,62
2/20/2024 20:00,655,1.1,0,7.3,73
2/20/2024 21:00,496,0.1,0,9.7,76
2/20/2024 22:00,372,0.5,0,8.6,73
2/20/2024 23:00,251,-0.1,0,9,81
2/21/2024 0:00,139,-0.8,0,7.8,88
2/21/2024 1:00,64,-1.6,0,6.7,90
2/21/2024 2:00,17,-2.7,0,7.6,91
2/21/2024 3:00,19,-2.9,0,7,92
2/21/2024 4:00,8,-3.4,0,7.1,93
2/21/2024 5:00,31,-3.4,0,6.2,93
2/21/2024 6:00,64,-3.8,0,7.9,93
2/21/2024 7:00,294,-3.7,0,5.6,93
2/21/2024 8:00,646,-3.8,0,6.4,93
2/21/2024 9:00,1259,-1,0,6.1,92
2/21/2024 10:00,706,1.4,0,5.4,80
2/21/2024 11:00,405,3.1,0,4.1,69
2/21/2024 12:00,449,4.7,0,6.1,57
2/21/2024 13:00,493,6.1,0,7.5,54
2/21/2024 14:00,562,7.1,0,7.8,52
2/21/2024 15:00,572,7.8,0,5.6,50
2/21/2024 16:00,737,8,0,6.8,48
2/21/2024 17:00,969,7.7,0,9.5,46
2/21/2024 18:00,1413,6.5,0,9.5,49
2/21/2024 19:00,1138,3.7,0,8.6,56
2/21/2024 20:00,693,1.9,0,7.1,67
2/21/2024 21:00,511,1.9,0,7.3,69
2/21/2024 22:00,409,1.7,0,11,76
2/21/2024 23:00,280,1.2,0,11.1,84
2/22/2024 0:00,140,0.4,0,9.4,89
2/22/2024 1:00,58,-0.3,0,7.4,91
2/22/2024 2:00,25,-0.9,0,6.6,92
2/22/2024 3:00,12,-1,0,6.3,93
2/22/2024 4:00,17,-1.6,0,5.8,95
2/22/2024 5:00,27,-1.9,0,6.5,96
2/22/2024 6:00,76,-1.6,0,5.9,98
2/22/2024 7:00,271,-1.4,0,7.2,98
2/22/2024 8:00,592,-1.6,0,6.8,97
2/22/2024 9:00,1142,0.7,0,11,95
2/22/2024 10:00,610,2.8,0,12,87
2/22/2024 11:00,376,5.4,0,11.6,76
2/22/2024 12:00,400,7.6,0,12.7,68
2/22/2024 13:00,440,8.8,0,12.2,62
2/22/2024 14:00,477,10.1,0,13.1,59
2/22/2024 15:00,524,11.4,0,11.9,56
2/22/2024 16:00,719,12.4,0,9.4,52
2/22/2024 17:00,899,11.9,0,3.6,70
2/22/2024 18:00,1367,11.1,0,5.7,63
2/22/2024 19:00,935,9.9,0,9.3,64
2/22/2024 20:00,677,8.1,0,9.3,72
2/22/2024 21:00,466,5.7,0.2,10.8,89
2/22/2024 22:00,442,5.7,0.1,5.2,90
2/22/2024 23:00,338,6.4,0,7.6,83
2/23/2024 0:00,190,7.6,0,13.4,76
2/23/2024 1:00,125,8.1,0,14.3,74
2/23/2024 2:00,50,8,0,13.2,73
2/23/2024 3:00,29,7.3,0,11.3,75
2/23/2024 4:00,14,8.6,0,9.7,71
2/23/2024 5:00,22,9,0,9.7,70
2/23/2024 6:00,68,8.2,0,8.9,76
2/23/2024 7:00,221,8.2,0,7.7,79
2/23/2024 8:00,520,7.1,0,6.1,87
2/23/2024 9:00,761,6.6,0.1,10.1,89
2/23/2024 10:00,464,7,0.1,8.2,90
2/23/2024 11:00,374,7.3,0.6,8.1,92
2/23/2024 12:00,425,8.1,0.3,10.1,88
2/23/2024 13:00,496,8.9,0.2,12.6,83
2/23/2024 14:00,512,9,0.4,13.4,82
2/23/2024 15:00,669,8.7,0.2,12.2,83
2/23/2024 16:00,797,9.9,0,14.9,74
2/23/2024 17:00,953,10.4,0,10.2,70
2/23/2024 18:00,1194,9.9,0,6.1,74
2/23/2024 19:00,1026,6.7,0,7.7,86
2/23/2024 20:00,745,6.1,0,6.7,86
2/23/2024 21:00,467,5,0,7,93
2/23/2024 22:00,444,4.4,0,6.2,94
2/23/2024 23:00,363,3.8,0,6.5,94
2/24/2024 0:00,319,3.3,0,6.6,95
2/24/2024 1:00,274,3.4,0,7.2,96
2/24/2024 2:00,157,4.2,0,14,92
2/24/2024 3:00,95,5,0,19.5,82
2/24/2024 4:00,38,4.4,0,17.8,86
2/24/2024 5:00,23,4.1,0,16.8,89
2/24/2024 6:00,30,3.8,0,16,93
2/24/2024 7:00,87,3.3,0,15.5,93
2/24/2024 8:00,197,2.8,0,13.2,94
2/24/2024 9:00,384,5.3,0,9.3,92
2/24/2024 10:00,627,7.3,0,10.9,80
2/24/2024 11:00,818,8.4,0,12.5,69
2/24/2024 12:00,895,9.1,0,13.9,61
2/24/2024 13:00,1015,9.9,0,13.4,55
2/24/2024 14:00,1128,10.1,0,12.4,52
2/24/2024 15:00,1106,10,0,12.2,50
2/24/2024 16:00,1018,10.2,0,12.4,48
2/24/2024 17:00,993,9.2,0,13.1,50
2/24/2024 18:00,789,7.8,0,13.1,54
2/24/2024 19:00,472,6.7,0,13,54
2/24/2024 20:00,387,5.8,0,12.2,53
2/24/2024 21:00,310,3.5,0.1,11.6,87
2/24/2024 22:00,296,2.7,0,10.6,89
2/24/2024 23:00,330,1.3,0,7,92
2/25/2024 0:00,295,0,0,6.4,93
2/25/2024 1:00,231,-1,0,8.2,88
2/25/2024 2:00,168,-2.3,0,7.9,79
2/25/2024 3:00,93,-3.4,0,7.1,76
2/25/2024 4:00,41,-4.4,0,5.6,79
2/25/2024 5:00,20,-5.1,0,6.6,82
2/25/2024 6:00,28,-5.3,0,6.5,82
2/25/2024 7:00,64,-5.2,0,6.1,79
2/25/2024 8:00,137,-4.1,0,4,71
2/25/2024 9:00,303,-2,0,2.3,73
2/25/2024 10:00,455,-0.2,0,3.5,57
2/25/2024 11:00,699,1.5,0,4.2,51
2/25/2024 12:00,778,3.2,0,5.1,48
2/25/2024 13:00,890,4.7,0,6.7,46
2/25/2024 14:00,997,6.2,0,7.5,43
2/25/2024 15:00,923,7.1,0,9,41
2/25/2024 16:00,895,7.4,0,10.7,41
2/25/2024 17:00,865,7.1,0,11.3,43
2/25/2024 18:00,793,6.3,0,9.7,47
2/25/2024 19:00,598,3.2,0,7.7,56
2/25/2024 20:00,432,2.5,0,9.2,57
2/25/2024 21:00,264,2.2,0,11.3,59
2/25/2024 22:00,227,1.3,0,9.8,67
2/25/2024 23:00,178,1.1,0,10.8,72
2/26/2024 0:00,126,1.4,0,12,73
2/26/2024 1:00,57,1.4,0,11.8,74
2/26/2024 2:00,26,1.4,0,12.2,74
2/26/2024 3:00,20,1.4,0,12.6,74
2/26/2024 4:00,10,1.5,0,12,74
2/26/2024 5:00,19,1.9,0,9.9,73
2/26/2024 6:00,68,2.7,0,8,71
2/26/2024 7:00,234,0.5,0,9.9,83
2/26/2024 8:00,565,0.7,0,7.1,83
2/26/2024 9:00,1049,3.7,0,8,77
2/26/2024 10:00,567,6.7,0,5.6,68
2/26/2024 11:00,426,9.4,0,4.7,63
2/26/2024 12:00,461,12,0,3.5,59
2/26/2024 13:00,577,14.4,0,3,55
2/26/2024 14:00,606,16.1,0,4.3,50
2/26/2024 15:00,684,17,0,6.2,47
2/26/2024 16:00,912,17.5,0,7.1,44
2/26/2024 17:00,1192,17.4,0,7.6,45
2/26/2024 18:00,1599,15.6,0,6.3,58
2/26/2024 19:00,1333,11.4,0,8.3,67
2/26/2024 20:00,796,9.3,0,9.2,78
2/26/2024 21:00,614,8.9,0,7.6,75
2/26/2024 22:00,454,7.8,0,6.9,81
2/26/2024 23:00,300,7.6,0,7.7,82
2/27/2024 0:00,138,8.3,0,9.4,81
2/27/2024 1:00,48,8.2,0,10.7,87
2/27/2024 2:00,34,7.8,0,10.1,90
2/27/2024 3:00,9,7.5,0,10,91
2/27/2024 4:00,8,7.6,0,11,91
2/27/2024 5:00,22,7.6,0,10.4,89
2/27/2024 6:00,85,7.2,0,9.5,88
2/27/2024 7:00,319,6.7,0,9.8,87
2/27/2024 8:00,836,6.7,0,10.5,83
2/27/2024 9:00,1412,8.6,0,12.1,75
2/27/2024 10:00,729,11.4,0,11.2,67
2/27/2024 11:00,466,14.1,0,15.9,58
2/27/2024 12:00,482,16.6,0,20.2,51
2/27/2024 13:00,585,17.1,0,21.5,49
2/27/2024 14:00,565,17.4,0,20.9,48
2/27/2024 15:00,418,17.4,0,22.5,50
2/27/2024 16:00,546,16.2,0.1,24.3,62
2/27/2024 17:00,798,15.9,0,24.7,68
2/27/2024 18:00,1362,15.8,0,23.7,66
2/27/2024 19:00,1135,15.8,0,21.7,66
2/27/2024 20:00,718,15.2,0,22.7,71
2/27/2024 21:00,578,13.6,0,17.7,88
2/27/2024 22:00,514,13.3,0,16.5,90
2/27/2024 23:00,284,13.2,0.1,16.6,92
2/28/2024 0:00,106,13.1,0.3,16.2,94
2/28/2024 1:00,46,13.5,0,16.9,93
2/28/2024 2:00,36,13.6,0,17.7,92
2/28/2024 3:00,12,13.7,0,19.6,92
2/28/2024 4:00,10,14,0,21,91
2/28/2024 5:00,18,14.5,0,19.9,89
2/28/2024 6:00,86,14.8,0,19.1,86
2/28/2024 7:00,275,15.1,0,20.7,84
2/28/2024 8:00,727,15.3,1.4,22.1,86
2/28/2024 9:00,1119,15.2,1.8,22.5,87
2/28/2024 10:00,388,15.8,1.4,27.4,87
2/28/2024 11:00,287,15.6,0.5,28.4,86
2/28/2024 12:00,325,16.4,0.1,25.1,83
2/28/2024 13:00,466,16.7,1.2,24.6,82
2/28/2024 14:00,476,18.5,0.2,25.8,74
2/28/2024 15:00,395,17.7,0.1,26.4,74
2/28/2024 16:00,473,16.5,0.5,26.4,80
2/28/2024 17:00,535,15.7,1.2,16.8,89
2/28/2024 18:00,918,15.7,0.7,25.6,92
2/28/2024 19:00,629,15.6,3.4,21.9,92
2/28/2024 20:00,334,13.9,2.5,27.5,88
2/28/2024 21:00,391,12.4,0.6,32.4,80
2/28/2024 22:00,333,10.9,0,29,60
2/28/2024 23:00,269,8,0,26.4,53
2/29/2024 0:00,133,4.9,0,27.7,47
2/29/2024 1:00,52,3,0,18.8,48
2/29/2024 2:00,19,2,0,21.8,45
2/29/2024 3:00,7,1,0,19.4,47
2/29/2024 4:00,8,0,0,12.8,48
2/29/2024 5:00,16,-1,0,12.5,50
2/29/2024 6:00,71,-1.6,0,15.9,49
2/29/2024 7:00,260,-1.9,0,17.5,48
2/29/2024 8:00,627,-2.3,0,15.7,49
2/29/2024 9:00,1173,0.3,0,14,48
2/29/2024 10:00,653,1.5,0,25,44
2/29/2024 11:00,359,2.9,0,26.4,41
2/29/2024 12:00,429,4.1,0,19.6,40
2/29/2024 13:00,521,5.4,0,15.5,37
2/29/2024 14:00,515,6.1,0,15.9,38
2/29/2024 15:00,545,6.7,0,14.9,37
2/29/2024 16:00,751,7.2,0,15.2,35
2/29/2024 17:00,921,7.3,0,15.3,33
2/29/2024 18:00,1403,6.8,0,12.2,35
2/29/2024 19:00,1135,4.5,0,7.3,41
2/29/2024 20:00,802,3.3,0,9.2,44
2/29/2024 21:00,570,2.7,0,7.9,46
2/29/2024 22:00,453,2.4,0,9.3,45
2/29/2024 23:00,339,2.3,0,11.3,41
3/1/2024 0:00,191,2,0,11.1,42
3/1/2024 1:00,107,0.7,0,7.3,50
3/1/2024 2:00,71,-0.6,0,7.6,59
3/1/2024 3:00,39,-0.1,0,7.8,55
3/1/2024 4:00,16,0.6,0,2.8,52
3/1/2024 5:00,32,-0.6,0,5.9,61
3/1/2024 6:00,72,-1.4,0,7.4,66
3/1/2024 7:00,238,-3.2,0,8.8,77
3/1/2024 8:00,497,-2.3,0,6,75
3/1/2024 9:00,847,1,0,6.9,55
3/1/2024 10:00,589,4.4,0,7.6,48
3/1/2024 11:00,476,6.2,0,12,45
3/1/2024 12:00,535,7.2,0,14.2,40
3/1/2024 13:00,718,8.2,0,14.2,37
3/1/2024 14:00,706,9.3,0,14.3,36
3/1/2024 15:00,796,10.3,0,14.8,36
3/1/2024 16:00,973,10.6,0,15.1,36
3/1/2024 17:00,1065,10,0,14.7,42
3/1/2024 18:00,1262,8.6,0,13.8,49
3/1/2024 19:00,1039,7.2,0,13.2,52
3/1/2024 20:00,652,6.5,0,13,58
3/1/2024 21:00,452,6.4,0.3,13,68
3/1/2024 22:00,278,5.8,0.5,11.1,79
3/1/2024 23:00,228,5.3,0.8,10.7,88
3/2/2024 0:00,238,5.1,1,8.9,89
3/2/2024 1:00,168,5,0.6,10.3,91
3/2/2024 2:00,139,4.9,0.2,8.8,92
3/2/2024 3:00,84,5,0.1,9.5,94
3/2/2024 4:00,30,5.3,1.9,10.1,94
3/2/2024 5:00,17,6.1,0.9,9.4,94
3/2/2024 6:00,24,6.7,1.6,10.7,94
3/2/2024 7:00,32,7,2.1,11,95
3/2/2024 8:00,75,7.3,3.3,12.2,96
3/2/2024 9:00,99,7.3,1.8,10.8,97
3/2/2024 10:00,131,8,3.1,11.3,97
3/2/2024 11:00,182,9.5,1.6,7.3,97
3/2/2024 12:00,296,9.7,1.5,9.8,98
3/2/2024 13:00,447,10.6,0.2,12,95
3/2/2024 14:00,708,11.4,0,14.2,92
3/2/2024 15:00,839,11,0,17.1,89
3/2/2024 16:00,902,10.8,0,16.8,84
3/2/2024 17:00,864,11.3,0,10.7,82
3/2/2024 18:00,934,12,0,9.9,80
3/2/2024 19:00,755,10.3,0,6.4,87
3/2/2024 20:00,595,8.5,0,6.7,92
3/2/2024 21:00,475,7.1,0,6.4,96
3/2/2024 22:00,399,6.7,0,7.6,96
3/2/2024 23:00,373,6.6,0,7.2,96
3/3/2024 0:00,317,6,0,6.6,97
3/3/2024 1:00,281,5.9,0,7.9,97
3/3/2024 2:00,207,5.9,0,8.9,96
3/3/2024 3:00,94,5.8,0,8.7,96
3/3/2024 4:00,50,5.5,0,8.4,96
3/3/2024 5:00,39,5.4,0,9.2,96
3/3/2024 6:00,27,5.3,0,9.2,97
3/3/2024 7:00,82,4.2,0,7.4,98
3/3/2024 8:00,174,3.8,0,7,99
3/3/2024 9:00,296,6.9,0,4.6,96
3/3/2024 10:00,598,9.4,0,2.9,91
3/3/2024 11:00,875,12.3,0,1.4,83
3/3/2024 12:00,1123,14.5,0,1.4,72
3/3/2024 13:00,1313,16.1,0,4,64
3/3/2024 14:00,1511,17.3,0,4.7,59
3/3/2024 15:00,1496,18.1,0,5.6,57
3/3/2024 16:00,1375,18.4,0,5.6,57
3/3/2024 17:00,1286,17.7,0,6.4,61
3/3/2024 18:00,1202,16.9,0,5.5,67
3/3/2024 19:00,828,14.2,0,6.9,76
3/3/2024 20:00,555,12.7,0,7.6,77
3/3/2024 21:00,434,10.1,0,8.6,87
3/3/2024 22:00,319,8.8,0,10.4,88
3/3/2024 23:00,265,8.9,0,7.2,89
3/4/2024 0:00,190,8.2,0,6.8,91
3/4/2024 1:00,74,7.1,0,9,90
3/4/2024 2:00,32,6.7,0,9.7,90
3/4/2024 3:00,13,6.3,0,9.7,91
3/4/2024 4:00,13,7.1,0,8.1,89
3/4/2024 5:00,22,7.9,0,5.4,86
3/4/2024 6:00,83,7.3,0,1.5,90
3/4/2024 7:00,297,5.5,0,3.3,94
3/4/2024 8:00,593,5.1,0,3.6,96
3/4/2024 9:00,1098,10,0,4.4,83
3/4/2024 10:00,643,12.2,0,3.4,77
3/4/2024 11:00,415,14,0,5.4,73
3/4/2024 12:00,516,15.8,0,7.4,71
3/4/2024 13:00,631,17,0,9.1,68
3/4/2024 14:00,555,18.1,0,9.3,63
3/4/2024 15:00,689,19.2,0,11.2,56
3/4/2024 16:00,936,19.3,0,12.8,54
3/4/2024 17:00,1151,18.5,0,14.8,54
3/4/2024 18:00,1625,17.2,0,12.6,62
3/4/2024 19:00,1320,15.3,0,16.2,67
3/4/2024 20:00,808,13.7,0,15.1,70
3/4/2024 21:00,545,12.8,0.1,12.3,74
3/4/2024 22:00,379,12,0.1,13.4,78
3/4/2024 23:00,217,10.8,0.4,13.9,84
3/5/2024 0:00,89,9.6,1.1,14,91
3/5/2024 1:00,32,9.1,1.5,14,93
3/5/2024 2:00,9,8.7,2,15.8,93
3/5/2024 3:00,6,8.3,2.4,16.8,94
3/5/2024 4:00,5,8,1.4,15.6,95
3/5/2024 5:00,17,7.9,0.8,15.3,95
3/5/2024 6:00,62,7.8,3.1,14.7,95
3/5/2024 7:00,182,7.9,2.5,14.8,95
3/5/2024 8:00,272,8.1,2.7,15,95
3/5/2024 9:00,736,8.7,2.5,12,95
3/5/2024 10:00,497,9,1.7,13.7,95
3/5/2024 11:00,252,9.3,1,11,95
3/5/2024 12:00,366,10,0.3,9.1,91
3/5/2024 13:00,486,11.5,0.2,9.4,81
3/5/2024 14:00,503,11.9,0.1,9.3,81
3/5/2024 15:00,570,13.3,0,7.9,76
3/5/2024 16:00,732,14.9,0,10.4,72
3/5/2024 17:00,1093,15.4,0,6.5,71
3/5/2024 18:00,1587,15.5,0,2.6,74
3/5/2024 19:00,1285,14.1,0,4.3,74
3/5/2024 20:00,847,11.4,0,7.1,87
3/5/2024 21:00,625,11.1,0,8.5,87
3/5/2024 22:00,464,9.6,0,7.8,93
3/5/2024 23:00,318,8.7,0,8.9,96
3/6/2024 0:00,178,8,0,5.2,97
3/6/2024 1:00,84,7.6,0,5.2,98
3/6/2024 2:00,37,7,0,7.3,99
3/6/2024 3:00,23,6.9,0,7.6,100
3/6/2024 4:00,13,7.4,0,5.4,99
3/6/2024 5:00,21,7.8,0,5.1,99
3/6/2024 6:00,87,7.5,0,4.6,99
3/6/2024 7:00,325,7.9,0,4.4,100
3/6/2024 8:00,709,8.2,0,6.8,100
3/6/2024 9:00,1274,9.6,0,7.4,96
3/6/2024 10:00,584,10.6,0,9.2,94
3/6/2024 11:00,366,11.5,0,9,92
3/6/2024 12:00,445,11.8,0,10.5,91
3/6/2024 13:00,350,12.1,0.4,10.4,90
3/6/2024 14:00,218,11.7,2.7,9.9,94
3/6/2024 15:00,270,11.4,5.5,14.2,95
3/6/2024 16:00,560,11,4.7,10.4,96
3/6/2024 17:00,723,11.1,1.5,11.8,95
3/6/2024 18:00,1012,11.2,0.1,7.4,95
3/6/2024 19:00,905,11,0.1,9.8,96
3/6/2024 20:00,625,10.8,0.9,8.6,96
3/6/2024 21:00,402,10.9,0.7,11.4,97
3/6/2024 22:00,352,11,0.5,14.3,96
3/6/2024 23:00,278,11,0.6,14.8,96
3/7/2024 0:00,146,10.9,0.3,12.1,95
3/7/2024 1:00,67,10.9,0,11,95
3/7/2024 2:00,29,10.9,0,13.3,95
3/7/2024 3:00,18,10.8,0.1,14.1,95
3/7/2024 4:00,14,10.6,0,11.7,95
3/7/2024 5:00,29,10.6,0.1,12,95
3/7/2024 6:00,92,10.5,0,13,95
3/7/2024 7:00,317,9.8,0,12.2,96
3/7/2024 8:00,740,10.1,0,15.6,95
3/7/2024 9:00,1309,12.2,0,16.5,93
3/7/2024 10:00,752,12.4,0,17.9,89
3/7/2024 11:00,436,13.5,0,15.3,82
3/7/2024 12:00,518,15.1,0,15.6,73
3/7/2024 13:00,632,16.5,0,18.1,61
3/7/2024 14:00,664,17.5,0,17.4,55
3/7/2024 15:00,700,18.4,0,17.6,51
3/7/2024 16:00,963,18,0,16.8,52
3/7/2024 17:00,1147,17.2,0,15.2,53
3/7/2024 18:00,1770,16.3,0,11,54
3/7/2024 19:00,1415,13.1,0,6.8,66
3/7/2024 20:00,1024,11.7,0,8.8,70
3/7/2024 21:00,677,9.7,0,6.2,79
3/7/2024 22:00,530,8.9,0,6.1,82
3/7/2024 23:00,431,8.1,0,6.3,85
3/8/2024 0:00,332,8.2,0,7.9,83
3/8/2024 1:00,166,7.1,0,6.3,87
3/8/2024 2:00,86,6.9,0,8.4,86
3/8/2024 3:00,50,6.5,0,9.5,86
3/8/2024 4:00,26,6.1,0,8.3,87
3/8/2024 5:00,33,5.7,0,8.7,88
3/8/2024 6:00,87,5.4,0,6.9,88
3/8/2024 7:00,233,5.5,0,7.7,87
3/8/2024 8:00,556,5.3,0,7,88
3/8/2024 9:00,963,7.5,0,8.4,82
3/8/2024 10:00,702,8.9,0,8.8,75
3/8/2024 11:00,602,10.5,0,8.3,69
3/8/2024 12:00,702,11.9,0,7.6,64
3/8/2024 13:00,832,13.3,0,8.2,60
3/8/2024 14:00,890,14.2,0,6.8,57
3/8/2024 15:00,930,14.6,0,7.4,56
3/8/2024 16:00,1129,14.6,0,10,54
3/8/2024 17:00,1315,13.6,0,13.3,55
3/8/2024 18:00,1520,12.3,0,14.3,56
3/8/2024 19:00,1212,11.1,0,11,57
3/8/2024 20:00,865,10.1,0,12.6,62
3/8/2024 21:00,580,9.4,0,11.7,69
3/8/2024 22:00,454,8.5,0,12.7,75
3/8/2024 23:00,418,7.7,0,15.3,80
3/9/2024 0:00,346,6.9,0,16.1,84
3/9/2024 1:00,245,6.1,0,13.7,80
3/9/2024 2:00,150,5.7,0,11.8,81
3/9/2024 3:00,99,5.5,0,14.6,82
3/9/2024 4:00,50,5.7,0,15.8,80
3/9/2024 5:00,26,5.7,0,15.6,80
3/9/2024 6:00,44,5.8,0.1,15.9,82
3/9/2024 7:00,96,5.7,0.2,10.7,84
3/9/2024 8:00,107,5.7,0.2,9.9,86
3/9/2024 9:00,227,5.6,0.7,16.7,93
3/9/2024 10:00,385,5.9,0.7,16.9,94
3/9/2024 11:00,440,6.5,1.2,17.6,94
3/9/2024 12:00,552,7.2,0.7,17.7,95
3/9/2024 13:00,429,9.3,0.2,22.1,90
3/9/2024 14:00,230,10.3,1.1,17.7,90
3/9/2024 15:00,201,11.1,0.9,14.9,93
3/9/2024 16:00,237,11.6,1.7,11.2,94
3/9/2024 17:00,190,11.9,3.7,13,95
3/9/2024 18:00,161,12.1,5.3,11.1,95
3/9/2024 19:00,125,12.2,2.1,10.9,96
3/9/2024 20:00,129,11.8,3.1,3.8,97
3/9/2024 21:00,144,9.1,0.1,9.5,93
3/9/2024 22:00,211,8.2,0,13.8,97
3/9/2024 23:00,228,7.2,0,13.2,97
3/10/2024 0:00,158,6.8,0.5,13.8,97
3/10/2024 1:00,153,6.8,0.4,14.8,95
3/10/2024 2:00,134,6.6,0.5,19.8,93
3/10/2024 3:00,0,7,0.7,20.4,93
3/10/2024 4:00,94,6.9,0.4,20.3,91
3/10/2024 5:00,39,6.3,0,20.6,89
3/10/2024 6:00,40,5.6,0,18.7,88
3/10/2024 7:00,72,5.3,0,18.3,86
3/10/2024 8:00,98,5.4,0,21,80
3/10/2024 9:00,212,7.4,0,19.5,71
3/10/2024 10:00,384,7.8,0,24,56
3/10/2024 11:00,570,7.7,0,29.5,52
3/10/2024 12:00,675,7.9,0,27.1,44
3/10/2024 13:00,792,8.6,0,30.1,38
3/10/2024 14:00,803,8.4,0,31.2,37
3/10/2024 15:00,875,8.4,0,32,35
3/10/2024 16:00,823,7.6,0,34,39
3/10/2024 17:00,794,7.3,0,34.4,37
3/10/2024 18:00,609,6,0,31.1,39
3/10/2024 19:00,577,5,0,28.2,42
3/10/2024 20:00,375,4.2,0,26.6,46
3/10/2024 21:00,264,4.2,0,28.6,44
3/10/2024 22:00,220,3.8,0,31,48
3/10/2024 23:00,246,3.3,0,29.7,51
3/11/2024 0:00,128,3.2,0,25.4,52
3/11/2024 1:00,43,2.7,0,24.3,56
3/11/2024 2:00,29,2.3,0,23.9,57
3/11/2024 3:00,15,2.1,0,22.1,58
3/11/2024 4:00,6,2,0,19.2,58
3/11/2024 5:00,10,2.2,0,20.8,54
3/11/2024 6:00,59,1.9,0,23.7,54
3/11/2024 7:00,203,1.4,0,23.5,55
3/11/2024 8:00,452,1.2,0,21.5,56
3/11/2024 9:00,881,4.4,0,26.3,50
3/11/2024 10:00,556,5.2,0,31.4,47
3/11/2024 11:00,323,6.5,0,30,44
3/11/2024 12:00,395,7.7,0,27,41
3/11/2024 13:00,437,9,0,25.8,37
3/11/2024 14:00,498,10.1,0,26.2,34
3/11/2024 15:00,589,11,0,27.3,31
3/11/2024 16:00,680,11.5,0,27.5,29
3/11/2024 17:00,839,11.5,0,25.7,30
3/11/2024 18:00,1338,11,0,21.1,33
3/11/2024 19:00,1169,9.8,0,19,34
3/11/2024 20:00,762,9,0,18,35
3/11/2024 21:00,587,8.7,0,15.5,32
3/11/2024 22:00,406,7.7,0,14.1,35
3/11/2024 23:00,283,7.1,0,14.1,38
3/12/2024 0:00,144,7.3,0,14.8,37
3/12/2024 1:00,69,6.6,0,13.3,38
3/12/2024 2:00,17,6.1,0,13,40
3/12/2024 3:00,8,5.7,0,14,41
3/12/2024 4:00,7,5.7,0,15.3,41
3/12/2024 5:00,23,5.8,0,16.6,39
3/12/2024 6:00,106,6.1,0,16.3,38
3/12/2024 7:00,303,6.2,0,13.6,38
3/12/2024 8:00,733,6.2,0,11.6,44
3/12/2024 9:00,1365,10.3,0,13.6,44
3/12/2024 10:00,786,12.6,0,13.1,44
3/12/2024 11:00,450,14.6,0,17.3,40
3/12/2024 12:00,572,16.1,0,18.8,39
3/12/2024 13:00,718,17.7,0,18.9,38
3/12/2024 14:00,771,18.8,0,17.4,38
3/12/2024 15:00,817,19.9,0,16.7,37
3/12/2024 16:00,1058,20.4,0,16.3,37
3/12/2024 17:00,1421,20.4,0,14.2,38
3/12/2024 18:00,2178,19.1,0,8.6,46
3/12/2024 19:00,1892,15.5,0,9,55
3/12/2024 20:00,1237,14.2,0,11.3,54
3/12/2024 21:00,850,13.9,0,11.5,53
3/12/2024 22:00,671,13.7,0,12.5,49
3/12/2024 23:00,463,13.4,0,13.3,46
3/13/2024 0:00,262,13.3,0,14.3,43
3/13/2024 1:00,113,12.4,0,12.3,44
3/13/2024 2:00,44,10.9,0,10.5,49
3/13/2024 3:00,26,9.8,0,9.7,53
3/13/2024 4:00,13,9.1,0,10.2,56
3/13/2024 5:00,22,8.5,0,10.2,58
3/13/2024 6:00,92,7.9,0,9.4,61
3/13/2024 7:00,307,7.3,0,8.1,63
3/13/2024 8:00,782,7.6,0,8.8,65
3/13/2024 9:00,1515,10.7,0,7.7,63
3/13/2024 10:00,899,14,0,4.5,60
3/13/2024 11:00,531,16.1,0,4.3,53
3/13/2024 12:00,684,18.2,0,6.5,44
3/13/2024 13:00,756,20.1,0,7.9,35
3/13/2024 14:00,810,20.9,0,6.8,32
3/13/2024 15:00,837,21.2,0,6.1,32
3/13/2024 16:00,1125,21.2,0,6.6,33
3/13/2024 17:00,1437,20.8,0,5.4,38
3/13/2024 18:00,2227,19.1,0,5.1,51
3/13/2024 19:00,1918,14.7,0,11.2,61
3/13/2024 20:00,1395,12.4,0,11.6,61
3/13/2024 21:00,901,11.8,0,11.3,60
3/13/2024 22:00,661,10.3,0,9.9,63
3/13/2024 23:00,475,10.2,0,7.9,65
3/14/2024 0:00,282,9.5,0,8.1,69
3/14/2024 1:00,109,8.6,0,8.1,73
3/14/2024 2:00,41,7.2,0,10.2,80
3/14/2024 3:00,28,6.7,0,9.8,81
3/14/2024 4:00,8,6.6,0,6.2,80
3/14/2024 5:00,32,7,0,7.8,74
3/14/2024 6:00,104,7.4,0,8.9,70
3/14/2024 7:00,322,7.7,0,8.4,71
3/14/2024 8:00,714,8.3,0,9.5,72
3/14/2024 9:00,1353,11.3,0,8.9,68
3/14/2024 10:00,890,15.6,0,5.5,63
3/14/2024 11:00,522,19.4,0,4.6,53
3/14/2024 12:00,707,22,0,6.5,42
3/14/2024 13:00,871,23.3,0,5.9,34
3/14/2024 14:00,844,24.1,0,7.4,32
3/14/2024 15:00,1024,24.3,0,9,32
3/14/2024 16:00,1125,24.2,0,9.1,33
3/14/2024 17:00,1610,23.8,0,7.3,36
3/14/2024 18:00,2392,22,0,5.4,50
3/14/2024 19:00,2082,18.1,0,8.3,50
3/14/2024 20:00,1351,16.9,0,10.5,48
3/14/2024 21:00,919,16.9,0,9.8,46
3/14/2024 22:00,757,15.9,0,11.9,52
3/14/2024 23:00,584,16,0,13.1,49
3/15/2024 0:00,362,15.8,0,14.8,47
3/15/2024 1:00,209,15.6,0,15.6,47
3/15/2024 2:00,117,15.4,0,15.9,48
3/15/2024 3:00,43,15.4,0,16.5,49
3/15/2024 4:00,21,15.3,0,15.4,51
3/15/2024 5:00,29,15.5,0,14.5,52
3/15/2024 6:00,89,15.6,0,13.2,52
3/15/2024 7:00,260,15.4,0,13.8,54
3/15/2024 8:00,504,15.7,0,13.2,57
3/15/2024 9:00,978,15.7,0,10.2,76
3/15/2024 10:00,759,17.8,0,10.7,71
3/15/2024 11:00,704,19,0,7.8,63
3/15/2024 12:00,767,20.9,0,10.1,61
3/15/2024 13:00,1001,22,0,15.6,60
3/15/2024 14:00,1039,21.9,0,18.4,61
3/15/2024 15:00,1038,21.7,0,18.2,61
3/15/2024 16:00,1328,20.8,0,15.3,68
3/15/2024 17:00,1384,19.3,0.1,11.3,75
3/15/2024 18:00,1521,19,0,7.3,75
3/15/2024 19:00,1145,17.8,0,11.4,69
3/15/2024 20:00,991,16.4,0,14.8,67
3/15/2024 21:00,626,15.2,0.1,15.5,87
3/15/2024 22:00,408,14.2,1.9,16.3,87
3/15/2024 23:00,350,13.3,0,18.1,85
3/16/2024 0:00,365,12.3,0,16.7,85
3/16/2024 1:00,305,12,0,11.7,83
3/16/2024 2:00,188,11.8,0,9.3,76
3/16/2024 3:00,122,11,0,7.7,76
3/16/2024 4:00,52,10.2,0,11.8,76
3/16/2024 5:00,44,8.8,0,13.6,75
3/16/2024 6:00,68,7.2,0,13.2,77
3/16/2024 7:00,261,6.2,0,12,79
3/16/2024 8:00,628,6.3,0,13,79
3/16/2024 9:00,604,8.8,0,8.7,71
3/16/2024 10:00,1032,10.4,0,11.2,64
3/16/2024 11:00,1282,12,0,10.8,57
3/16/2024 12:00,1537,13.6,0,11.1,46
3/16/2024 13:00,1757,14.8,0,9.5,39
3/16/2024 14:00,1709,15.8,0,9.4,37
3/16/2024 15:00,1683,16.6,0,10.1,38
3/16/2024 16:00,1875,17.1,0,8.3,39
3/16/2024 17:00,1948,17.4,0,7.9,38
3/16/2024 18:00,1865,16.8,0,8.2,44
3/16/2024 19:00,1506,13.3,0,8.6,62
3/16/2024 20:00,1141,12.7,0,12.2,55
3/16/2024 21:00,805,11.4,0,8.2,57
3/16/2024 22:00,594,10.3,0,7.8,66
3/16/2024 23:00,580,10.5,0,11,69
3/17/2024 0:00,489,11.3,0,14.2,69
3/17/2024 1:00,332,12.3,0,14.8,68
3/17/2024 2:00,212,11.5,0,12.8,70
3/17/2024 3:00,127,11.6,0,12,71
3/17/2024 4:00,51,10.5,0,10.5,77
3/17/2024 5:00,33,10.1,0,11.7,78
3/17/2024 6:00,43,9.5,0,10.8,74
3/17/2024 7:00,93,9.2,0,10.6,65
3/17/2024 8:00,180,10.5,0,11,59
3/17/2024 9:00,330,13.2,0,9.7,65
3/17/2024 10:00,654,13.9,0,8.9,58
3/17/2024 11:00,870,14.4,0,10.9,59
3/17/2024 12:00,1202,14.8,0,8.5,59
3/17/2024 13:00,1415,16.2,0,10.2,56
3/17/2024 14:00,1493,17.4,0,15.6,51
3/17/2024 15:00,1672,18.8,0,19.3,42
3/17/2024 16:00,1692,18.8,0,20.4,36
3/17/2024 17:00,1740,18.3,0,19.7,31
3/17/2024 18:00,1602,16.8,0,16.6,31
3/17/2024 19:00,1307,15,0,14.5,31
3/17/2024 20:00,929,12.6,0,14.9,36
3/17/2024 21:00,656,12.9,0,9.7,37
3/17/2024 22:00,434,11.9,0,10.2,37
3/17/2024 23:00,342,9.7,0,7.2,52
3/18/2024 0:00,185,9.5,0,14.9,47
3/18/2024 1:00,88,8.4,0,21.6,47
3/18/2024 2:00,31,6.9,0,18.5,53
3/18/2024 3:00,13,6,0,14.1,56
3/18/2024 4:00,7,5.1,0,12,60
3/18/2024 5:00,23,4.4,0,11.2,63
3/18/2024 6:00,80,4,0,9.9,66
3/18/2024 7:00,297,3.6,0,9.1,68
3/18/2024 8:00,678,4.2,0,11.9,66
3/18/2024 9:00,1152,5.8,0,15.3,55
3/18/2024 10:00,663,6.6,0,17.3,47
3/18/2024 11:00,453,7.1,0,19.5,39
3/18/2024 12:00,545,7.7,0,20.1,38
3/18/2024 13:00,623,8.4,0,20.3,37
3/18/2024 14:00,610,9.1,0,20.3,35
3/18/2024 15:00,711,9.8,0,22.4,33
3/18/2024 16:00,860,10,0,20.8,31
3/18/2024 17:00,1114,9.4,0,22.2,31
3/18/2024 18:00,1675,7.9,0,24.2,35
3/18/2024 19:00,1374,6.2,0,23.2,37
3/18/2024 20:00,828,4.5,0,22.5,39
3/18/2024 21:00,532,3.4,0,22.4,41
3/18/2024 22:00,353,2.8,0,19.9,41
3/18/2024 23:00,252,2.2,0,17.9,44
3/19/2024 0:00,133,1.6,0,16.5,49
3/19/2024 1:00,50,1.2,0,17.1,52
3/19/2024 2:00,20,0.9,0,17.7,55
3/19/2024 3:00,9,0.8,0,19.1,57
3/19/2024 4:00,7,0.6,0,16.7,59
3/19/2024 5:00,21,0.5,0,15.6,59
3/19/2024 6:00,82,0.5,0,16.3,60
3/19/2024 7:00,326,0.6,0,13.9,60
3/19/2024 8:00,731,1,0,13.6,62
3/19/2024 9:00,1263,3.6,0,19.8,51
3/19/2024 10:00,773,4.3,0,21.3,46
3/19/2024 11:00,488,5.4,0,20.4,42
3/19/2024 12:00,447,7,0,19.3,38
3/19/2024 13:00,496,7.9,0,20.2,37
3/19/2024 14:00,528,9.3,0,20.2,33
3/19/2024 15:00,615,9.8,0,16.6,32
3/19/2024 16:00,873,10,0,17.2,33
3/19/2024 17:00,1199,9.9,0,16.1,34
3/19/2024 18:00,1892,9.6,0,15.8,34
3/19/2024 19:00,1584,8.5,0,12.4,37
3/19/2024 20:00,991,7.7,0,15.1,38
3/19/2024 21:00,680,7.5,0,14.2,37
3/19/2024 22:00,567,6.9,0,12.3,39
3/19/2024 23:00,343,6.4,0,8.2,43
3/20/2024 0:00,209,5.3,0,8.2,48
3/20/2024 1:00,93,3.9,0,7.4,54
3/20/2024 2:00,39,3.4,0,8.6,56
3/20/2024 3:00,31,3.3,0,9.2,56
3/20/2024 4:00,21,3.1,0,9.2,55
3/20/2024 5:00,24,3.2,0,10.7,54
3/20/2024 6:00,105,3.7,0,12.2,51
3/20/2024 7:00,374,4.1,0,14.1,49
3/20/2024 8:00,872,5,0,14.3,51
3/20/2024 9:00,1458,9.1,0,14.8,51
3/20/2024 10:00,831,11.6,0,19,44
3/20/2024 11:00,549,13.9,0,23.2,38
3/20/2024 12:00,562,15.5,0,23.4,34
3/20/2024 13:00,755,16.3,0,24.5,33
3/20/2024 14:00,711,17.9,0,27.1,25
3/20/2024 15:00,849,17.6,0,32.1,25
3/20/2024 16:00,1174,16.8,0,31.3,27
3/20/2024 17:00,1435,16.1,0,33.6,25
3/20/2024 18:00,2182,14.8,0,23.6,28
3/20/2024 19:00,1791,9.5,0,26.4,49
3/20/2024 20:00,1161,8.2,0,20.9,44
3/20/2024 21:00,600,7.2,0,24.8,43
3/20/2024 22:00,508,6.2,0,24.2,41
3/20/2024 23:00,377,5.1,0,24.1,42
3/21/2024 0:00,190,4.1,0,20.3,43
3/21/2024 1:00,71,3.2,0,16.9,44
3/21/2024 2:00,37,1.9,0,15.6,44
3/21/2024 3:00,24,0.7,0,13.7,45
3/21/2024 4:00,13,-0.2,0,14.2,46
3/21/2024 5:00,20,-1,0,13.5,45
3/21/2024 6:00,87,-1.7,0,11.4,46
3/21/2024 7:00,349,-2.3,0,9.2,49
3/21/2024 8:00,696,-1.7,0,8.4,54
3/21/2024 9:00,1273,1.2,0,12.1,44
3/21/2024 10:00,738,2.4,0,13.3,42
3/21/2024 11:00,463,3.6,0,14.7,40
3/21/2024 12:00,499,4.9,0,15.5,37
3/21/2024 13:00,636,6,0,15.9,36
3/21/2024 14:00,609,7,0,14.8,34
3/21/2024 15:00,658,7.7,0,14.7,33
3/21/2024 16:00,871,8.2,0,14.3,32
3/21/2024 17:00,1226,8.4,0,13.9,31
3/21/2024 18:00,1754,8.1,0,12.6,32
3/21/2024 19:00,1614,6.2,0,5.6,46
3/21/2024 20:00,1077,3.4,0,9.5,57
3/21/2024 21:00,669,4.1,0,7.1,54
3/21/2024 22:00,588,2.9,0,5.8,57
3/21/2024 23:00,415,2.4,0,7.3,55
3/22/2024 0:00,246,1.5,0,6.6,54
3/22/2024 1:00,141,0.9,0,6.2,55
3/22/2024 2:00,59,0.4,0,6.8,54
3/22/2024 3:00,30,-0.1,0,7.4,56
3/22/2024 4:00,20,-0.4,0,7.5,56
3/22/2024 5:00,23,-0.6,0,10.9,52
3/22/2024 6:00,71,-1.1,0,12,50
3/22/2024 7:00,277,-1.5,0,11,53
3/22/2024 8:00,580,-0.7,0,10.5,59
3/22/2024 9:00,943,2.4,0,12.3,59
3/22/2024 10:00,696,4.6,0,13.7,49
3/22/2024 11:00,618,6.4,0,13.3,45
3/22/2024 12:00,682,8.2,0,13.4,43
3/22/2024 13:00,807,9.9,0,14,43
3/22/2024 14:00,837,12,0,15,41
3/22/2024 15:00,915,12.9,0,16.9,44
3/22/2024 16:00,1144,12,0,17.1,51
3/22/2024 17:00,1386,11.5,0,17.1,52
3/22/2024 18:00,1635,10.8,0,16.8,54
3/22/2024 19:00,1435,10,0,14.8,57
3/22/2024 20:00,940,8.4,0,12.7,64
3/22/2024 21:00,625,6.5,0,11.2,66
3/22/2024 22:00,549,6.9,0.6,9.7,68
3/22/2024 23:00,408,6.4,0.3,10.5,76
3/23/2024 0:00,329,6,1.2,10.2,88
3/23/2024 1:00,216,6.3,1,8.8,92
3/23/2024 2:00,125,6.7,0.8,8.8,95
3/23/2024 3:00,47,7,1.6,7.5,96
3/23/2024 4:00,17,7.4,2.1,6.9,97
3/23/2024 5:00,20,7.7,2.2,8.2,98
3/23/2024 6:00,13,8.1,3.3,9.1,98
3/23/2024 7:00,36,8.4,5.3,10.1,98
3/23/2024 8:00,42,8.6,7.9,15.5,97
3/23/2024 9:00,74,7.6,8.1,18.8,97
3/23/2024 10:00,92,8.6,7.8,19.8,96
3/23/2024 11:00,91,9.6,5.9,19.1,94
3/23/2024 12:00,175,10.8,1.7,20.7,92
3/23/2024 13:00,463,11.3,0.2,17.9,92
3/23/2024 14:00,757,11.4,0,25.5,86
3/23/2024 15:00,850,13.1,0,26.4,74
3/23/2024 16:00,969,12.7,0,25.8,69
3/23/2024 17:00,943,11.9,0,26.3,65
3/23/2024 18:00,965,10.8,0,25.8,62
3/23/2024 19:00,858,9.6,0,22.9,58
3/23/2024 20:00,659,8.1,0,20.5,55
3/23/2024 21:00,485,5.4,0,21.1,53
3/23/2024 22:00,399,4.7,0,23.1,52
3/23/2024 23:00,342,3.8,0,25,50
3/24/2024 0:00,293,2.3,0,22.8,50
3/24/2024 1:00,205,1,0,21.9,51
3/24/2024 2:00,158,0.1,0,19.9,51
3/24/2024 3:00,77,-0.3,0,18.1,52
3/24/2024 4:00,43,-0.5,0,16.9,53
3/24/2024 5:00,31,-0.8,0,17,56
3/24/2024 6:00,31,-1,0,15.3,59
3/24/2024 7:00,113,-1.3,0,14.3,60
3/24/2024 8:00,185,-0.7,0,12.1,63
3/24/2024 9:00,294,1.6,0,14.9,53
3/24/2024 10:00,514,3.1,0,15.2,47
3/24/2024 11:00,866,4.6,0,13.1,46
3/24/2024 12:00,1064,6.1,0,11.4,44
3/24/2024 13:00,1284,7.5,0,9.4,42
3/24/2024 14:00,1331,8.7,0,8.2,42
3/24/2024 15:00,1535,9.5,0,7.9,41
3/24/2024 16:00,1577,9.9,0,8.2,41
3/24/2024 17:00,1476,9.9,0,8.7,42
3/24/2024 18:00,1463,9.4,0,9.4,44
3/24/2024 19:00,1164,7.5,0,6.3,54
3/24/2024 20:00,793,5.1,0,6.6,64
3/24/2024 21:00,470,3.9,0,6.2,68
3/24/2024 22:00,356,3,0,6,72
3/24/2024 23:00,238,2,0,7.7,77
3/25/2024 0:00,154,1.7,0,6.6,78
3/25/2024 1:00,81,2.1,0,7.1,74
3/25/2024 2:00,33,2.1,0,8.5,69
3/25/2024 3:00,15,1.4,0,7.1,72
3/25/2024 4:00,11,1.3,0,8.4,76
3/25/2024 5:00,21,1,0,8.7,82
3/25/2024 6:00,85,0.9,0,10.5,80
3/25/2024 7:00,282,0.6,0,11,73
3/25/2024 8:00,564,1.5,0,11.6,69
3/25/2024 9:00,1009,3.7,0,10,67
3/25/2024 10:00,720,5.5,0,9.2,62
3/25/2024 11:00,533,7.3,0,7.9,56
3/25/2024 12:00,661,8.8,0,7.3,52
3/25/2024 13:00,779,10.2,0,8.5,46
3/25/2024 14:00,806,11.3,0,10.3,43
3/25/2024 15:00,878,12.1,0,11.3,40
3/25/2024 16:00,1073,12.3,0,11.9,39
3/25/2024 17:00,1346,12,0,12.4,39
3/25/2024 18:00,1804,11.1,0,11.8,43
3/25/2024 19:00,1527,9.2,0,8.1,52
3/25/2024 20:00,1026,6.4,0,7.1,64
3/25/2024 21:00,695,5.6,0,6.4,68
3/25/2024 22:00,440,5,0,8,70
3/25/2024 23:00,299,4.4,0,7.7,73
3/26/2024 0:00,203,3.2,0,6.5,80
3/26/2024 1:00,68,2.1,0,7.1,84
3/26/2024 2:00,31,1.7,0,9.4,83
3/26/2024 3:00,10,4.1,0,2.8,68
3/26/2024 4:00,12,4,0,4.7,68
3/26/2024 5:00,28,1.8,0,7.2,80
3/26/2024 6:00,89,1.4,0,6.5,83
3/26/2024 7:00,324,1.1,0,6.9,87
3/26/2024 8:00,789,2.7,0,9.4,82
3/26/2024 9:00,1455,5.3,0,3.6,68
3/26/2024 10:00,883,6.9,0,3.6,61
3/26/2024 11:00,581,8.6,0,0.5,61
3/26/2024 12:00,676,10.5,0,0.8,62
3/26/2024 13:00,752,12.1,0,4.4,62
3/26/2024 14:00,791,13.4,0,4.9,61
3/26/2024 15:00,812,14.3,0,7.1,59
3/26/2024 16:00,1061,15.2,0,8.3,55
3/26/2024 17:00,1353,15.2,0,13.4,55
3/26/2024 18:00,2027,13.4,0,15.5,61
3/26/2024 19:00,1692,11.8,0,12.2,68
3/26/2024 20:00,1144,10.2,0,9.6,74
3/26/2024 21:00,715,8.9,0,8.5,73
3/26/2024 22:00,507,8.3,0.1,10.5,78
3/26/2024 23:00,385,7.5,0,13.5,84
3/27/2024 0:00,183,6.6,0,12.5,88
3/27/2024 1:00,77,5.9,0,8.2,92
3/27/2024 2:00,34,6.3,0,9.2,91
3/27/2024 3:00,16,6.3,0,9.5,92
3/27/2024 4:00,10,6.3,0,10,92
3/27/2024 5:00,23,6.5,0,9.3,91
3/27/2024 6:00,83,6.4,0.5,8.4,92
3/27/2024 7:00,280,6.3,0,8.4,94
3/27/2024 8:00,692,6.5,0,8.1,93
3/27/2024 9:00,1323,6.9,0.5,8.9,94
3/27/2024 10:00,661,7.1,0.2,7.4,93
3/27/2024 11:00,241,7.7,0.6,10.1,93
3/27/2024 12:00,145,7.9,6,10,92
3/27/2024 13:00,156,8.5,0.7,7.7,89
3/27/2024 14:00,125,9.3,0.3,9.9,87
3/27/2024 15:00,117,9.8,0.1,10.8,86
3/27/2024 16:00,461,10.8,0,8.1,83
3/27/2024 17:00,613,10.4,0.5,5.6,87
3/27/2024 18:00,1041,10.2,0.2,5.4,90
3/27/2024 19:00,1052,10,0,3.4,91
3/27/2024 20:00,747,9.4,0.1,3.5,96
3/27/2024 21:00,498,8.5,0,4.8,95
3/27/2024 22:00,422,8.4,1,2.4,96
3/27/2024 23:00,350,8.2,0.6,3,98
3/28/2024 0:00,120,8,0.4,1.9,99
3/28/2024 1:00,56,7.9,0.5,5.2,99
3/28/2024 2:00,26,7.8,0.9,6.4,99
3/28/2024 3:00,16,7.6,1,7.8,99
3/28/2024 4:00,8,7.4,0.4,7.3,98
3/28/2024 5:00,25,7.4,0.5,7.3,98
3/28/2024 6:00,68,7.5,0.3,7.8,97
3/28/2024 7:00,251,7.6,0.4,11.6,97
3/28/2024 8:00,556,8.2,0.1,12.3,96
3/28/2024 9:00,1125,9.4,0,10.9,93
3/28/2024 10:00,717,9.2,0.4,15.8,95
3/28/2024 11:00,496,8.5,0.3,17.7,88
3/28/2024 12:00,508,8.2,0.2,18.2,83
3/28/2024 13:00,602,9.6,0.1,14.9,74
3/28/2024 14:00,556,10.6,0,13.4,58
3/28/2024 15:00,639,11.3,0,15,47
3/28/2024 16:00,820,11.5,0,15.4,43
3/28/2024 17:00,1105,11.9,0,14.3,42
3/28/2024 18:00,1574,11.5,0,11.1,45
3/28/2024 19:00,1450,10.5,0,12.6,44
3/28/2024 20:00,1067,9.7,0,13,42
3/28/2024 21:00,738,7.3,0,7,54
3/28/2024 22:00,549,8.3,0,16.9,44
3/28/2024 23:00,440,8.8,0,21.7,39
3/29/2024 0:00,271,8.4,0,21.4,41
3/29/2024 1:00,135,7.5,0,19.4,43
3/29/2024 2:00,79,7.1,0,20.9,43
3/29/2024 3:00,63,6.2,0,17.3,46
3/29/2024 4:00,14,4.6,0,10.7,53
3/29/2024 5:00,21,3.1,0,8.6,61
3/29/2024 6:00,80,2.4,0,9,65
3/29/2024 7:00,251,2.1,0,9.4,68
3/29/2024 8:00,494,3.6,0,10,70
3/29/2024 9:00,913,6.9,0,6.2,66
3/29/2024 10:00,797,9.9,0,10,59
3/29/2024 11:00,762,11.3,0,23,50
3/29/2024 12:00,884,12,0,25.9,41
3/29/2024 13:00,1061,13.7,0,23.7,36
3/29/2024 14:00,1142,14.1,0,25.8,35
3/29/2024 15:00,1312,14.6,0,26.9,31
3/29/2024 16:00,1507,14.4,0,27,30
3/29/2024 17:00,1560,13.7,0,25.2,33
3/29/2024 18:00,1782,12.7,0,22.1,36
3/29/2024 19:00,1657,11.4,0,17.4,39
3/29/2024 20:00,1168,10.2,0,15.8,38
3/29/2024 21:00,759,9.6,0,12.7,39
3/29/2024 22:00,622,9.1,0,12.2,41
3/29/2024 23:00,497,7.2,0,8.1,49
3/30/2024 0:00,415,5.9,0,7.8,55
3/30/2024 1:00,324,5.5,0,9.2,55
3/30/2024 2:00,215,4.8,0,8.7,57
3/30/2024 3:00,130,3.7,0,7.4,63
3/30/2024 4:00,66,2.2,0,7.6,72
3/30/2024 5:00,25,1.9,0,6.1,73
3/30/2024 6:00,40,1.6,0,5.9,75
3/30/2024 7:00,116,2,0,6.7,72
3/30/2024 8:00,227,4.7,0,10.3,64
3/30/2024 9:00,438,9.7,0,10.2,54
3/30/2024 10:00,843,12.3,0,7.9,48
3/30/2024 11:00,1202,14.4,0,6.9,44
3/30/2024 12:00,1416,16.3,0,6.1,43
3/30/2024 13:00,1680,16.2,0,7.7,45
3/30/2024 14:00,1665,16.6,0,7,47
3/30/2024 15:00,1728,16.3,0,7.2,52
3/30/2024 16:00,1730,17.5,0.2,7.4,53
3/30/2024 17:00,1487,17.8,0,11.6,52
3/30/2024 18:00,1427,17.1,0,6.5,60
3/30/2024 19:00,1263,15.1,0,10.1,70
3/30/2024 20:00,851,12.4,0,14.9,81
3/30/2024 21:00,684,10.6,0.3,10.7,83
3/30/2024 22:00,566,9.7,0,10.3,84
3/30/2024 23:00,395,9.8,3.5,11.9,84
3/31/2024 0:00,316,9,0.1,3.6,93
3/31/2024 1:00,239,8.3,0,4,95
3/31/2024 2:00,178,8.7,0,8.4,92
3/31/2024 3:00,102,9.4,0,10.4,91
3/31/2024 4:00,52,9.8,0,11.6,92
3/31/2024 5:00,42,9.6,0,9.8,94
3/31/2024 6:00,68,9,0,8,96
3/31/2024 7:00,133,8.5,0,7.9,96
3/31/2024 8:00,240,9.6,0,10.6,93
3/31/2024 9:00,407,11.9,0,7.1,90
3/31/2024 10:00,712,13.6,0,11.7,77
3/31/2024 11:00,1117,14.8,0,13.1,62
3/31/2024 12:00,1249,15.5,0,11.4,60
3/31/2024 13:00,1376,15.9,0,8.2,59
3/31/2024 14:00,1442,17.2,0,8,57
3/31/2024 15:00,1487,18.4,0,8.9,56
3/31/2024 16:00,1541,19.3,0,11.6,54
3/31/2024 17:00,1377,18.7,0,5.4,55
3/31/2024 18:00,1162,18.1,0,3.2,59
3/31/2024 19:00,1017,16,0,5.6,74
3/31/2024 20:00,775,15.2,0,11.3,67
3/31/2024 21:00,523,12.2,0,7.6,81
3/31/2024 22:00,416,10.3,0,5.8,90
3/31/2024 23:00,296,9.9,0,6.5,92
4/1/2024 0:00,179,8.8,0,7.4,96
4/1/2024 1:00,91,8.9,0,5.4,96
4/1/2024 2:00,47,8.2,0,5.6,97
4/1/2024 3:00,23,7.8,0,5.4,98
4/1/2024 4:00,19,8.4,0,6.8,97
4/1/2024 5:00,24,8.2,1.2,4.6,97
4/1/2024 6:00,84,8.9,0.2,8.1,97
4/1/2024 7:00,224,8.9,0.4,5.6,97
4/1/2024 8:00,270,9.3,1,7.8,96
4/1/2024 9:00,684,10.8,0.1,4.7,94
4/1/2024 10:00,487,11.6,0.1,4.3,92
4/1/2024 11:00,411,11.8,0,9.5,92
4/1/2024 12:00,383,11.7,0,13.2,91
4/1/2024 13:00,421,12.7,0,11.1,87
4/1/2024 14:00,569,13.9,0,11,82
4/1/2024 15:00,662,15.2,0,5.9,78
4/1/2024 16:00,896,15.4,0,9.4,77
4/1/2024 17:00,1028,15.4,0,9.2,76
4/1/2024 18:00,1523,15.4,0,9.2,74
4/1/2024 19:00,1265,14,0,11.3,78
4/1/2024 20:00,965,12.2,0,11.5,82
4/1/2024 21:00,621,10.6,0,8.9,85
4/1/2024 22:00,478,9.7,0,9.3,90
4/1/2024 23:00,325,9.4,0,10.1,92
4/2/2024 0:00,184,9,0,8.2,92
4/2/2024 1:00,113,8.9,0,5.9,91
4/2/2024 2:00,45,8.8,0.5,4.9,92
4/2/2024 3:00,25,9.2,0,6.6,90
4/2/2024 4:00,9,8.8,0,4.7,92
4/2/2024 5:00,18,9.2,0,4,90
4/2/2024 6:00,64,8.8,0.5,7.4,92
4/2/2024 7:00,215,8.7,0.4,4.8,93
4/2/2024 8:00,621,8.8,0.7,5.9,94
4/2/2024 9:00,1123,9.2,1.2,14.3,97
4/2/2024 10:00,715,9.5,0.1,16.9,94
4/2/2024 11:00,429,10.5,0,19.2,89
4/2/2024 12:00,513,11.3,0,15.1,87
4/2/2024 13:00,570,12.2,0,16,85
4/2/2024 14:00,578,13.6,0,10.9,82
4/2/2024 15:00,335,13.7,1.3,12.3,88
4/2/2024 16:00,422,14.7,0.1,7.5,83
4/2/2024 17:00,840,15,0,11.7,84
4/2/2024 18:00,1367,14.2,0,14.8,88
4/2/2024 19:00,1079,12.7,0,16.4,91
4/2/2024 20:00,479,10.6,0.2,17.4,94
4/2/2024 21:00,349,8.8,0.8,16.5,96
4/2/2024 22:00,368,8.5,0.2,18.4,96
4/2/2024 23:00,216,8.3,0.3,15.2,97
4/3/2024 0:00,143,8.3,0,16.6,97
4/3/2024 1:00,67,8.2,0.2,15,97
4/3/2024 2:00,34,8.2,0.5,14.1,98
4/3/2024 3:00,12,8.2,0,15.9,98
4/3/2024 4:00,4,8.4,0,14.1,97
4/3/2024 5:00,25,8.6,0,14.4,98
4/3/2024 6:00,76,8.8,0,15.1,98
4/3/2024 7:00,187,8.9,0.4,14.6,98
4/3/2024 8:00,362,9.2,0.1,16.3,98
4/3/2024 9:00,505,8.5,4.2,11.4,99
4/3/2024 10:00,129,8.6,5.8,13,98
4/3/2024 11:00,210,9.8,1.5,20.3,97
4/3/2024 12:00,189,10.1,6.8,13.3,97
4/3/2024 13:00,210,11.7,0.9,19.5,96
4/3/2024 14:00,230,12.3,0.9,10,97
4/3/2024 15:00,178,13.3,0.9,10,96
4/3/2024 16:00,345,13.9,0.4,16.3,91
4/3/2024 17:00,552,13.7,0,9.6,91
4/3/2024 18:00,1059,14.2,0,11.5,87
4/3/2024 19:00,959,13.5,0,13.2,87
4/3/2024 20:00,688,12.5,0.1,16.8,88
4/3/2024 21:00,493,10,0,15.1,90
4/3/2024 22:00,427,9.6,1.3,16.1,92
4/3/2024 23:00,226,9.1,2,16.4,88
4/4/2024 0:00,175,8.6,0.1,10.8,89
4/4/2024 1:00,87,7.9,0,6.8,93
4/4/2024 2:00,33,5.8,0,5.4,97
4/4/2024 3:00,18,4.7,0,6,98
4/4/2024 4:00,16,5.2,0,6.9,97
4/4/2024 5:00,33,4.8,0,7.6,97
4/4/2024 6:00,87,4.4,0,6.8,96
4/4/2024 7:00,291,4,0,6.1,95
4/4/2024 8:00,690,5.7,0,7.1,92
4/4/2024 9:00,1344,8,0,7.3,89
4/4/2024 10:00,881,9,0.3,11.8,75
4/4/2024 11:00,648,10.4,0.1,6.1,68
4/4/2024 12:00,686,12.2,0,6.3,59
4/4/2024 13:00,800,13.2,0.1,9.3,50
4/4/2024 14:00,735,9.5,0.8,16.9,70
4/4/2024 15:00,714,11,0.5,7.6,68
4/4/2024 16:00,883,11.6,1.2,16.8,59
4/4/2024 17:00,791,9,1.5,9.9,78
4/4/2024 18:00,1557,9.1,0.1,5.4,73
4/4/2024 19:00,1540,8.9,0,6.3,73
4/4/2024 20:00,1029,7.7,0,9.4,66
4/4/2024 21:00,770,6.2,0,9.4,81
4/4/2024 22:00,552,5.4,0,13.1,80
4/4/2024 23:00,449,5.4,0,18.3,74
4/5/2024 0:00,241,5.1,0,17.9,73
4/5/2024 1:00,123,4.8,0,17.2,74
4/5/2024 2:00,53,4.4,0,14.7,76
4/5/2024 3:00,32,4.2,0,13.4,77
4/5/2024 4:00,14,3.8,0,11.1,80
4/5/2024 5:00,25,3.6,0,11.3,82
4/5/2024 6:00,82,3.7,0,12.7,82
4/5/2024 7:00,247,3.5,0,12,84
4/5/2024 8:00,552,5.3,0,14.9,76
4/5/2024 9:00,936,8.7,0,16.2,66
4/5/2024 10:00,747,9.9,0.1,23.6,59
4/5/2024 11:00,570,10.4,0.2,25.3,57
4/5/2024 12:00,657,10.6,0,26.9,55
4/5/2024 13:00,838,10.9,0.1,27.8,52
4/5/2024 14:00,858,11.5,0,28,49
4/5/2024 15:00,907,11.1,0.1,25.9,52
4/5/2024 16:00,1111,11.3,0,25.3,47
4/5/2024 17:00,1226,10.9,0,26.5,46
4/5/2024 18:00,1469,9.9,0,26,44
4/5/2024 19:00,1316,8.4,0,23.4,49
4/5/2024 20:00,883,7.1,0,16.1,50
4/5/2024 21:00,603,5.8,0,17.9,51
4/5/2024 22:00,446,5.1,0,18.8,53
4/5/2024 23:00,393,4.6,0,19,55
4/6/2024 0:00,350,4,0,18.1,58
4/6/2024 1:00,252,3.6,0,18,61
4/6/2024 2:00,193,3.3,0,18.2,64
4/6/2024 3:00,92,3.1,0,17.4,66
4/6/2024 4:00,51,3,0,16.9,68
4/6/2024 5:00,24,3.3,0,16.4,68
4/6/2024 6:00,55,3.3,0,17.9,69
4/6/2024 7:00,87,3.5,0,18.8,70
4/6/2024 8:00,201,5,0,23.2,67
4/6/2024 9:00,474,7,0,23.2,63
4/6/2024 10:00,701,8.1,0,31.5,59
4/6/2024 11:00,1017,9.1,0,28.5,55
4/6/2024 12:00,1049,9.9,0,25.5,52
4/6/2024 13:00,1222,10.9,0,22.7,49
4/6/2024 14:00,1348,11.3,0.1,22,48
4/6/2024 15:00,1140,12.1,0,24.9,44
4/6/2024 16:00,1264,12,0,23.9,44
4/6/2024 17:00,1170,12.2,0,25.1,43
4/6/2024 18:00,1088,12.1,0,20.2,45
4/6/2024 19:00,1041,11.2,0,13.8,49
4/6/2024 20:00,864,9.3,0,11.5,53
4/6/2024 21:00,613,8.5,0,13.4,57
4/6/2024 22:00,496,8.4,0,14,56
4/6/2024 23:00,368,7.6,0,13.9,59
4/7/2024 0:00,407,7.4,0,16.4,59
4/7/2024 1:00,228,7.5,0,18.7,57
4/7/2024 2:00,168,6.8,0,15,59
4/7/2024 3:00,104,5.6,0,12.6,64
4/7/2024 4:00,54,4.6,0,11.2,69
4/7/2024 5:00,39,3.8,0,10.5,73
4/7/2024 6:00,66,3.3,0,11,76
4/7/2024 7:00,456,2.9,0,9.9,79
4/7/2024 8:00,406,4.8,0,10.8,77
4/7/2024 9:00,470,8.7,0,10.8,65
4/7/2024 10:00,847,10.8,0,12.2,58
4/7/2024 11:00,1158,12.6,0,12.3,51
4/7/2024 12:00,1268,14,0,16.9,44
4/7/2024 13:00,1358,13.9,0,16.2,43
4/7/2024 14:00,1328,15.3,0,16.3,40
4/7/2024 15:00,1421,16.2,0,15.1,37
4/7/2024 16:00,1431,17,0,13.7,35
4/7/2024 17:00,1412,17,0,12.3,35
4/7/2024 18:00,1306,16.4,0,5.8,42
4/7/2024 19:00,1128,13.6,0,6.4,57
4/7/2024 20:00,886,12.3,0,5.9,55
4/7/2024 21:00,545,13.5,0,4.7,45
4/7/2024 22:00,390,11.6,0,3.1,52
4/7/2024 23:00,326,10.1,0,4,58
4/8/2024 0:00,165,9.7,0,4,59
4/8/2024 1:00,72,8.2,0,5.2,66
4/8/2024 2:00,39,5.6,0,5.4,81
4/8/2024 3:00,23,5.6,0,5.2,82
4/8/2024 4:00,12,4.9,0,5.8,84
4/8/2024 5:00,35,3.7,0,10,87
4/8/2024 6:00,110,3.7,0,4.2,87
4/8/2024 7:00,264,4.1,0,5.9,86
4/8/2024 8:00,643,6.4,0,2.6,82
4/8/2024 9:00,1072,8.8,0,1.5,75
4/8/2024 10:00,714,11.9,0,3.5,66
4/8/2024 11:00,528,14.7,0,5.8,57
4/8/2024 12:00,651,17.1,0,9.4,49
4/8/2024 13:00,892,18.9,0,11.9,41
4/8/2024 14:00,975,19.7,0,13.8,42
4/8/2024 15:00,1204,20.4,0,13,43
4/8/2024 16:00,1204,21.2,0,11.9,40
4/8/2024 17:00,1145,21.1,0,11.9,41
4/8/2024 18:00,1624,20.2,0,8.9,48
4/8/2024 19:00,1444,17.9,0,8.2,56
4/8/2024 20:00,1017,15.5,0,9.2,61
4/8/2024 21:00,800,14.1,0,9.9,61
4/8/2024 22:00,526,13.2,0,8.8,65
4/8/2024 23:00,362,11.4,0,11.3,78
4/9/2024 0:00,262,12.2,0,9.3,73
4/9/2024 1:00,79,12.4,0,8.4,73
4/9/2024 2:00,32,9.8,0,9.7,86
4/9/2024 3:00,11,10,0,6.9,88
4/9/2024 4:00,21,9.6,0,6.8,90
4/9/2024 5:00,25,9.4,0,7.4,91
4/9/2024 6:00,105,9.6,0,8,90
4/9/2024 7:00,339,10.2,0,8.4,88
4/9/2024 8:00,840,12.3,0,8.2,82
4/9/2024 9:00,1496,14.6,0,7.2,77
4/9/2024 10:00,878,17.8,0,2.4,69
4/9/2024 11:00,489,20.2,0,5.6,63
4/9/2024 12:00,627,21.5,0,4.1,59
4/9/2024 13:00,767,23,0,2.4,55
4/9/2024 14:00,742,23.5,0,4.4,54
4/9/2024 15:00,795,23.5,0,6.4,55
4/9/2024 16:00,1065,23.8,0,6.9,54
4/9/2024 17:00,1344,23.4,0,7.3,54
4/9/2024 18:00,2064,22.6,0,6.5,61
4/9/2024 19:00,1817,20.6,0,6.6,68
4/9/2024 20:00,1214,18.1,0,6.4,76
4/9/2024 21:00,845,17.5,0,5,74
4/9/2024 22:00,639,16.6,0,7.1,82
4/9/2024 23:00,400,17.6,0,12,69
4/10/2024 0:00,273,17.1,0,11.5,68
4/10/2024 1:00,108,16.1,0,9.8,76
4/10/2024 2:00,59,15.1,0,9.2,84
4/10/2024 3:00,33,13.9,0,7.9,91
4/10/2024 4:00,12,13.4,0,8.4,93
4/10/2024 5:00,30,14.3,0,10.2,89
4/10/2024 6:00,123,14.6,0,8.7,88
4/10/2024 7:00,366,14.4,0.1,6.2,90
4/10/2024 8:00,885,14.7,0,8.1,90
4/10/2024 9:00,1575,16.1,1.2,6.4,93
4/10/2024 10:00,918,16.8,0.4,5.4,93
4/10/2024 11:00,581,18,0,6.9,85
4/10/2024 12:00,667,20.2,0.1,5.1,70
4/10/2024 13:00,804,21.8,0.3,8.4,63
4/10/2024 14:00,820,22.8,0.2,12.3,57
4/10/2024 15:00,849,24.3,0.1,10.8,49
4/10/2024 16:00,1030,24.9,0,11.4,46
4/10/2024 17:00,1461,24.8,0,10.6,46
4/10/2024 18:00,2166,24.1,0,6.4,52
4/10/2024 19:00,1880,22.4,0,9,57
4/10/2024 20:00,1374,21.3,0,14.2,58
4/10/2024 21:00,931,19,0,5.8,71
4/10/2024 22:00,728,18.2,0,9.7,74
4/10/2024 23:00,536,18,0,13.5,79
4/11/2024 0:00,292,17.2,0,12.2,86
4/11/2024 1:00,120,16.7,0,10.7,89
4/11/2024 2:00,50,16.3,0.8,11.6,92
4/11/2024 3:00,29,16.4,0.4,10.9,92
4/11/2024 4:00,10,16.1,0,9.3,94
4/11/2024 5:00,37,16.1,0,10.9,94
4/11/2024 6:00,110,16.1,0,13,91
4/11/2024 7:00,366,15.8,0,12.6,89
4/11/2024 8:00,884,16.1,0,11.3,88
4/11/2024 9:00,1615,18,0,17.3,83
4/11/2024 10:00,973,18.4,0,14.3,82
4/11/2024 11:00,635,20.4,0,20.4,72
4/11/2024 12:00,666,21.2,0,22.5,69
4/11/2024 13:00,642,20.6,0.1,20,72
4/11/2024 14:00,687,21,0,20,71
4/11/2024 15:00,681,22,0,26,66
4/11/2024 16:00,859,22.1,0,26.9,65
4/11/2024 17:00,926,20.2,0.3,19.6,80
4/11/2024 18:00,1566,19,0.5,20.7,86
4/11/2024 19:00,1351,18.6,0.1,20.1,88
4/11/2024 20:00,1003,18.1,0.1,20.2,90
4/11/2024 21:00,782,18.4,0.3,20.2,94
4/11/2024 22:00,577,18.6,5.3,22.3,93
4/11/2024 23:00,436,18.9,3.6,26.5,92
4/12/2024 0:00,267,18.2,2.8,23.5,93
4/12/2024 1:00,152,17.4,5.5,11.9,97
4/12/2024 2:00,64,17.9,1.6,20.5,95
4/12/2024 3:00,33,18.1,0.4,24.9,94
4/12/2024 4:00,27,17.4,1.2,25.7,91
4/12/2024 5:00,36,17,0.3,24.4,93
4/12/2024 6:00,98,16.6,0.9,25.6,89
4/12/2024 7:00,263,15.6,0.8,19,92
4/12/2024 8:00,556,15.3,0.1,20.2,82
4/12/2024 9:00,859,15.3,0.9,15,89
4/12/2024 10:00,463,14.4,0.6,18.6,89
4/12/2024 11:00,531,14.6,0.3,19.8,76
4/12/2024 12:00,703,17.4,0,28.9,53
4/12/2024 13:00,846,18.7,0,26.8,45
4/12/2024 14:00,904,18.1,0.2,30,43
4/12/2024 15:00,991,17.2,0.1,29.2,47
4/12/2024 16:00,1197,18.1,0,26,45
4/12/2024 17:00,1402,16.9,0.1,23.8,48
4/12/2024 18:00,1706,16.6,0,19.9,48
4/12/2024 19:00,1562,16,0,20.4,46
4/12/2024 20:00,1204,14.9,0,20.2,49
4/12/2024 21:00,782,13.9,0,15.5,55
4/12/2024 22:00,659,14.1,0,19,52
4/12/2024 23:00,542,13.5,0,23.1,54
4/13/2024 0:00,466,13.2,0,24.5,56
4/13/2024 1:00,316,12.8,0,26.6,58
4/13/2024 2:00,205,12.1,0,27.4,64
4/13/2024 3:00,129,11.1,0.1,25.7,67
4/13/2024 4:00,65,10.6,0,22.8,62
4/13/2024 5:00,39,10.7,0,21.1,55
4/13/2024 6:00,59,11,0,21.5,53
4/13/2024 7:00,115,11.1,0,22,57
4/13/2024 8:00,238,11.2,0,23.1,58
4/13/2024 9:00,421,13,0,24.6,53
4/13/2024 10:00,794,13.1,0,31.1,55
4/13/2024 11:00,919,14.2,0,31.7,50
4/13/2024 12:00,1153,14.9,0,32.2,44
4/13/2024 13:00,1397,15.6,0,31.8,39
4/13/2024 14:00,1414,16.4,0,32.4,36
4/13/2024 15:00,1526,17.2,0,30.5,32
4/13/2024 16:00,1562,17.6,0,30.3,31
4/13/2024 17:00,1476,17.5,0,27.2,31
4/13/2024 18:00,1507,16.7,0,22,35
4/13/2024 19:00,1361,15.7,0,18.7,37
4/13/2024 20:00,1132,14.5,0,15.4,36
4/13/2024 21:00,736,12.9,0,8.9,42
4/13/2024 22:00,738,11.2,0,8.4,49
4/13/2024 23:00,610,10.4,0,8.7,53
4/14/2024 0:00,471,9.7,0,8.1,56
4/14/2024 1:00,372,8.8,0,8,60
4/14/2024 2:00,244,8.6,0,8.2,61
4/14/2024 3:00,156,7.7,0,6.9,67
4/14/2024 4:00,56,7.3,0,6.9,70
4/14/2024 5:00,31,7.6,0,7.3,69
4/14/2024 6:00,37,7.5,0,7.7,68
4/14/2024 7:00,105,7.7,0,9.4,68
4/14/2024 8:00,161,10,0,10.1,67
4/14/2024 9:00,415,13.5,0,10.8,59
4/14/2024 10:00,732,16.4,0,13,56
4/14/2024 11:00,1169,19.2,0,18.3,46
4/14/2024 12:00,1385,21,0,22.3,41
4/14/2024 13:00,1598,22.3,0,25,39
4/14/2024 14:00,1704,23.5,0,27.1,38
4/14/2024 15:00,1701,24.8,0,26.2,38
4/14/2024 16:00,1730,24.9,0,27.4,39
4/14/2024 17:00,1606,23.9,0,24.8,43
4/14/2024 18:00,1569,22.8,0,21.3,47
4/14/2024 19:00,1296,22.4,0,22.2,48
4/14/2024 20:00,1097,21.7,0,19.4,49
4/14/2024 21:00,686,20.5,0,13.7,53
4/14/2024 22:00,496,17.6,0,8,65
4/14/2024 23:00,411,17.8,0,10.7,60
4/15/2024 0:00,226,18.2,0,12.9,56
4/15/2024 1:00,121,18.3,0,13.6,53
4/15/2024 2:00,56,17.6,0,11.8,53
4/15/2024 3:00,33,16.3,0,9.4,57
4/15/2024 4:00,21,15.4,0,10.3,61
4/15/2024 5:00,25,14.6,0,9.4,63
4/15/2024 6:00,98,14.5,0,7.6,65
4/15/2024 7:00,309,13.9,0,7.6,70
4/15/2024 8:00,685,16,0,8.3,68
4/15/2024 9:00,1147,19.3,0,4.5,66
4/15/2024 10:00,794,21.4,0,2.1,65
4/15/2024 11:00,610,23.6,0,2.1,59
4/15/2024 12:00,689,25.6,0,2.5,53
4/15/2024 13:00,807,27.1,0,6.8,47
4/15/2024 14:00,846,28.1,0,12.3,43
4/15/2024 15:00,842,24.7,1.9,11.9,57
4/15/2024 16:00,681,26.4,0,12.4,49
4/15/2024 17:00,1169,26.1,0,11.9,48
4/15/2024 18:00,1837,24.5,0.4,12.2,57
4/15/2024 19:00,1756,22,0,14.5,67
4/15/2024 20:00,1303,20.2,0,14.3,75
4/15/2024 21:00,873,18.6,0,7.5,75
4/15/2024 22:00,681,17.1,0,8.3,80
4/15/2024 23:00,474,16.9,0,7.6,81
4/16/2024 0:00,252,17,0,10.3,73
4/16/2024 1:00,110,16.9,0,16.5,54
4/16/2024 2:00,55,16.1,0,17.6,41
4/16/2024 3:00,32,14.7,0,14.6,44
4/16/2024 4:00,21,13.3,0,12,49
4/16/2024 5:00,42,11.7,0,8.2,56
4/16/2024 6:00,113,10.1,0,6.7,63
4/16/2024 7:00,348,9.7,0,6.1,69
4/16/2024 8:00,841,12,0,6.8,65
4/16/2024 9:00,1518,15.6,0,4.3,52
4/16/2024 10:00,922,17.4,0,5.6,46
4/16/2024 11:00,623,18.8,0,5.4,43
4/16/2024 12:00,673,19.9,0,5.5,42
4/16/2024 13:00,819,20.9,0,5.1,40
4/16/2024 14:00,777,21.7,0,4.5,38
4/16/2024 15:00,884,22.4,0,4.7,39
4/16/2024 16:00,1109,22.9,0,4.8,39
4/16/2024 17:00,1320,23.2,0,5.4,41
4/16/2024 18:00,2188,22.7,0,5.9,46
4/16/2024 19:00,2056,20.4,0,6.2,58
4/16/2024 20:00,1460,16.4,0,9,69
4/16/2024 21:00,948,16.2,0,8.4,55
4/16/2024 22:00,700,15.5,0,10.8,53
4/16/2024 23:00,543,14.7,0,12.1,58
4/17/2024 0:00,233,14.1,0,12,60
4/17/2024 1:00,106,13.7,0,13.8,57
4/17/2024 2:00,35,13,0,12.3,57
4/17/2024 3:00,24,12.8,0,10.4,58
4/17/2024 4:00,25,12.6,0,10.1,59
4/17/2024 5:00,31,12.2,0,10.4,58
4/17/2024 6:00,122,12,0,9.1,56
4/17/2024 7:00,387,11.8,0,8.6,59
4/17/2024 8:00,879,13.3,0,9.3,59
4/17/2024 9:00,1586,15.3,0,8,54
4/17/2024 10:00,886,15.1,3.4,11.3,63
4/17/2024 11:00,605,15.7,9.5,8.4,70
4/17/2024 12:00,539,17,0,9.1,67
4/17/2024 13:00,704,18.2,0,4.8,65
4/17/2024 14:00,777,18.7,0,8.3,67
4/17/2024 15:00,797,20.6,0,9,64
4/17/2024 16:00,992,21.6,0,9.5,63
4/17/2024 17:00,1216,21.4,0,11.8,66
4/17/2024 18:00,2309,21.9,0,9.2,68
4/17/2024 19:00,2040,20.8,0,8.4,74
4/17/2024 20:00,1498,18.9,0,9.1,83
4/17/2024 21:00,1012,17.3,0,10.8,91
4/17/2024 22:00,756,16.8,0,7.6,94
4/17/2024 23:00,510,16.4,0,6.1,94
4/18/2024 0:00,286,15.7,0,4.3,94
4/18/2024 1:00,154,14.7,0,8.3,93
4/18/2024 2:00,65,16.1,0,10.5,91
4/18/2024 3:00,42,16.3,0,9.2,90
4/18/2024 4:00,13,16.5,0,12.3,87
4/18/2024 5:00,26,16.1,0,10.5,87
4/18/2024 6:00,103,15.5,0,10.8,91
4/18/2024 7:00,350,15.2,0,10.6,93
4/18/2024 8:00,813,17.1,0,12,87
4/18/2024 9:00,1472,19,0,3.4,78
4/18/2024 10:00,905,20.4,0.1,5.1,71
4/18/2024 11:00,667,21.6,0.1,12,58
4/18/2024 12:00,683,22.8,0,15.9,51
4/18/2024 13:00,888,22.9,0,16.9,50
4/18/2024 14:00,891,23.6,0,15.7,48
4/18/2024 15:00,919,23.9,0,13.3,48
4/18/2024 16:00,1085,23,0,12.5,52
4/18/2024 17:00,1427,23.6,0,11.8,49
4/18/2024 18:00,2255,23.4,0,10.5,50
4/18/2024 19:00,2048,21,0,5.1,63
4/18/2024 20:00,1572,18.1,0,12.3,73
4/18/2024 21:00,1054,15.3,0,13.1,77
4/18/2024 22:00,785,13.9,0,13.7,81
4/18/2024 23:00,566,12.5,0,15.2,82
4/19/2024 0:00,362,11.5,0,13.7,83
4/19/2024 1:00,172,10.6,0,10.2,85
4/19/2024 2:00,97,9.9,0,8.4,88
4/19/2024 3:00,35,9.2,0,4.5,92
4/19/2024 4:00,19,9,0,6.6,92
4/19/2024 5:00,33,8.4,0,5.3,94
4/19/2024 6:00,115,8,0,7.2,95
4/19/2024 7:00,258,8.1,0,10.1,93
4/19/2024 8:00,645,9.5,0,12.3,85
4/19/2024 9:00,956,10.6,0,12.9,83
4/19/2024 10:00,780,11.2,0,14.5,81
4/19/2024 11:00,675,13,0,13.5,76
4/19/2024 12:00,763,14.6,0,13,72
4/19/2024 13:00,903,15.9,0,7.2,70
4/19/2024 14:00,897,17,0.4,9.3,68
4/19/2024 15:00,950,16.9,0.8,11.2,71
4/19/2024 16:00,890,15.6,0.8,12,82
4/19/2024 17:00,1103,15.6,0.1,5.6,83
4/19/2024 18:00,1520,16.2,0,7.9,81
4/19/2024 19:00,1401,15.6,0,6.1,82
4/19/2024 20:00,999,14,0,6.7,90
4/19/2024 21:00,730,12.4,0.6,3.9,93
4/19/2024 22:00,628,12,0,5.7,94
4/19/2024 23:00,595,10.6,0,6.7,96
4/20/2024 0:00,483,10.9,0,4.7,95
4/20/2024 1:00,317,10.7,0,5.2,96
4/20/2024 2:00,250,10.8,0,4.4,97
4/20/2024 3:00,179,11.4,0.3,3.9,96
4/20/2024 4:00,86,11.7,0,4.4,95
4/20/2024 5:00,33,11.2,0,3.3,98
4/20/2024 6:00,53,11.6,0,6.9,97
4/20/2024 7:00,133,12.3,0,8.7,97
4/20/2024 8:00,246,12.9,0.1,11.2,95
4/20/2024 9:00,504,14.1,0,7.9,90
4/20/2024 10:00,819,14.5,0,10.7,87
4/20/2024 11:00,1071,16.2,0,9.5,75
4/20/2024 12:00,1302,18,0,11.1,49
4/20/2024 13:00,1599,19.2,0,13.4,36
4/20/2024 14:00,1682,20,0,15.7,34
4/20/2024 15:00,1929,20.8,0,15.5,31
4/20/2024 16:00,2063,20.6,0,20.2,31
4/20/2024 17:00,1874,20.1,0,18.7,31
4/20/2024 18:00,1914,19.1,0,17.1,32
4/20/2024 19:00,1663,17.6,0,12.8,37
4/20/2024 20:00,1377,15.6,0,15.7,36
4/20/2024 21:00,897,15.6,0,18.2,32
4/20/2024 22:00,700,14.6,0,18.1,35
4/20/2024 23:00,632,13.2,0,11.9,40
4/21/2024 0:00,539,11.4,0,11.5,43
4/21/2024 1:00,333,10.3,0,12.3,44
4/21/2024 2:00,242,9.2,0,11,46
4/21/2024 3:00,137,8.2,0,11.3,47
4/21/2024 4:00,79,7.6,0,11.2,48
4/21/2024 5:00,40,7,0,9.7,49
4/21/2024 6:00,37,6.2,0,7.2,53
4/21/2024 7:00,95,6.2,0,8.3,56
4/21/2024 8:00,162,7.2,0,6,54
4/21/2024 9:00,305,8.4,0,6.1,48
4/21/2024 10:00,544,9,0,4.1,46
4/21/2024 11:00,848,9.4,0,2.1,45
4/21/2024 12:00,1001,9.8,0,1.1,45
4/21/2024 13:00,1102,10,0,0.5,47
4/21/2024 14:00,1092,10.8,0,1.1,46
4/21/2024 15:00,1118,11.9,0,8.4,44
4/21/2024 16:00,1170,12.1,0,11.9,43
4/21/2024 17:00,1132,13,0,14.3,40
4/21/2024 18:00,1056,12.8,0,13.5,41
4/21/2024 19:00,833,12,0,9.2,46
4/21/2024 20:00,704,10.7,0,9.1,48
4/21/2024 21:00,483,8.5,0,5.2,62
4/21/2024 22:00,417,7.5,0,6.2,66
4/21/2024 23:00,314,7,0,9.7,64
4/22/2024 0:00,165,7.4,0,16.4,52
4/22/2024 1:00,78,6.9,0,16.1,52
4/22/2024 2:00,37,6.4,0,15.3,54
4/22/2024 3:00,20,5.7,0,13.4,56
4/22/2024 4:00,10,4.9,0,10.8,60
4/22/2024 5:00,25,4.1,0,10.6,64
4/22/2024 6:00,101,3.3,0,9.8,69
4/22/2024 7:00,287,3.5,0,9.7,71
4/22/2024 8:00,652,5.8,0,9.2,68
4/22/2024 9:00,1117,8.9,0,10.1,56
4/22/2024 10:00,744,11,0,9.8,45
4/22/2024 11:00,538,12.3,0,8.8,41
4/22/2024 12:00,641,13.4,0,8.2,40
4/22/2024 13:00,683,14.5,0,8.9,38
4/22/2024 14:00,758,15.7,0,12.2,34
4/22/2024 15:00,818,16,0,12.5,33
4/22/2024 16:00,1042,16.5,0,12.5,31
4/22/2024 17:00,1206,16.7,0,11.8,30
4/22/2024 18:00,1808,16.1,0,11.8,29
4/22/2024 19:00,1570,14.5,0,4.3,62
4/22/2024 20:00,1190,11.7,0,5.9,56
4/22/2024 21:00,809,12.7,0,1.6,50
4/22/2024 22:00,601,8.3,0,8,72
4/22/2024 23:00,378,7.6,0,8,73
4/23/2024 0:00,210,6.7,0,7.9,76
4/23/2024 1:00,79,5.7,0,8,80
4/23/2024 2:00,34,5.5,0,6.5,77
4/23/2024 3:00,21,4.6,0,8.7,79
4/23/2024 4:00,17,4.3,0,7.5,77
4/23/2024 5:00,32,4,0,6.5,79
4/23/2024 6:00,99,3.5,0,7,82
4/23/2024 7:00,336,4.7,0,4.4,81
4/23/2024 8:00,855,7.6,0,3.1,74
4/23/2024 9:00,1508,11.5,0,3.1,63
4/23/2024 10:00,910,15.2,0,3.7,54
4/23/2024 11:00,570,17.9,0,9.3,35
4/23/2024 12:00,690,18.7,0,12.8,31
4/23/2024 13:00,751,19.7,0,13.9,31
4/23/2024 14:00,798,20.4,0,15.5,30
4/23/2024 15:00,809,21,0,16.6,29
4/23/2024 16:00,1061,21.2,0,17.8,29
4/23/2024 17:00,1376,21.1,0,17.3,29
4/23/2024 18:00,2222,20.5,0,14.2,33
4/23/2024 19:00,1818,18.8,0,12.6,38
4/23/2024 20:00,1329,16.7,0,14.6,40
4/23/2024 21:00,910,15.4,0,13.2,47
4/23/2024 22:00,702,15.1,0,14.1,48
4/23/2024 23:00,590,14.9,0,16.9,49
4/24/2024 0:00,240,14.9,0,18.2,48
4/24/2024 1:00,103,15.4,0,19.5,46
4/24/2024 2:00,44,15.9,0,19.8,45
4/24/2024 3:00,26,16,0,16.8,45
4/24/2024 4:00,17,15,0,13,48
4/24/2024 5:00,22,14.3,0.1,11.5,53
4/24/2024 6:00,98,13.6,0,10.4,58
4/24/2024 7:00,313,14,0,11.3,58
4/24/2024 8:00,885,15.1,0,13.5,57
4/24/2024 9:00,1543,16.7,0,9.8,59
4/24/2024 10:00,967,18.5,0,17.6,52
4/24/2024 11:00,617,19.2,0.1,18.1,47
4/24/2024 12:00,635,19.9,0,18.7,44
4/24/2024 13:00,770,20.6,0,20.3,39
4/24/2024 14:00,797,21.6,0,20.3,34
4/24/2024 15:00,830,22.1,0,22.9,31
4/24/2024 16:00,1066,21.2,0,20.7,34
4/24/2024 17:00,1333,20.7,0,19.1,35
4/24/2024 18:00,2328,20.3,0,16.5,36
4/24/2024 19:00,1996,18.7,0,10.5,43
4/24/2024 20:00,1378,14.6,0,9.2,60
4/24/2024 21:00,981,14.9,0,9.1,52
4/24/2024 22:00,890,13.4,0,7.6,56
4/24/2024 23:00,534,13.3,0,10.6,57
4/25/2024 0:00,253,11.9,0,7.3,64
4/25/2024 1:00,111,11.4,0,11.2,66
4/25/2024 2:00,59,11.1,0,12.1,67
4/25/2024 3:00,24,10.7,0,11.3,72
4/25/2024 4:00,36,10.1,0,10.9,74
4/25/2024 5:00,36,9.8,0,11.7,70
4/25/2024 6:00,127,9.1,0,12.2,68
4/25/2024 7:00,321,8.3,0,12.3,68
4/25/2024 8:00,853,9,0,13,63
4/25/2024 9:00,1438,11.1,0.1,11.7,66
4/25/2024 10:00,940,11.9,0,12.2,62
4/25/2024 11:00,577,12.7,0,11.2,61
4/25/2024 12:00,664,13.8,0,9.4,58
4/25/2024 13:00,776,14.9,0,9,56
4/25/2024 14:00,726,15.3,0,7.3,55
4/25/2024 15:00,867,15.2,0,7.7,55
4/25/2024 16:00,1089,15.2,0,6.9,55
4/25/2024 17:00,1307,15.1,0,6.5,55
4/25/2024 18:00,1996,14.8,0,6.4,55
4/25/2024 19:00,1656,14.4,0,8.3,55
4/25/2024 20:00,1351,13.3,0,10.2,58
4/25/2024 21:00,821,10.8,0,5.9,71
4/25/2024 22:00,714,9.8,0,5.8,76
4/25/2024 23:00,525,9.5,0,10.1,75
4/26/2024 0:00,306,8.8,0,8.1,74
4/26/2024 1:00,145,8,0,5.1,77
4/26/2024 2:00,69,8.1,0,4.7,76
4/26/2024 3:00,37,6,0,5.4,88
4/26/2024 4:00,17,5.9,0,5.7,89
4/26/2024 5:00,32,6,0,6.3,88
4/26/2024 6:00,115,6.7,0,5.7,84
4/26/2024 7:00,291,7.4,0,5.4,82
4/26/2024 8:00,671,8.6,0,8,78
4/26/2024 9:00,1105,10,0,8,70
4/26/2024 10:00,852,11.6,0,9,61
4/26/2024 11:00,667,13.5,0,10.5,46
4/26/2024 12:00,847,14.8,0,12.7,32
4/26/2024 13:00,915,15.9,0,14,26
4/26/2024 14:00,952,16.6,0,14,30
4/26/2024 15:00,1039,16.9,0,13.9,34
4/26/2024 16:00,1251,17.1,0,15.5,34
4/26/2024 17:00,1487,17.1,0,15.4,33
4/26/2024 18:00,1870,16.5,0,14.2,33
4/26/2024 19:00,1687,15.5,0,12.5,35
4/26/2024 20:00,1314,14.3,0,15.9,32
4/26/2024 21:00,726,12,0,12.6,44
4/26/2024 22:00,764,10.8,0,11.2,47
4/26/2024 23:00,654,10.2,0,11.4,51
4/27/2024 0:00,493,9.5,0,10.7,57
4/27/2024 1:00,352,8.8,0,9.7,64
4/27/2024 2:00,220,8.1,0,7,71
4/27/2024 3:00,124,7.7,0,6.3,76
4/27/2024 4:00,60,8.4,0,7.8,76
4/27/2024 5:00,30,8.4,0,7.3,79
4/27/2024 6:00,42,8.6,0,5.6,79
4/27/2024 7:00,124,9.9,0,6.6,76
4/27/2024 8:00,260,11.1,0,7,73
4/27/2024 9:00,454,11.2,0,8.6,69
4/27/2024 10:00,779,12.1,0,10,67
4/27/2024 11:00,882,12.8,0,11.2,65
4/27/2024 12:00,980,13.1,0.1,11.8,67
4/27/2024 13:00,1063,14.1,0.2,12.2,67
4/27/2024 14:00,620,14.1,0.6,12.3,72
4/27/2024 15:00,719,14,0.6,11.6,80
4/27/2024 16:00,821,16.6,0.1,14,69
4/27/2024 17:00,1027,17.4,0,14,65
4/27/2024 18:00,1025,18.2,0,11,62
4/27/2024 19:00,981,17.5,0,13.1,65
4/27/2024 20:00,899,15.6,0,12.9,69
4/27/2024 21:00,688,14.1,0,10,80
4/27/2024 22:00,631,13,0,7.9,83
4/27/2024 23:00,548,12.6,0,7.2,84
4/28/2024 0:00,531,11.9,0,5,89
4/28/2024 1:00,372,11.3,0,5.9,91
4/28/2024 2:00,244,12,0,7,91
4/28/2024 3:00,161,11.7,0,7.4,94
4/28/2024 4:00,73,11.6,0,6.4,95
4/28/2024 5:00,45,11,0,6.1,97
4/28/2024 6:00,88,11.1,0,5.9,97
4/28/2024 7:00,129,12.1,0,6.6,95
4/28/2024 8:00,237,14.8,0,4.4,88
4/28/2024 9:00,441,16,0,0.8,86
4/28/2024 10:00,852,18.4,0,1,80
4/28/2024 11:00,1203,20.9,0,1.3,72
4/28/2024 12:00,1523,23.4,0,3.3,65
4/28/2024 13:00,1697,25.7,0,4.2,57
4/28/2024 14:00,1835,27.5,0,6.3,51
4/28/2024 15:00,1758,28.6,0,10.5,45
4/28/2024 16:00,1824,28.7,0,13.5,45
4/28/2024 17:00,1659,28.5,0,13,44
4/28/2024 18:00,1574,27.6,0,10.2,47
4/28/2024 19:00,1382,25.5,0,5.4,63
4/28/2024 20:00,1107,22.3,0,7.6,69
4/28/2024 21:00,831,22.4,0,11.3,66
4/28/2024 22:00,560,21,0,9.8,72
4/28/2024 23:00,469,20.3,0,12.3,75
4/29/2024 0:00,397,19.9,0,12.4,74
4/29/2024 1:00,136,19.4,0,12.6,73
4/29/2024 2:00,56,18.6,0,11.3,74
4/29/2024 3:00,41,17.2,0,7.1,80
4/29/2024 4:00,27,16.2,0,7.2,85
4/29/2024 5:00,30,15.6,0,7.6,87
4/29/2024 6:00,119,14.9,0,6.6,91
4/29/2024 7:00,339,15.5,0,7.3,90
4/29/2024 8:00,745,18.3,0,6,82
4/29/2024 9:00,1277,21.9,0,3.4,74
4/29/2024 10:00,840,25.4,0,4,65
4/29/2024 11:00,641,28.1,0,7.4,53
4/29/2024 12:00,716,29.7,0,8.7,43
4/29/2024 13:00,787,30.5,0,5.9,40
4/29/2024 14:00,735,31.2,0,3.3,40
4/29/2024 15:00,821,31.4,0,2.9,40
4/29/2024 16:00,1048,31,0,7.4,41
4/29/2024 17:00,1322,29.8,0,7.6,42
4/29/2024 18:00,1777,28.9,0,3.1,68
4/29/2024 19:00,1755,27.7,0,4.2,56
4/29/2024 20:00,1366,23.9,0,9.7,62
4/29/2024 21:00,1076,23.5,0,9.3,59
4/29/2024 22:00,770,22.9,0,12.6,66
4/29/2024 23:00,484,22.2,0,14.9,67
4/30/2024 0:00,241,21.7,0,15.1,59
4/30/2024 1:00,106,20.8,0,13.5,55
4/30/2024 2:00,72,20,0,14.1,55
4/30/2024 3:00,35,19.4,0,14.5,55
4/30/2024 4:00,21,18.4,0,13.5,60
4/30/2024 5:00,32,17.9,0,13.8,62
4/30/2024 6:00,125,17.2,0,12.7,66
4/30/2024 7:00,410,17.4,0,13.8,68
4/30/2024 8:00,1003,19.1,0,10.1,67
4/30/2024 9:00,1662,21,0,11.3,62
4/30/2024 10:00,946,23.2,0,10.7,57
4/30/2024 11:00,582,25.6,0,10.7,50
4/30/2024 12:00,675,27.4,0,10.5,45
4/30/2024 13:00,808,28.8,0,9.9,42
4/30/2024 14:00,755,29.4,0,10.2,41
4/30/2024 15:00,858,29.7,0,12,39
4/30/2024 16:00,1082,29.4,0,13.3,38
4/30/2024 17:00,1435,28.7,0,13,40
4/30/2024 18:00,2190,27.7,0,10.4,44
4/30/2024 19:00,2057,25.4,0.1,16.4,51
4/30/2024 20:00,1403,23.5,0,15,59
4/30/2024 21:00,1037,21,0.2,12.9,74
4/30/2024 22:00,802,20.6,0,12.1,77
4/30/2024 23:00,495,19.8,0,12.9,84
5/1/2024 0:00,160,19.4,0.2,8.4,87
5/1/2024 1:00,94,18.7,0.5,3.6,93
5/1/2024 2:00,49,17.4,0,4.9,97
5/1/2024 3:00,30,17.3,0,5.6,97
5/1/2024 4:00,22,17.4,0,8.6,95
5/1/2024 5:00,34,17,0,8.9,95
5/1/2024 6:00,139,16.6,0,8,95
5/1/2024 7:00,380,16.9,0,10.1,94
5/1/2024 8:00,968,17.9,0,12.8,91
5/1/2024 9:00,1726,20,0,10.2,85
5/1/2024 10:00,952,22.1,0,10.5,71
5/1/2024 11:00,663,23.6,0,10.9,56
5/1/2024 12:00,722,24.9,0,9.9,48
5/1/2024 13:00,786,26,0,10.3,41
5/1/2024 14:00,844,26.8,0,9.8,37
5/1/2024 15:00,900,27.4,0,9.2,35
5/1/2024 16:00,1149,27.8,0,8.7,32
5/1/2024 17:00,1469,27.9,0,7.2,30
5/1/2024 18:00,2235,27.2,0,6.1,33
5/1/2024 19:00,2071,25.4,0,5.5,56
5/1/2024 20:00,1513,23.4,0,5.8,46
5/1/2024 21:00,1149,20.6,0,9.2,56
5/1/2024 22:00,885,20.5,0,9.1,57
5/1/2024 23:00,588,18.7,0,6.5,70
5/2/2024 0:00,352,17.5,0,6.5,76
5/2/2024 1:00,143,16.9,0,6.8,78
5/2/2024 2:00,67,16.5,0,6.7,82
5/2/2024 3:00,44,15.3,0,6.6,86
5/2/2024 4:00,22,15,0,5.6,88
5/2/2024 5:00,40,14.3,0,5.9,90
5/2/2024 6:00,114,14,0,5.3,90
5/2/2024 7:00,388,15.3,0,6.5,84
5/2/2024 8:00,884,18.5,0,4.5,74
5/2/2024 9:00,1597,22.1,0,3.7,68
5/2/2024 10:00,1000,25.2,0,4.3,55
5/2/2024 11:00,631,27.2,0,9.4,45
5/2/2024 12:00,734,28.5,0,10.4,43
5/2/2024 13:00,821,29.6,0,9.7,40
5/2/2024 14:00,829,30.5,0,10.1,37
5/2/2024 15:00,901,30.9,0,9.2,35
5/2/2024 16:00,1142,31.1,0,9.1,34
5/2/2024 17:00,1420,31.1,0,8,34
5/2/2024 18:00,2204,30.4,0,4.7,40
5/2/2024 19:00,1954,28.7,0,4.9,57
5/2/2024 20:00,1528,29.3,0,3.2,37
5/2/2024 21:00,1154,24.4,0,8.6,51
5/2/2024 22:00,904,22.4,0,7.1,59
5/2/2024 23:00,651,21.7,0,7.8,62
5/3/2024 0:00,423,21,0,8.2,64
5/3/2024 1:00,194,19.6,0,6,70
5/3/2024 2:00,111,18.5,0,6.5,73
5/3/2024 3:00,51,17.7,0,5.8,76
5/3/2024 4:00,24,17.9,0,9.5,74
5/3/2024 5:00,41,17.9,0,14.3,76
5/3/2024 6:00,110,17.8,0,16.1,68
5/3/2024 7:00,346,17.6,0,15.3,63
5/3/2024 8:00,756,18.4,0,15.5,60
5/3/2024 9:00,1254,18.8,0,15.6,63
5/3/2024 10:00,896,20.2,0,15.6,63
5/3/2024 11:00,799,21.6,0,15.8,61
5/3/2024 12:00,896,22.6,0,16.3,58
5/3/2024 13:00,1101,22.7,0,17.9,57
5/3/2024 14:00,1173,22.8,0,17.7,55
5/3/2024 15:00,1158,22.9,0,18.3,53
5/3/2024 16:00,1336,22.9,0,19.6,52
5/3/2024 17:00,1615,21.9,0,20.2,53
5/3/2024 18:00,2021,20.4,0,19.6,56
5/3/2024 19:00,1781,18.5,0,18.8,61
5/3/2024 20:00,1404,16.8,0,17.1,66
5/3/2024 21:00,935,13.8,0,15.9,75
5/3/2024 22:00,683,12.8,0,15.1,76
5/3/2024 23:00,603,11.8,0,13.8,78
5/4/2024 0:00,499,11.4,0,14,80
5/4/2024 1:00,322,11.3,0,12.6,80
5/4/2024 2:00,183,11.5,0.4,12.1,79
5/4/2024 3:00,44,11.5,1,11.6,83
5/4/2024 4:00,14,11.2,0.4,11.5,90
5/4/2024 5:00,10,11.2,0.1,11.6,88
5/4/2024 6:00,24,11.1,0.2,10.8,91
5/4/2024 7:00,86,11.1,0.5,12.2,92
5/4/2024 8:00,171,11.6,0.2,11.6,88
5/4/2024 9:00,269,11.8,1.7,9.1,92
5/4/2024 10:00,515,12,1.7,8,93
5/4/2024 11:00,633,12.2,1.1,9.7,93
5/4/2024 12:00,702,12.5,0.5,10.8,90
5/4/2024 13:00,707,12.7,0.3,11.9,91
5/4/2024 14:00,620,13.1,0.5,12.4,90
5/4/2024 15:00,719,13,0.5,12,92
5/4/2024 16:00,603,13.3,0.7,12.3,93
5/4/2024 17:00,704,13.6,0.4,13.5,89
5/4/2024 18:00,707,13.4,0.1,14.1,90
5/4/2024 19:00,639,13.3,0,12.3,92
5/4/2024 20:00,555,13,0,12.7,92
5/4/2024 21:00,335,11.6,0.1,13.4,92
5/4/2024 22:00,324,11.7,0,13,93
5/4/2024 23:00,378,11.8,0.1,10.8,93
5/5/2024 0:00,326,11.9,0.3,11.6,93
5/5/2024 1:00,256,11.9,0.1,12.3,94
5/5/2024 2:00,149,12.1,0,11.9,93
5/5/2024 3:00,91,12.3,0.3,11.2,94
5/5/2024 4:00,22,12.5,0.7,10.8,94
5/5/2024 5:00,18,12.7,0.6,10.2,94
5/5/2024 6:00,36,12.9,3.5,9.3,95
5/5/2024 7:00,96,12.9,1.5,9.6,96
5/5/2024 8:00,125,13.1,0.8,7.9,97
5/5/2024 9:00,265,13.1,1.1,6.7,97
5/5/2024 10:00,495,14.4,0.5,4.7,96
5/5/2024 11:00,455,15.6,0.3,3.3,94
5/5/2024 12:00,449,16,0.7,3.6,94
5/5/2024 13:00,561,17.3,0.3,5.3,91
5/5/2024 14:00,790,18.3,0.3,8.4,89
5/5/2024 15:00,908,19,0.1,9.2,88
5/5/2024 16:00,1068,20.2,0,9.3,85
5/5/2024 17:00,1030,20.8,0.1,10.3,84
5/5/2024 18:00,1137,21,0.1,11.4,84
5/5/2024 19:00,965,20.7,0,8,87
5/5/2024 20:00,692,19.3,0,7.4,94
5/5/2024 21:00,499,18.1,5.9,4,96
5/5/2024 22:00,460,17.9,0.6,5,97
5/5/2024 23:00,283,17.8,0,5.3,97
5/6/2024 0:00,223,17.2,0,5.6,99
5/6/2024 1:00,127,17.1,0,4.4,100
5/6/2024 2:00,45,17.1,0,5.8,100
5/6/2024 3:00,41,17.2,0,5.8,100
5/6/2024 4:00,26,17.1,0,5.1,100
5/6/2024 5:00,33,17,0,4.6,100
5/6/2024 6:00,120,17,0,5.1,99
5/6/2024 7:00,338,17.4,0,5.6,99
5/6/2024 8:00,715,17.8,0,6.8,99
5/6/2024 9:00,1196,18.2,0,1.3,99
5/6/2024 10:00,734,19.1,0,2.2,96
5/6/2024 11:00,590,20.8,0.2,1.1,87
5/6/2024 12:00,618,22.1,0.1,2.9,81
5/6/2024 13:00,774,23.2,0.1,3.5,77
5/6/2024 14:00,721,24.1,0,2.3,73
5/6/2024 15:00,793,24.1,0,1.1,73
5/6/2024 16:00,1017,24.4,0,1.1,72
5/6/2024 17:00,1217,24.7,0,1.8,70
5/6/2024 18:00,1915,23.9,0.2,3.2,73
5/6/2024 19:00,1632,23.1,0,5,79
5/6/2024 20:00,1201,21.7,0,7,85
5/6/2024 21:00,849,19.6,2.6,3.8,95
5/6/2024 22:00,511,19.4,2.7,4.7,96
5/6/2024 23:00,296,19.1,1.6,4.3,97
5/7/2024 0:00,175,18.6,0.8,5.2,97
5/7/2024 1:00,78,18.6,0.5,3.8,97
5/7/2024 2:00,43,18.3,0.7,3.3,99
5/7/2024 3:00,17,18.2,0.9,4,99
5/7/2024 4:00,16,17.8,0.3,3.2,99
5/7/2024 5:00,32,17.8,1.8,3.1,100
5/7/2024 6:00,114,17.5,1.9,2.4,100
5/7/2024 7:00,348,17.5,0.7,2.3,100
5/7/2024 8:00,885,17.7,1.5,4.8,99
5/7/2024 9:00,1538,19.3,2.8,7,93
5/7/2024 10:00,938,19.2,6,3.4,93
5/7/2024 11:00,589,20.2,0.2,2.9,88
5/7/2024 12:00,657,22.9,0,0.7,81
5/7/2024 13:00,780,23.9,0.1,1.1,77
5/7/2024 14:00,692,24.5,0.1,1,70
5/7/2024 15:00,784,23.8,0.2,3.2,72
5/7/2024 16:00,1106,25.1,0.2,3.4,70
5/7/2024 17:00,1433,25.3,0,2.9,67
5/7/2024 18:00,2189,25.4,0,4,65
5/7/2024 19:00,1923,24.2,0,4.8,72
5/7/2024 20:00,1343,22.1,0,5.5,81
5/7/2024 21:00,1105,20.4,0,7.5,92
5/7/2024 22:00,930,20,0,7.3,93
5/7/2024 23:00,571,19.8,0,8.8,94
5/8/2024 0:00,299,19.4,0,8.2,95
5/8/2024 1:00,145,19.2,0,7.3,95
5/8/2024 2:00,69,18.8,0,7.3,96
5/8/2024 3:00,33,18.4,0,8.5,97
5/8/2024 4:00,29,18.1,0,7.1,97
5/8/2024 5:00,36,18.2,0,8.5,95
5/8/2024 6:00,122,18,0,7.4,94
5/8/2024 7:00,388,18.8,0,11.5,93
5/8/2024 8:00,994,20.6,0,10.2,90
5/8/2024 9:00,1696,23.1,0,9.7,88
5/8/2024 10:00,989,25.1,0,8.5,81
5/8/2024 11:00,695,27.5,0,12.3,66
5/8/2024 12:00,754,27.6,0,14.8,60
5/8/2024 13:00,879,28.1,0,14.8,57
5/8/2024 14:00,793,28.2,0,14.4,55
5/8/2024 15:00,882,28.6,0,13.1,55
5/8/2024 16:00,1177,28.8,0,14,50
5/8/2024 17:00,1414,28.9,0,13.1,48
5/8/2024 18:00,2270,28.3,0,9.5,56
5/8/2024 19:00,2059,26.8,0,7.1,65
5/8/2024 20:00,1540,23.2,0,6.6,73
5/8/2024 21:00,1115,21.7,0,6.8,78
5/8/2024 22:00,899,20.6,0,7.7,79
5/8/2024 23:00,748,19.7,0,8.1,77
5/9/2024 0:00,331,19.3,0,8.7,76
5/9/2024 1:00,153,19.1,0,8.7,73
5/9/2024 2:00,58,18.1,0,9.4,75
5/9/2024 3:00,47,17.9,0,11.3,74
5/9/2024 4:00,16,17.7,0,10,74
5/9/2024 5:00,26,16.8,0,6.8,78
5/9/2024 6:00,120,16.5,0,8.6,72
5/9/2024 7:00,348,17.2,0,7.5,64
5/9/2024 8:00,841,17.4,0,7.7,63
5/9/2024 9:00,1475,19.4,0,7.2,63
5/9/2024 10:00,940,19.7,0.1,0.8,62
5/9/2024 11:00,609,19.1,0.7,2.9,69
5/9/2024 12:00,669,18.7,0.9,8,78
5/9/2024 13:00,792,19.1,0.1,9.1,77
5/9/2024 14:00,814,19.9,0,12.5,72
5/9/2024 15:00,846,20.4,0,12.5,67
5/9/2024 16:00,1085,21.1,0,13.4,63
5/9/2024 17:00,1364,21,0,13.4,65
5/9/2024 18:00,2103,20.9,0,12.3,67
5/9/2024 19:00,1966,20,0.3,10,71
5/9/2024 20:00,1256,19,0,11.5,74
5/9/2024 21:00,659,17.4,0,14.2,76
5/9/2024 22:00,530,16.7,0.1,15.1,81
5/9/2024 23:00,379,16.5,0,14.8,73
5/10/2024 0:00,299,15.2,1.6,10.5,79
5/10/2024 1:00,100,14.6,1.3,11.7,85
5/10/2024 2:00,84,14.2,0.1,9.7,88
5/10/2024 3:00,44,14.3,0,7.6,90
5/10/2024 4:00,37,13.6,0,6.4,94
5/10/2024 5:00,44,13.4,0,5.2,96
5/10/2024 6:00,107,13.9,0.1,6.9,94
5/10/2024 7:00,292,14.2,0,9.8,93
5/10/2024 8:00,623,14.7,0,11.5,90
5/10/2024 9:00,1066,14.3,0.2,12.1,89
5/10/2024 10:00,602,14.7,0.3,11.6,86
5/10/2024 11:00,242,14.1,0.9,10.8,92
5/10/2024 12:00,330,14.2,0.5,12.8,89
5/10/2024 13:00,461,14.8,0.5,13,86
5/10/2024 14:00,447,15.7,0.4,13.7,83
5/10/2024 15:00,597,15.8,0.3,14.2,79
5/10/2024 16:00,806,15,0.1,15.9,78
5/10/2024 17:00,823,14.7,0,15.1,76
5/10/2024 18:00,1055,14.3,0,15.6,75
5/10/2024 19:00,902,13.3,0.1,14,75
5/10/2024 20:00,680,12.8,0,13.1,76
5/10/2024 21:00,439,11.2,0.2,12.5,88
5/10/2024 22:00,432,11,0.2,12.3,90
5/10/2024 23:00,425,11,0.1,10.7,90
5/11/2024 0:00,293,10.8,0.1,9.7,90
5/11/2024 1:00,247,10.7,0.1,8.9,90
5/11/2024 2:00,190,10.6,0,8.2,89
5/11/2024 3:00,103,10.3,0,6.1,90
5/11/2024 4:00,65,9.5,0,4,96
5/11/2024 5:00,30,7.5,0,6.9,98
5/11/2024 6:00,53,7.2,0,6.2,99
5/11/2024 7:00,138,9,0,7.2,97
5/11/2024 8:00,272,10.7,0,4.8,86
5/11/2024 9:00,561,12.1,0,0.8,69
5/11/2024 10:00,931,13.7,0,1.9,60
5/11/2024 11:00,1124,15,0,2.6,56
5/11/2024 12:00,1419,16.2,0,4.5,53
5/11/2024 13:00,1587,16,0,5.4,52
5/11/2024 14:00,1563,16.5,0,6.8,52
5/11/2024 15:00,1622,16.6,0,9.5,53
5/11/2024 16:00,1696,17.1,0,9.2,53
5/11/2024 17:00,1638,16.9,0.1,9.5,54
5/11/2024 18:00,1400,16.3,0,9.9,58
5/11/2024 19:00,616,15.8,0,7.6,61
5/11/2024 20:00,291,15,0,8.8,63
5/11/2024 21:00,480,12.3,0,10.9,89
5/11/2024 22:00,470,12,0,14.8,87
5/11/2024 23:00,448,11.2,0.1,10.8,85
5/12/2024 0:00,418,9.9,3.8,2.6,91
5/12/2024 1:00,115,11,1.2,8.3,92
5/12/2024 2:00,148,10.7,0.2,4.4,92
5/12/2024 3:00,69,10.5,0,8.6,93
5/12/2024 4:00,84,9.9,0,7.6,95
5/12/2024 5:00,32,9.3,0,5.4,97
5/12/2024 6:00,36,9.6,0,8,97
5/12/2024 7:00,62,10.3,0,10,95
5/12/2024 8:00,170,12,0,9.2,89
5/12/2024 9:00,369,13.9,0,8.3,83
5/12/2024 10:00,627,15.6,0,13.1,67
5/12/2024 11:00,981,16.7,0.1,17,61
5/12/2024 12:00,1131,15.6,0.9,20.6,64
5/12/2024 13:00,1110,15.9,0.1,15,64
5/12/2024 14:00,1110,18,0.1,16.2,55
5/12/2024 15:00,1198,18.9,0,15,52
5/12/2024 16:00,1192,18.3,0.2,16.4,50
5/12/2024 17:00,1166,18.7,0,14.2,47
5/12/2024 18:00,1196,18.2,0,11,50
5/12/2024 19:00,1019,17.5,0,5.7,60
5/12/2024 20:00,892,15.8,0,7.1,66
5/12/2024 21:00,626,13.7,0,4.7,77
5/12/2024 22:00,474,12.4,0,8,88
5/12/2024 23:00,412,10.7,0,6.3,96
5/13/2024 0:00,211,9.9,0,8,97
5/13/2024 1:00,132,9.6,0,8.2,97
5/13/2024 2:00,50,9.3,0,6.8,97
5/13/2024 3:00,20,8.8,0,7.1,98
5/13/2024 4:00,9,8.4,0,8.3,99
5/13/2024 5:00,28,9.4,0,6.6,100
5/13/2024 6:00,118,8.1,0,7.2,100
5/13/2024 7:00,363,9.8,0,5.9,100
5/13/2024 8:00,742,12.2,0,3.4,93
5/13/2024 9:00,1296,14.4,0,5.8,82
5/13/2024 10:00,808,17.2,0,6.1,68
5/13/2024 11:00,595,19.4,0,8.3,58
5/13/2024 12:00,679,21,0,10,54
5/13/2024 13:00,843,22.1,0,12.9,50
5/13/2024 14:00,833,22.9,0,12.2,47
5/13/2024 15:00,863,23.5,0,13.4,45
5/13/2024 16:00,1107,23.7,0,13.2,43
5/13/2024 17:00,1416,23.6,0,12.6,43
5/13/2024 18:00,2085,23,0,12,47
5/13/2024 19:00,1927,21.5,0,10.6,54
5/13/2024 20:00,1393,19.2,0,9.6,60
5/13/2024 21:00,1062,18,0,10.5,70
5/13/2024 22:00,718,17,0,10.6,72
5/13/2024 23:00,456,16.4,0,11.6,73
5/14/2024 0:00,206,15.7,0,10.1,76
5/14/2024 1:00,126,15,0,9.8,79
5/14/2024 2:00,58,14.4,0,9.8,81
5/14/2024 3:00,33,14,0,10.7,81
5/14/2024 4:00,23,13.9,0,10.9,79
5/14/2024 5:00,25,13.6,0,10.9,80
5/14/2024 6:00,133,14.8,0,11.3,76
5/14/2024 7:00,402,15.3,0,10,78
5/14/2024 8:00,993,16.4,0,9.2,80
5/14/2024 9:00,1530,17.9,0,9,77
5/14/2024 10:00,822,17.7,0,6.8,79
5/14/2024 11:00,522,19,0,9.4,73
5/14/2024 12:00,570,19.7,0,10.2,71
5/14/2024 13:00,734,19.6,0.1,8.3,78
5/14/2024 14:00,374,20.1,0.2,11.2,78
5/14/2024 15:00,495,20.2,0.1,12.7,80
5/14/2024 16:00,502,20.6,0.1,13,80
5/14/2024 17:00,619,19.6,0.5,13.3,85
5/14/2024 18:00,1277,19.5,0.1,14.1,84
5/14/2024 19:00,956,18.7,0.2,12.4,91
5/14/2024 20:00,706,18.1,0.5,11.9,94
5/14/2024 21:00,500,16.9,0.9,11.5,93
5/14/2024 22:00,405,16.6,1.4,8.2,96
5/14/2024 23:00,233,16.6,2.5,8.3,97
5/15/2024 0:00,144,16.4,2,10.9,93
5/15/2024 1:00,82,15.7,0.6,10.1,92
5/15/2024 2:00,43,15.6,0.2,10.4,95
5/15/2024 3:00,19,15.6,0,6.9,96
5/15/2024 4:00,8,15.5,0.1,9.9,97
5/15/2024 5:00,21,15.5,0.2,10.9,96
5/15/2024 6:00,91,15.1,0.4,10.2,95
5/15/2024 7:00,253,15.1,0.3,12.3,94
5/15/2024 8:00,502,15.3,0.1,13,93
5/15/2024 9:00,958,15.3,1.9,10.3,94
5/15/2024 10:00,586,15.6,2.3,12.1,93
5/15/2024 11:00,391,16.5,1,14.5,91
5/15/2024 12:00,482,17,0.3,16.1,90
5/15/2024 13:00,550,18.4,0.1,14.1,84
5/15/2024 14:00,617,19.8,0.1,13.2,74
5/15/2024 15:00,679,20,0.1,12.2,73
5/15/2024 16:00,945,20.4,0,11.2,72
5/15/2024 17:00,1121,20.4,0,11.6,70
5/15/2024 18:00,1795,20.3,0,10.8,69
5/15/2024 19:00,1564,19.7,0,7.2,74
5/15/2024 20:00,1163,18.3,0,4.7,81
5/15/2024 21:00,876,16.6,0.1,4.3,93
5/15/2024 22:00,715,16.2,0,4.7,95
5/15/2024 23:00,508,15.3,0,5.4,96
5/16/2024 0:00,324,14.8,0,7,96
5/16/2024 1:00,123,14.5,0,7.4,96
5/16/2024 2:00,71,14.3,0,8.4,96
5/16/2024 3:00,26,14.1,0,9.6,95
5/16/2024 4:00,28,13.8,0,9.9,94
5/16/2024 5:00,27,13.6,0,10.1,94
5/16/2024 6:00,102,13.4,0,11.5,94
5/16/2024 7:00,349,14.5,0,13,91
5/16/2024 8:00,949,16.4,0,12,88
5/16/2024 9:00,1568,19,0,14.3,79
5/16/2024 10:00,992,20.8,0,15.7,70
5/16/2024 11:00,723,22.4,0,18.3,62
5/16/2024 12:00,746,23.7,0,19.5,54
5/16/2024 13:00,889,24.7,0,20.2,49
5/16/2024 14:00,931,24.7,0,19.8,46
5/16/2024 15:00,951,25.1,0,17.7,45
5/16/2024 16:00,1175,25.1,0,16.6,45
5/16/2024 17:00,1494,24.7,0,14.8,50
5/16/2024 18:00,2209,24,0,11.3,56
5/16/2024 19:00,2021,22.8,0,11.1,61
5/16/2024 20:00,1530,20.6,0,7.1,70
5/16/2024 21:00,1145,19.3,0,6.7,82
5/16/2024 22:00,819,18.2,0,6.8,85
5/16/2024 23:00,655,17.7,0,8.2,86
5/17/2024 0:00,386,16.9,0,8.4,88
5/17/2024 1:00,205,15.8,0,7.4,91
5/17/2024 2:00,107,14.9,0,5.3,93
5/17/2024 3:00,43,14.4,0,4.7,93
5/17/2024 4:00,30,14.4,0,5.8,94
5/17/2024 5:00,39,14.2,0,6.6,95
5/17/2024 6:00,94,13.8,0,4.8,96
5/17/2024 7:00,319,15.1,0,6.7,93
5/17/2024 8:00,769,16.7,0,5.9,87
5/17/2024 9:00,1303,18.4,0.1,7.8,81
5/17/2024 10:00,888,19.2,0.1,7.1,77
5/17/2024 11:00,720,19.5,0.1,5.7,75
5/17/2024 12:00,846,20,0.1,4.7,74
5/17/2024 13:00,1047,20.8,0.1,4.2,71
5/17/2024 14:00,1032,21.2,0,5.1,69
5/17/2024 15:00,1073,21.1,0,6.2,69
5/17/2024 16:00,1354,21.4,0,6.1,69
5/17/2024 17:00,1460,20.9,0.1,7.2,72
5/17/2024 18:00,1598,20.6,0.1,9.7,74
5/17/2024 19:00,1277,19.5,0,10.4,78
5/17/2024 20:00,1147,18.2,0,5.9,83
5/17/2024 21:00,818,16.8,0,5.9,87
5/17/2024 22:00,705,16.3,0.1,5.8,89
5/17/2024 23:00,632,15.8,0,6.8,92
5/18/2024 0:00,518,15.9,0,8.8,90
5/18/2024 1:00,380,15.9,0,8.1,90
5/18/2024 2:00,307,15.8,0,6.9,90
5/18/2024 3:00,159,15.5,0.1,7,92
5/18/2024 4:00,85,15.4,1,5.1,93
5/18/2024 5:00,30,15.4,1.2,5.7,96
5/18/2024 6:00,63,15.3,2.1,4.2,96
5/18/2024 7:00,123,15.5,2.4,5.4,96
5/18/2024 8:00,138,15.5,5.1,5.4,95
5/18/2024 9:00,171,15.9,4.6,9.1,95
5/18/2024 10:00,486,16.6,1.8,8.4,92
5/18/2024 11:00,633,16.8,0.7,8.3,91
5/18/2024 12:00,563,16.6,1.8,7.9,91
5/18/2024 13:00,485,17,1.6,7.8,89
5/18/2024 14:00,476,17.2,0.7,8.2,88
5/18/2024 15:00,476,17.2,0.8,6.8,88
5/18/2024 16:00,368,17.4,0.6,7.8,87
5/18/2024 17:00,416,17.7,0.4,7.8,86
5/18/2024 18:00,408,17.9,0.1,7.4,85
5/18/2024 19:00,475,17.5,0,6.2,88
5/18/2024 20:00,638,16.8,0,4.6,94
5/18/2024 21:00,521,16.3,0,3.6,97
5/18/2024 22:00,552,14.9,0,4.4,98
5/18/2024 23:00,509,14.3,0,4.1,99
5/19/2024 0:00,469,14.4,0,3.1,100
5/19/2024 1:00,325,14,0,3.1,100
5/19/2024 2:00,252,14.3,0,5,100
5/19/2024 3:00,191,14.6,0,7.8,99
5/19/2024 4:00,75,14.5,0,8.6,100
5/19/2024 5:00,51,14.6,0,8.1,100
5/19/2024 6:00,60,14.6,0,6.9,99
5/19/2024 7:00,134,14.7,0,7.1,99
5/19/2024 8:00,265,16.2,0,4.6,96
5/19/2024 9:00,440,18,0,7.3,85
5/19/2024 10:00,792,19.5,0.1,7.2,76
5/19/2024 11:00,1091,20.1,0.2,6.7,75
5/19/2024 12:00,1166,20.7,0.1,6.4,72
5/19/2024 13:00,1369,21.5,0.1,4.6,69
5/19/2024 14:00,1447,22,0,3.6,68
5/19/2024 15:00,1526,23.1,0,2.7,64
5/19/2024 16:00,1572,23.2,0,5.2,64
5/19/2024 17:00,1436,22.9,0,6.2,66
5/19/2024 18:00,1371,22.7,0,6.6,68
5/19/2024 19:00,1271,21.9,0,4,73
5/19/2024 20:00,1065,20,0,4.7,83
5/19/2024 21:00,766,19.3,0,4.2,83
5/19/2024 22:00,536,17.2,0,7.4,92
5/19/2024 23:00,462,16.6,0,6,95
5/20/2024 0:00,326,15.9,0,7,96
5/20/2024 1:00,118,15.9,0,6.2,95
5/20/2024 2:00,74,16.2,0,2.2,96
5/20/2024 3:00,51,14.7,0,4.7,100
5/20/2024 4:00,28,14.5,0,5.5,100
5/20/2024 5:00,32,14,0,5.1,100
5/20/2024 6:00,99,14,0,4.8,99
5/20/2024 7:00,384,14.2,0,3.6,99
5/20/2024 8:00,730,14.9,0,4.3,98
5/20/2024 9:00,1264,16.3,0,5.7,87
5/20/2024 10:00,807,18,0,6,82
5/20/2024 11:00,629,19.5,0,3.2,79
5/20/2024 12:00,671,20.9,0,0.7,74
5/20/2024 13:00,791,22.5,0,2.7,69
5/20/2024 14:00,825,23.2,0,4,67
5/20/2024 15:00,881,24.1,0,3,62
5/20/2024 16:00,1093,24.8,0,3.3,59
5/20/2024 17:00,1404,24.9,0,5.2,58
5/20/2024 18:00,1973,24.4,0,6.3,59
5/20/2024 19:00,1887,23.4,0,6.2,67
5/20/2024 20:00,1428,20.8,0,6.2,79
5/20/2024 21:00,1037,19.7,0,9.4,85
5/20/2024 22:00,829,18.4,0,6.9,92
5/20/2024 23:00,485,17.8,0,7.6,94
5/21/2024 0:00,259,17,0,6.6,96
5/21/2024 1:00,129,16.4,0,6.6,96
5/21/2024 2:00,61,15.8,0,6.1,96
5/21/2024 3:00,23,14.8,0,7.7,97
5/21/2024 4:00,17,14.7,0,5.4,98
5/21/2024 5:00,27,14.5,0,5.5,98
5/21/2024 6:00,125,13.7,0,5.2,99
5/21/2024 7:00,434,15.4,0,6.6,97
5/21/2024 8:00,958,17.5,0,4.3,92
5/21/2024 9:00,1610,19.7,0,5.1,88
5/21/2024 10:00,944,22,0,6.5,81
5/21/2024 11:00,652,24.2,0,7.2,73
5/21/2024 12:00,715,25.8,0,8.7,60
5/21/2024 13:00,778,26.7,0,8.8,54
5/21/2024 14:00,756,27.3,0,8.8,49
5/21/2024 15:00,865,27.5,0,10.1,49
5/21/2024 16:00,1113,27.4,0,10.2,50
5/21/2024 17:00,1423,27.2,0,9.7,51
5/21/2024 18:00,2295,26.8,0,8.1,53
5/21/2024 19:00,1979,25.3,0,6.6,62
5/21/2024 20:00,1471,22.9,0,8.8,70
5/21/2024 21:00,1223,20.9,0,12.2,79
5/21/2024 22:00,911,19.4,0,10.2,76
5/21/2024 23:00,630,18.4,0,9.2,79
5/22/2024 0:00,303,17.8,0,9.7,83
5/22/2024 1:00,134,17.4,0,11,87
5/22/2024 2:00,61,16.9,0,10.8,90
5/22/2024 3:00,31,16.5,0,9.9,93
5/22/2024 4:00,34,16.3,0,10.2,95
5/22/2024 5:00,36,16.2,0,10,95
5/22/2024 6:00,153,16.1,0,9.5,96
5/22/2024 7:00,425,17.1,0,9.7,93
5/22/2024 8:00,966,19,0,8,87
5/22/2024 9:00,1641,21.6,0,8.2,79
5/22/2024 10:00,934,23.3,0,6.8,75
5/22/2024 11:00,596,25,0,7.2,71
5/22/2024 12:00,630,26.7,0,8.4,68
5/22/2024 13:00,793,28.2,0,8.8,63
5/22/2024 14:00,755,29.6,0,9.4,57
5/22/2024 15:00,763,30,0,10.2,55
5/22/2024 16:00,1054,30.1,0,11.3,54
5/22/2024 17:00,1433,30.1,0,10,54
5/22/2024 18:00,2173,29,0.4,10.5,58
5/22/2024 19:00,1863,27.5,0,6.4,66
5/22/2024 20:00,1429,25.7,0,7.2,72
5/22/2024 21:00,1156,24.5,0,7.6,83
5/22/2024 22:00,774,24.1,0,11.9,82
5/22/2024 23:00,568,23.7,0,14.5,81
5/23/2024 0:00,333,23.2,0,14.5,81
5/23/2024 1:00,152,22.6,0,12.8,83
5/23/2024 2:00,71,21.8,0,10.8,86
5/23/2024 3:00,35,21.1,0,9.9,89
5/23/2024 4:00,14,20.5,0,8.6,91
5/23/2024 5:00,33,20,0,6.5,94
5/23/2024 6:00,121,19.5,0,5.5,95
5/23/2024 7:00,358,20.5,0.1,6.8,93
5/23/2024 8:00,892,22.5,0.1,9.3,87
5/23/2024 9:00,1510,23.4,0,19.3,78
5/23/2024 10:00,774,22.3,0.1,13.6,84
5/23/2024 11:00,399,23.6,0,10.4,81
5/23/2024 12:00,429,24.1,0,12,78
5/23/2024 13:00,638,23.7,0,8.4,81
5/23/2024 14:00,771,26.4,0,7.1,72
5/23/2024 15:00,805,27.5,0,3.3,67
5/23/2024 16:00,998,27.9,0,5.1,63
5/23/2024 17:00,1385,27.3,0,6.6,61
5/23/2024 18:00,2085,25.2,0.1,11,73
5/23/2024 19:00,1768,24.5,0,6.1,76
5/23/2024 20:00,1300,23.2,0,5.9,84
5/23/2024 21:00,1033,21.7,0.3,0.4,87
5/23/2024 22:00,795,20.7,0,4.1,94
5/23/2024 23:00,549,20.9,0,3.6,90
5/24/2024 0:00,333,19.4,0,5.6,95
5/24/2024 1:00,179,19.4,0,3.8,96
5/24/2024 2:00,111,19.3,0,3.8,97
5/24/2024 3:00,48,19.3,0,5.6,96
5/24/2024 4:00,25,19.2,0,6.4,96
5/24/2024 5:00,35,19.2,0,7.1,95
5/24/2024 6:00,110,19.1,0,11.5,95
5/24/2024 7:00,346,19.3,0,10.2,93
5/24/2024 8:00,613,20.2,0,5.7,92
5/24/2024 9:00,1077,20.2,1.9,6.3,92
5/24/2024 10:00,795,22.1,0.3,2.6,85
5/24/2024 11:00,694,24.1,0,7.9,74
5/24/2024 12:00,827,26.2,0,8.7,56
5/24/2024 13:00,999,26.8,0,7.3,51
5/24/2024 14:00,1122,27.6,0,5.9,48
5/24/2024 15:00,1179,28,0,3.7,47
5/24/2024 16:00,1455,28.3,0,1.3,46
5/24/2024 17:00,1525,28.3,0,5.8,48
5/24/2024 18:00,1530,27.7,0,5.6,51
5/24/2024 19:00,1469,26.6,0,4.2,61
5/24/2024 20:00,1143,24.2,0,5.9,69
5/24/2024 21:00,980,22,0,6.8,83
5/24/2024 22:00,903,21.5,0,6.5,87
5/24/2024 23:00,645,20.7,0,6.9,90
5/25/2024 0:00,566,20,0,7.3,93
5/25/2024 1:00,353,19.7,0,6.6,96
5/25/2024 2:00,227,18.4,0,7.1,97
5/25/2024 3:00,147,18.1,0,6.2,97
5/25/2024 4:00,104,17.1,0,7.1,98
5/25/2024 5:00,47,17,0,5.6,98
5/25/2024 6:00,61,17.2,0,5,98
5/25/2024 7:00,146,18.8,0,6,95
5/25/2024 8:00,305,21.4,0,3.4,88
5/25/2024 9:00,543,24.1,0,4,81
5/25/2024 10:00,802,26.5,0,5.1,69
5/25/2024 11:00,1068,28.2,0,7.5,51
5/25/2024 12:00,1163,28.8,0,10.1,45
5/25/2024 13:00,1276,29.4,0,10.6,42
5/25/2024 14:00,1248,29.8,0,11.9,41
5/25/2024 15:00,1400,29.4,0,11.1,42
5/25/2024 16:00,1406,29.5,0.1,9.4,43
5/25/2024 17:00,1224,29,0,10.1,44
5/25/2024 18:00,1242,28.4,0,8.3,48
5/25/2024 19:00,1214,27,0,7.9,56
5/25/2024 20:00,1153,25,0,6.5,63
5/25/2024 21:00,878,22.1,1.3,8.8,88
5/25/2024 22:00,620,21.1,5.5,3.1,90
5/25/2024 23:00,518,21,0.9,10.3,88
5/26/2024 0:00,275,21,0,8,86
5/26/2024 1:00,234,20.3,0,7,91
5/26/2024 2:00,171,19,0,7.9,95
5/26/2024 3:00,128,18.3,0,5.4,97
5/26/2024 4:00,77,17.7,0,5.3,98
5/26/2024 5:00,48,17.5,0,4.8,99
5/26/2024 6:00,63,17.6,0,4.3,98
5/26/2024 7:00,160,19.1,0,5.4,96
5/26/2024 8:00,256,21,0,4,92
5/26/2024 9:00,484,23.4,0,6.4,82
5/26/2024 10:00,788,25.1,0,5.9,73
5/26/2024 11:00,1063,26.5,0,6.1,66
5/26/2024 12:00,1247,27.4,0,7.2,62
5/26/2024 13:00,1390,28.3,0,4.1,59
5/26/2024 14:00,1457,28.8,0,4.3,56
5/26/2024 15:00,1290,29.7,0,5.5,54
5/26/2024 16:00,1397,30.1,0,5.8,53
5/26/2024 17:00,1285,26.2,0.4,12.2,68
5/26/2024 18:00,1334,26.6,0,8.9,67
5/26/2024 19:00,1274,26.1,0,8.4,72
5/26/2024 20:00,1204,25,0,6.7,78
5/26/2024 21:00,896,22.8,0,9.7,90
5/26/2024 22:00,767,21.8,0,15,90
5/26/2024 23:00,598,20.6,6.2,11,96
5/27/2024 0:00,198,20.7,1.1,11.9,96
5/27/2024 1:00,149,20.8,0,9.8,97
5/27/2024 2:00,86,20.8,0,10.2,97
5/27/2024 3:00,78,20.6,0,10.4,98
5/27/2024 4:00,45,20.1,0,9.9,98
5/27/2024 5:00,39,20,0,10.9,97
5/27/2024 6:00,75,19.7,0,9.8,97
5/27/2024 7:00,136,20.2,0,10.8,96
5/27/2024 8:00,212,21.4,0,13,93
5/27/2024 9:00,372,21.9,0,12.8,88
5/27/2024 10:00,699,23.2,0,20.2,80
5/27/2024 11:00,953,22.3,0.2,15.9,87
5/27/2024 12:00,1026,23.3,0.1,22,84
5/27/2024 13:00,1072,24.3,0.1,21.5,81
5/27/2024 14:00,1087,24.3,0.2,17.8,83
5/27/2024 15:00,1086,26.2,0,17.3,77
5/27/2024 16:00,1201,28.3,0,21.3,66
5/27/2024 17:00,1260,28.3,0,19.3,63
5/27/2024 18:00,1076,27.6,0,17.7,65
5/27/2024 19:00,1046,27,0,12.6,66
5/27/2024 20:00,934,25.8,0,12.5,66
5/27/2024 21:00,386,20.8,0,2.9,95
5/27/2024 22:00,310,21.5,0,2.3,89
5/27/2024 23:00,298,19.5,0,6,94
5/28/2024 0:00,170,20,0,8.2,92
5/28/2024 1:00,104,19.7,0,8.2,92
5/28/2024 2:00,37,19.5,0,10.7,90
5/28/2024 3:00,33,19.2,0,13,88
5/28/2024 4:00,28,19.1,0,16.1,86
5/28/2024 5:00,33,18.7,0,13.8,84
5/28/2024 6:00,119,17.8,0,13.2,89
5/28/2024 7:00,403,18.4,0,12.7,85
5/28/2024 8:00,899,20.1,0,8.6,81
5/28/2024 9:00,1515,22.5,0,14.2,60
5/28/2024 10:00,911,23.8,0,15,55
5/28/2024 11:00,612,24.8,0,17,51
5/28/2024 12:00,666,25.9,0,16,45
5/28/2024 13:00,817,26.7,0,16,42
5/28/2024 14:00,809,27,0,14.8,41
5/28/2024 15:00,829,27.3,0,15.6,40
5/28/2024 16:00,1058,27.3,0,14.7,39
5/28/2024 17:00,1391,25.9,0,15.2,40
5/28/2024 18:00,1765,25.8,0,8,44
5/28/2024 19:00,1809,24.9,0,11.2,48
5/28/2024 20:00,1439,22.8,0,8.4,54
5/28/2024 21:00,1016,20.8,0,10.6,64
5/28/2024 22:00,613,20.1,0,10.9,63
5/28/2024 23:00,442,18.9,0,9.4,68
5/29/2024 0:00,216,17.9,0,10.6,70
5/29/2024 1:00,106,17.3,0,11.8,70
5/29/2024 2:00,47,16.7,0,12.1,71
5/29/2024 3:00,17,16,0,11.4,75
5/29/2024 4:00,13,15.4,0,11.5,79
5/29/2024 5:00,27,15.1,0,11.5,81
5/29/2024 6:00,131,14.7,0,9.4,84
5/29/2024 7:00,435,15.8,0,7.9,83
5/29/2024 8:00,1016,17.8,0,3.7,78
5/29/2024 9:00,1676,20.3,0,5.5,68
5/29/2024 10:00,921,22,0,6.4,57
5/29/2024 11:00,601,23.3,0,6.8,51
5/29/2024 12:00,693,24.2,0,3.7,49
5/29/2024 13:00,787,24.9,0,4.3,49
5/29/2024 14:00,641,21.4,1.6,7.6,67
5/29/2024 15:00,557,22.8,0.5,6.4,60
5/29/2024 16:00,416,21.7,0,13.3,57
5/29/2024 17:00,550,20.7,1.4,3.8,68
5/29/2024 18:00,1537,20.1,0,14,72
5/29/2024 19:00,1517,18.8,0.5,4,81
5/29/2024 20:00,1120,18.2,0,3,86
5/29/2024 21:00,850,17.4,0,3.7,92
5/29/2024 22:00,641,16.8,0,6.2,90
5/29/2024 23:00,444,16.1,0,11.5,80
5/30/2024 0:00,228,15.3,0,14.6,76
5/30/2024 1:00,112,14.7,0,15.3,79
5/30/2024 2:00,51,14.1,0,16.6,84
5/30/2024 3:00,30,13.8,0,17.3,85
5/30/2024 4:00,15,13.5,0,15.3,87
5/30/2024 5:00,22,13.3,0,16.1,88
5/30/2024 6:00,119,13.2,0,15.2,87
5/30/2024 7:00,414,14.1,0,12,85
5/30/2024 8:00,951,15.6,0,12.5,78
5/30/2024 9:00,1537,17.4,0,13.5,68
5/30/2024 10:00,932,18.8,0,12.1,59
5/30/2024 11:00,580,20.3,0,14,48
5/30/2024 12:00,694,21.1,0,15.1,43
5/30/2024 13:00,812,21.8,0,15.1,41
5/30/2024 14:00,831,22.3,0,14.2,39
5/30/2024 15:00,859,22.5,0,13.7,38
5/30/2024 16:00,1137,22.5,0,13.8,37
5/30/2024 17:00,1431,22.6,0,12.2,36
5/30/2024 18:00,2234,21.6,0,16.1,38
5/30/2024 19:00,1955,20.2,0,11.3,50
5/30/2024 20:00,1459,18.8,0,12,48
5/30/2024 21:00,1196,17.5,0,12.4,45
5/30/2024 22:00,840,17.2,0,15.8,43
5/30/2024 23:00,647,16.5,0,14.8,44
5/31/2024 0:00,374,15.7,0,12.7,47
5/31/2024 1:00,186,14.9,0,13.6,51
5/31/2024 2:00,102,14,0,13,55
5/31/2024 3:00,53,13.1,0,12,57
5/31/2024 4:00,27,12.5,0,11.3,56
5/31/2024 5:00,33,11.7,0,10.7,58
5/31/2024 6:00,119,11,0,10.8,63
5/31/2024 7:00,330,11.8,0,12.5,66
5/31/2024 8:00,752,13.7,0,12.2,65
5/31/2024 9:00,1193,16.6,0,13.1,52
5/31/2024 10:00,964,18.4,0,15.4,46
5/31/2024 11:00,727,19.9,0,15.3,41
5/31/2024 12:00,795,21,0,14.2,37
5/31/2024 13:00,1015,21.8,0,12.7,36
5/31/2024 14:00,1023,22.5,0,11.3,35
5/31/2024 15:00,1058,23,0,10,33
5/31/2024 16:00,1347,23.4,0,10.1,32
5/31/2024 17:00,1546,23.5,0,8.4,33
5/31/2024 18:00,2048,23.3,0,7.5,35
5/31/2024 19:00,1766,22,0,6.3,46
5/31/2024 20:00,1488,19.4,0,7.5,56
5/31/2024 21:00,1141,17.4,0,7.1,58
5/31/2024 22:00,844,16,0,6.2,62
5/31/2024 23:00,753,14.9,0,5.1,67
6/1/2024 0:00,742,14.5,0,8.4,67
6/1/2024 1:00,357,14.7,0,10.2,62
6/1/2024 2:00,199,14.2,0,8.3,64
6/1/2024 3:00,162,13.1,0,7,70
6/1/2024 4:00,82,12.6,0,8.2,75
6/1/2024 5:00,41,12.2,0,8.9,78
6/1/2024 6:00,62,11.9,0,8.7,81
6/1/2024 7:00,160,13.6,0,10,78
6/1/2024 8:00,333,16.5,0,7.1,73
6/1/2024 9:00,572,19.4,0,4,63
6/1/2024 10:00,1043,22.1,0,2,51
6/1/2024 11:00,1324,23.9,0,1.9,42
6/1/2024 12:00,1503,25.1,0,3.8,36
6/1/2024 13:00,1564,25.9,0,5.6,36
6/1/2024 14:00,1677,26.6,0,6.8,35
6/1/2024 15:00,1657,27,0,7.3,33
6/1/2024 16:00,1551,27.2,0,7.1,31
6/1/2024 17:00,1345,27,0,7.1,31
6/1/2024 18:00,1693,26.6,0,5.8,34
6/1/2024 19:00,1528,25.1,0,3.9,50
6/1/2024 20:00,1392,22,0,9,60
6/1/2024 21:00,1105,20.2,0,8.8,56
6/1/2024 22:00,847,18.9,0,8.4,59
6/1/2024 23:00,749,18.1,0,8.5,63
6/2/2024 0:00,579,17.5,0,8.8,67
6/2/2024 1:00,380,17.1,0,9.6,69
6/2/2024 2:00,277,16.9,0,8.7,68
6/2/2024 3:00,185,16.1,0,7.7,72
6/2/2024 4:00,81,15.8,0,8,73
6/2/2024 5:00,43,15.3,0,8.4,75
6/2/2024 6:00,51,15.3,0,8.6,74
6/2/2024 7:00,136,16.2,0,10.2,72
6/2/2024 8:00,199,17.5,0,8.8,71
6/2/2024 9:00,486,18.8,0,8.3,69
6/2/2024 10:00,786,20.3,0,8.6,66
6/2/2024 11:00,1225,23.5,0,8.7,57
6/2/2024 12:00,1403,25.7,0,11.8,50
6/2/2024 13:00,1403,27.5,0,12,43
6/2/2024 14:00,1539,28.6,0,15.6,37
6/2/2024 15:00,1422,28.5,0,17.8,38
6/2/2024 16:00,1539,27,0,19.4,45
6/2/2024 17:00,1399,26.2,0,14.5,49
6/2/2024 18:00,1456,26.5,0,12.5,49
6/2/2024 19:00,1267,24.1,0.1,8.4,64
6/2/2024 20:00,1079,23.3,0,6,71
6/2/2024 21:00,862,21.8,0.1,8.7,78
6/2/2024 22:00,572,21.6,0,7.1,79
6/2/2024 23:00,380,20.7,0,7.5,82
6/3/2024 0:00,248,19.9,0,8.2,86
6/3/2024 1:00,122,19.5,0,9.5,87
6/3/2024 2:00,56,18.8,0,8.6,90
6/3/2024 3:00,60,18.3,0,7.1,93
6/3/2024 4:00,25,17.8,0,5.2,96
6/3/2024 5:00,32,17.6,0,4.5,97
6/3/2024 6:00,143,17.2,0,4.9,98
6/3/2024 7:00,387,18.3,0,5.4,94
6/3/2024 8:00,846,20.4,0,6,86
6/3/2024 9:00,1342,23.7,0,6.6,73
6/3/2024 10:00,794,24.6,0.1,8.1,69
6/3/2024 11:00,581,25.6,0,8,65
6/3/2024 12:00,658,26,0,7.1,63
6/3/2024 13:00,725,26.8,0.2,3.6,60
6/3/2024 14:00,730,27.8,0.1,3.1,56
6/3/2024 15:00,881,28.3,0.1,3.2,53
6/3/2024 16:00,1061,28.4,0.1,1.8,51
6/3/2024 17:00,1337,28.6,0.1,1.3,51
6/3/2024 18:00,2050,28.3,0,2.2,52
6/3/2024 19:00,1851,27.6,0,3.5,57
6/3/2024 20:00,1445,25.7,0,5,68
6/3/2024 21:00,1127,23.2,0.1,8.4,73
6/3/2024 22:00,794,22.2,0,5.1,78
6/3/2024 23:00,541,20.7,0,5.6,88
6/4/2024 0:00,269,19.9,0,5.4,91
6/4/2024 1:00,128,19.4,0,4.7,92
6/4/2024 2:00,53,19.2,0,4.9,92
6/4/2024 3:00,27,18.8,0,4.7,93
6/4/2024 4:00,14,17.9,0,3.9,96
6/4/2024 5:00,37,17.7,0,4.5,97
6/4/2024 6:00,160,17.4,0,5.9,97
6/4/2024 7:00,481,19.4,0,4.7,92
6/4/2024 8:00,1057,22.3,0,1.1,84
6/4/2024 9:00,1637,25.4,0,1.5,72
6/4/2024 10:00,1004,27.1,0,4,61
6/4/2024 11:00,565,28.3,0,3.4,53
6/4/2024 12:00,620,28.8,0,4.5,50
6/4/2024 13:00,759,29.4,0,7.4,47
6/4/2024 14:00,798,29.9,0,8.5,45
6/4/2024 15:00,841,30.1,0,8.6,45
6/4/2024 16:00,1078,30.3,0,9.5,45
6/4/2024 17:00,1475,29,0.3,12.4,48
6/4/2024 18:00,2302,27.2,0.1,14.2,56
6/4/2024 19:00,2086,26.5,0,12.3,62
6/4/2024 20:00,1538,25.3,0,10.6,68
6/4/2024 21:00,1211,23,0.4,11.8,85
6/4/2024 22:00,937,22.8,0,11.7,87
6/4/2024 23:00,663,22.1,0,8.1,89
6/5/2024 0:00,326,21.4,0,9.4,90
6/5/2024 1:00,142,20.6,0,7.7,92
6/5/2024 2:00,65,19.9,0,5.9,95
6/5/2024 3:00,33,19.4,0,5.4,97
6/5/2024 4:00,18,18.9,0,4.4,98
6/5/2024 5:00,29,19.2,0,6.4,98
6/5/2024 6:00,145,19.1,0,5.1,98
6/5/2024 7:00,461,19.9,0,7.4,97
6/5/2024 8:00,1070,21,0,8,93
6/5/2024 9:00,1778,22,0.5,5.4,92
6/5/2024 10:00,995,23.8,0.2,11.2,85
6/5/2024 11:00,575,24,5.3,8.6,82
6/5/2024 12:00,616,23.7,4.4,3.8,87
6/5/2024 13:00,750,24.4,0.2,7.8,85
6/5/2024 14:00,750,25.8,0.2,11.4,79
6/5/2024 15:00,827,25.5,0.6,8.1,79
6/5/2024 16:00,435,23.6,4.8,15.6,86
6/5/2024 17:00,694,22.7,1.9,9.2,92
6/5/2024 18:00,1694,24,0,15.8,87
6/5/2024 19:00,1511,23.6,2,13.8,90
6/5/2024 20:00,1192,23,0,11.5,94
6/5/2024 21:00,925,23,0,19.5,89
6/5/2024 22:00,669,23.1,0,18.4,89
6/5/2024 23:00,544,22.9,0,15.3,91
6/6/2024 0:00,285,22.9,0,15.5,92
6/6/2024 1:00,134,22.9,0,15.5,91
6/6/2024 2:00,55,22.6,0.1,15.6,92
6/6/2024 3:00,27,22.6,0.1,14.7,92
6/6/2024 4:00,20,22.3,0,15.6,93
6/6/2024 5:00,43,21.8,0,14.6,93
6/6/2024 6:00,132,21.6,0,17.1,91
6/6/2024 7:00,434,22,0,14.7,90
6/6/2024 8:00,936,23.2,0,15.4,87
6/6/2024 9:00,1653,24,0,12.6,89
6/6/2024 10:00,1011,24.9,0,15.3,86
6/6/2024 11:00,517,26.8,0.2,18.2,76
6/6/2024 12:00,650,27.8,0.2,22.2,69
6/6/2024 13:00,792,27.3,1.9,20.6,73
6/6/2024 14:00,799,28.5,0.1,19.5,67
6/6/2024 15:00,812,29.7,0,18.7,62
6/6/2024 16:00,1123,30.3,0,17.5,58
6/6/2024 17:00,1530,26.1,1.3,21.7,72
6/6/2024 18:00,2307,23.2,1.1,11.7,89
6/6/2024 19:00,1862,24.8,0,8.7,86
6/6/2024 20:00,1412,24.3,0,4.8,89
6/6/2024 21:00,1302,23.9,0,10.2,91
6/6/2024 22:00,1057,23.9,0.1,9.2,88
6/6/2024 23:00,748,22.9,0,7.6,93
6/7/2024 0:00,484,22.5,0,10.5,95
6/7/2024 1:00,241,22.2,0,8.8,93
6/7/2024 2:00,150,21.3,0,12.1,89
6/7/2024 3:00,68,20.4,0,16.1,82
6/7/2024 4:00,40,19.6,0,9.2,86
6/7/2024 5:00,41,18.7,0,9,91
6/7/2024 6:00,150,18.3,0,8.2,93
6/7/2024 7:00,400,19.5,0,11.3,89
6/7/2024 8:00,767,21.7,0,8.4,81
6/7/2024 9:00,1286,24.6,0,7.6,65
6/7/2024 10:00,1081,26.5,0,14.8,45
6/7/2024 11:00,762,26.9,0,17.8,43
6/7/2024 12:00,866,27.6,0,16.3,40
6/7/2024 13:00,1025,28.5,0,18,36
6/7/2024 14:00,1112,29.1,0,16.9,33
6/7/2024 15:00,1134,29.3,0,19.5,29
6/7/2024 16:00,1448,28.3,0,21.1,31
6/7/2024 17:00,1640,28.5,0,18.3,29
6/7/2024 18:00,2333,27.5,0,19.2,33
6/7/2024 19:00,1967,25.8,0,21.2,37
6/7/2024 20:00,1553,23.9,0,17.8,41
6/7/2024 21:00,1200,22.3,0,15.6,41
6/7/2024 22:00,1030,21.7,0,14.8,41
6/7/2024 23:00,944,20.1,0,11.6,48
6/8/2024 0:00,767,18.9,0,9.8,54
6/8/2024 1:00,491,17.1,0,6.1,63
6/8/2024 2:00,324,16.6,0,6.3,66
6/8/2024 3:00,222,16.6,0,8,64
6/8/2024 4:00,87,16.9,0,9.8,59
6/8/2024 5:00,53,17.4,0,14.7,56
6/8/2024 6:00,81,16.7,0,11.5,61
6/8/2024 7:00,186,17.2,0,11,64
6/8/2024 8:00,365,19.3,0,10,61
6/8/2024 9:00,656,22,0,12.7,53
6/8/2024 10:00,1024,23.3,0,14.3,47
6/8/2024 11:00,1344,24.5,0,14,43
6/8/2024 12:00,1594,25.6,0,12.5,42
6/8/2024 13:00,1815,26.7,0,11.6,39
6/8/2024 14:00,1865,27.7,0,12.7,35
6/8/2024 15:00,1916,28.5,0,12.8,33
6/8/2024 16:00,1723,28.9,0,12.3,33
6/8/2024 17:00,1583,29.1,0,11.6,32
6/8/2024 18:00,1674,28.7,0,8.4,33
6/8/2024 19:00,1605,27.6,0,3.8,50
6/8/2024 20:00,1516,26.7,0,4.7,50
6/8/2024 21:00,1307,22.8,0,7.9,57
6/8/2024 22:00,1070,21.1,0,6.8,63
6/8/2024 23:00,955,20.1,0,7.6,65
6/9/2024 0:00,737,19.4,0,7.3,66
6/9/2024 1:00,551,18.6,0,6.3,71
6/9/2024 2:00,416,18.1,0,6.2,74
6/9/2024 3:00,250,17.3,0,6.5,79
6/9/2024 4:00,141,17.2,0,6.2,75
6/9/2024 5:00,66,17.7,0,10.2,67
6/9/2024 6:00,72,17.8,0,10.6,65
6/9/2024 7:00,122,19.1,0,12.9,63
6/9/2024 8:00,256,21.2,0,12.6,63
6/9/2024 9:00,487,25.1,0,15.3,53
6/9/2024 10:00,781,25,0,14.6,55
6/9/2024 11:00,1092,25.6,0,17,53
6/9/2024 12:00,1324,26.9,0.2,25.6,49
6/9/2024 13:00,1544,26.7,0.2,21.5,51
6/9/2024 14:00,1323,27.5,0,21.3,45
6/9/2024 15:00,1502,27.2,0,20.5,40
6/9/2024 16:00,1528,27.4,0,19.1,35
6/9/2024 17:00,1678,27.2,0,17.8,33
6/9/2024 18:00,1600,26.6,0,14.5,32
6/9/2024 19:00,1331,25.8,0,10.5,36
6/9/2024 20:00,1288,23.8,0,11.2,39
6/9/2024 21:00,1042,21.6,0,8.9,46
6/9/2024 22:00,813,20.3,0,8.5,49
6/9/2024 23:00,543,20.2,0,11.7,48
6/10/2024 0:00,329,19.3,0,10.5,51
6/10/2024 1:00,150,18.3,0,11.1,55
6/10/2024 2:00,77,17.9,0,13.4,57
6/10/2024 3:00,56,17.6,0,13.4,58
6/10/2024 4:00,38,16.8,0,11.5,61
6/10/2024 5:00,37,16.1,0,9.7,64
6/10/2024 6:00,139,15.6,0,9.2,67
6/10/2024 7:00,399,17.1,0,10.6,65
6/10/2024 8:00,831,19.4,0,8.8,60
6/10/2024 9:00,1314,22,0,12.9,52
6/10/2024 10:00,865,23.2,0,12.8,48
6/10/2024 11:00,596,24.3,0,13.8,44
6/10/2024 12:00,684,25,0,15.6,40
6/10/2024 13:00,788,25.9,0,18.2,36
6/10/2024 14:00,855,26.4,0,17.4,33
6/10/2024 15:00,856,26.2,0,16.9,34
6/10/2024 16:00,1077,26.8,0,14.1,32
6/10/2024 17:00,1294,26.6,0,13.7,32
6/10/2024 18:00,2047,25.7,0,13.7,35
6/10/2024 19:00,1927,24.4,0,11.8,40
6/10/2024 20:00,1367,22.7,0,8.4,46
6/10/2024 21:00,1095,18.9,1,9.7,82
6/10/2024 22:00,696,18,0,10.7,88
6/10/2024 23:00,445,17.4,0.3,15.7,87
6/11/2024 0:00,185,17,0.9,12.7,89
6/11/2024 1:00,113,16.8,0.4,11.4,88
6/11/2024 2:00,54,16.6,0.1,8,89
6/11/2024 3:00,32,15.8,0.1,4.5,92
6/11/2024 4:00,24,15.7,0,8,92
6/11/2024 5:00,45,15.7,0,12,85
6/11/2024 6:00,150,15.3,0,11.1,84
6/11/2024 7:00,437,15.5,0,12.6,83
6/11/2024 8:00,1063,16.1,0,10.7,80
6/11/2024 9:00,1749,18.9,0,10.3,63
6/11/2024 10:00,915,19.8,0,9,58
6/11/2024 11:00,556,21,0,10.7,54
6/11/2024 12:00,638,22.6,0,12,47
6/11/2024 13:00,769,23.5,0,13.5,43
6/11/2024 14:00,779,22.9,0,15,45
6/11/2024 15:00,880,23.3,0,11.5,43
6/11/2024 16:00,1183,23.4,0,10.3,43
6/11/2024 17:00,1552,23.9,0,7.4,41
6/11/2024 18:00,2408,23.6,0,7.4,42
6/11/2024 19:00,2126,23.1,0,7.6,44
6/11/2024 20:00,1719,20.9,0,5.2,59
6/11/2024 21:00,1245,18.8,0,4.6,66
6/11/2024 22:00,954,17.6,0,6,70
6/11/2024 23:00,667,16.2,0,5.2,76
6/12/2024 0:00,347,15.7,0,5.5,78
6/12/2024 1:00,148,14.6,0,6.3,84
6/12/2024 2:00,67,14.2,0,4.1,86
6/12/2024 3:00,32,13.8,0,3.6,89
6/12/2024 4:00,21,13.3,0,4.7,92
6/12/2024 5:00,37,13.1,0,5.6,92
6/12/2024 6:00,145,13,0,5.6,93
6/12/2024 7:00,427,14.8,0,6.1,86
6/12/2024 8:00,1040,18.1,0,3.6,74
6/12/2024 9:00,1819,20.3,0,1.3,62
6/12/2024 10:00,969,22,0,2.5,54
6/12/2024 11:00,647,23.4,0,2.4,50
6/12/2024 12:00,666,24.7,0,3.7,46
6/12/2024 13:00,834,26.3,0,10.4,40
6/12/2024 14:00,909,26.5,0,9.9,38
6/12/2024 15:00,877,27.1,0,9.1,36
6/12/2024 16:00,1240,27.6,0,8.3,34
6/12/2024 17:00,1510,27.8,0,6.5,33
6/12/2024 18:00,2424,27.4,0,5.4,36
6/12/2024 19:00,2104,26.6,0,4.4,46
6/12/2024 20:00,1717,23.8,0,6.6,56
6/12/2024 21:00,1324,22.4,0,5.2,68
6/12/2024 22:00,1050,20.5,0,5.9,80
6/12/2024 23:00,684,19.4,0,5.8,87
6/13/2024 0:00,437,18.8,0,4.3,90
6/13/2024 1:00,201,18,0,5.2,93
6/13/2024 2:00,78,17.4,0,5.8,94
6/13/2024 3:00,44,17,0,6.6,95
6/13/2024 4:00,26,18.2,0,5.8,92
6/13/2024 5:00,48,16.6,0,7,97
6/13/2024 6:00,145,17.1,0,5,98
6/13/2024 7:00,406,18.7,0,6.8,94
6/13/2024 8:00,945,20.9,0,5.8,85
6/13/2024 9:00,1642,22.6,0,6.6,81
6/13/2024 10:00,1025,24.8,0,7.1,74
6/13/2024 11:00,636,26.9,0,8.2,65
6/13/2024 12:00,754,28.4,0.1,10.2,57
6/13/2024 13:00,812,29.5,0,11.6,53
6/13/2024 14:00,851,30.3,0,12.3,48
6/13/2024 15:00,883,30.7,0,11.8,46
6/13/2024 16:00,1125,31.2,0,12.2,44
6/13/2024 17:00,1433,30.8,0,12.9,44
6/13/2024 18:00,2159,30.2,0,12.3,44
6/13/2024 19:00,2152,29.2,0,9.7,48
6/13/2024 20:00,1556,27.7,0,11.7,52
6/13/2024 21:00,1263,26,0,10.2,64
6/13/2024 22:00,1026,23.5,0.6,3.6,76
6/13/2024 23:00,676,21.8,3.6,15.7,91
6/14/2024 0:00,438,21,4.4,9.3,95
6/14/2024 1:00,218,21.4,0,10.4,91
6/14/2024 2:00,97,21.9,0,12.3,84
6/14/2024 3:00,36,21.6,0,12.4,80
6/14/2024 4:00,36,20.8,0,11.1,83
6/14/2024 5:00,42,20,0,8.7,86
6/14/2024 6:00,124,19.4,0,8.9,89
6/14/2024 7:00,349,20.3,0,10.3,87
6/14/2024 8:00,764,22.1,0,8.1,82
6/14/2024 9:00,1320,25.3,0,6.9,71
6/14/2024 10:00,946,27.5,0,5.7,62
6/14/2024 11:00,776,29.3,0,3.3,52
6/14/2024 12:00,921,31.1,0,3.1,42
6/14/2024 13:00,956,31.9,0,2.6,39
6/14/2024 14:00,1085,32.9,0,3,35
6/14/2024 15:00,1083,33.6,0,3.9,34
6/14/2024 16:00,1342,33.7,0,5.4,33
6/14/2024 17:00,1468,31.3,0,16.4,37
6/14/2024 18:00,1880,27,0,13.5,54
6/14/2024 19:00,1608,28.4,0,5.8,55
6/14/2024 20:00,1309,26.5,0,11.5,60
6/14/2024 21:00,1134,22.8,2.7,14.2,80
6/14/2024 22:00,853,20.8,17.5,11,93
6/14/2024 23:00,692,21,0,8.2,92
6/15/2024 0:00,626,20.3,0,3.4,97
6/15/2024 1:00,363,20.7,0,0.8,95
6/15/2024 2:00,249,19.2,0,4.9,98
6/15/2024 3:00,166,19.8,0,7.9,98
6/15/2024 4:00,80,19.9,0,12,95
6/15/2024 5:00,58,19.2,0,12.7,92
6/15/2024 6:00,97,18.3,0,12.9,95
6/15/2024 7:00,212,18.8,0,13.4,93
6/15/2024 8:00,397,19.8,0,13,87
6/15/2024 9:00,628,22.4,0,11.2,70
6/15/2024 10:00,1009,24.2,0,11.3,56
6/15/2024 11:00,1278,26,0,11.9,45
6/15/2024 12:00,1371,27.2,0,10.8,40
6/15/2024 13:00,1518,28,0,10.3,37
6/15/2024 14:00,1490,28.6,0,10.5,35
6/15/2024 15:00,1573,29.1,0,9.7,34
6/15/2024 16:00,1556,29.5,0,9.7,33
6/15/2024 17:00,1500,29.6,0,9.1,32
6/15/2024 18:00,1495,29.1,0,9.5,32
6/15/2024 19:00,1469,28,0,6.4,37
6/15/2024 20:00,1287,25.2,0,6.2,48
6/15/2024 21:00,1051,23.1,0,8.5,55
6/15/2024 22:00,967,20.8,0,7.7,64
6/15/2024 23:00,767,20.7,0,5.5,63
6/16/2024 0:00,664,21.5,0,2.6,58
6/16/2024 1:00,395,21.4,0,2.9,58
6/16/2024 2:00,323,20.9,0,3.9,59
6/16/2024 3:00,232,20.4,0,2.7,61
6/16/2024 4:00,138,19.1,0,2.3,68
6/16/2024 5:00,68,16.4,0,5.2,82
6/16/2024 6:00,76,15.9,0,4.2,85
6/16/2024 7:00,131,18.3,0,1.3,77
6/16/2024 8:00,267,21.4,0,4.3,65
6/16/2024 9:00,524,23,0,6,59
6/16/2024 10:00,835,24.5,0,5.1,54
6/16/2024 11:00,1165,26.3,0,5.4,47
6/16/2024 12:00,1286,27.6,0,6.6,42
6/16/2024 13:00,1393,28.6,0,6.6,39
6/16/2024 14:00,1443,29.5,0,5.9,37
6/16/2024 15:00,1336,30.5,0,6.6,35
6/16/2024 16:00,1323,30.8,0,9.4,33
6/16/2024 17:00,1342,30.5,0,9.3,34
6/16/2024 18:00,1391,30.4,0,7.6,32
6/16/2024 19:00,1220,28.5,0,13.9,35
6/16/2024 20:00,1140,26.1,0,14.2,44
6/16/2024 21:00,948,25.5,0,15.5,49
6/16/2024 22:00,689,24.3,0,13.2,51
6/16/2024 23:00,549,23.2,0,13.7,56
6/17/2024 0:00,319,22.3,0,13.4,61
6/17/2024 1:00,167,21.7,0,13.4,64
6/17/2024 2:00,78,21.2,0,13,66
6/17/2024 3:00,31,20.8,0,13,68
6/17/2024 4:00,34,20.3,0,11.4,68
6/17/2024 5:00,30,19.9,0,11.3,67
6/17/2024 6:00,154,19.5,0,11.4,68
6/17/2024 7:00,400,20.2,0,10.6,68
6/17/2024 8:00,844,21.8,0,11.6,64
6/17/2024 9:00,1273,23.8,0,12.4,65
6/17/2024 10:00,796,25.8,0,13,61
6/17/2024 11:00,565,27.5,0,12.8,57
6/17/2024 12:00,652,29.4,0,12.3,53
6/17/2024 13:00,766,30.9,0,12.1,50
6/17/2024 14:00,502,32.2,0,9.1,46
6/17/2024 15:00,537,32.6,0,9.7,46
6/17/2024 16:00,905,33.2,0,10.4,44
6/17/2024 17:00,1179,33.4,0,11.2,43
6/17/2024 18:00,1939,32.3,0,12.7,46
6/17/2024 19:00,1750,31,0,13.3,50
6/17/2024 20:00,1357,30.1,0,10.4,54
6/17/2024 21:00,1181,27.5,0,9.2,68
6/17/2024 22:00,815,26.3,0,11.8,72
6/17/2024 23:00,489,25.1,0,13.5,72
6/18/2024 0:00,361,23.9,0,11.7,71
6/18/2024 1:00,129,23,0,10.5,73
6/18/2024 2:00,56,22.6,0,11.2,75
6/18/2024 3:00,26,22.2,0,10.6,77
6/18/2024 4:00,33,21.9,0,10.3,76
6/18/2024 5:00,30,21.5,0,9.7,76
6/18/2024 6:00,158,21.2,0,10.5,77
6/18/2024 7:00,481,21.9,0,9,76
6/18/2024 8:00,1064,23.5,0,10,70
6/18/2024 9:00,1650,25.1,0,8.8,66
6/18/2024 10:00,894,26.9,0,7.2,62
6/18/2024 11:00,598,28.9,0,7.4,58
6/18/2024 12:00,628,30.6,0,8.6,54
6/18/2024 13:00,710,32,0,9.8,50
6/18/2024 14:00,768,32.8,0,10.6,48
6/18/2024 15:00,847,33.4,0,10.3,45
6/18/2024 16:00,1079,33.6,0,10.5,43
6/18/2024 17:00,1404,33.4,0,12.2,43
6/18/2024 18:00,2149,32,0,16.1,44
6/18/2024 19:00,2069,30.8,0,14.4,45
6/18/2024 20:00,1576,29.1,0,12.8,49
6/18/2024 21:00,1259,27.1,0,10.5,59
6/18/2024 22:00,1121,25.5,0,11.1,62
6/18/2024 23:00,797,24.1,0,10.5,66
6/19/2024 0:00,451,23.1,0,10.2,70
6/19/2024 1:00,246,22.3,0,9.4,73
6/19/2024 2:00,123,21.5,0,8,78
6/19/2024 3:00,55,20.8,0,5.9,83
6/19/2024 4:00,30,20.2,0,4.8,87
6/19/2024 5:00,40,19.8,0,5.5,91
6/19/2024 6:00,104,19.6,0,5.9,93
6/19/2024 7:00,291,20.8,0,6.2,89
6/19/2024 8:00,543,22.5,0,5.4,80
6/19/2024 9:00,855,24.4,0,6.5,73
6/19/2024 10:00,947,26.3,0,6.6,66
6/19/2024 11:00,1030,28,0,6,59
6/19/2024 12:00,1246,29.3,0,6.4,51
6/19/2024 13:00,1268,30.4,0,6.4,45
6/19/2024 14:00,1282,31.3,0,6.6,42
6/19/2024 15:00,1348,32.1,0,7.7,40
6/19/2024 16:00,1378,32.5,0,9.4,39
6/19/2024 17:00,1373,32.2,0,12.7,39
6/19/2024 18:00,1507,31.2,0,14.3,37
6/19/2024 19:00,1669,30.1,0,11.6,39
6/19/2024 20:00,1368,28.1,0,8.3,45
6/19/2024 21:00,1216,25.9,0,9.4,52
6/19/2024 22:00,963,24.7,0,10.7,59
6/19/2024 23:00,695,23.7,0,10,61
6/20/2024 0:00,378,22.7,0,9,68
6/20/2024 1:00,197,21.9,0,8.4,74
6/20/2024 2:00,74,21.3,0,7.1,77
6/20/2024 3:00,37,20.3,0,4.7,83
6/20/2024 4:00,24,19.8,0,4.7,86
6/20/2024 5:00,41,19.6,0,5,87
6/20/2024 6:00,154,19.3,0,5.1,89
6/20/2024 7:00,446,20.6,0,6.5,85
6/20/2024 8:00,901,22.6,0,5.9,76
6/20/2024 9:00,1434,24.6,0,7.9,71
6/20/2024 10:00,941,26.6,0,8,64
6/20/2024 11:00,634,28.2,0,7.9,58
6/20/2024 12:00,692,29.5,0,6.8,54
6/20/2024 13:00,799,30.6,0,5.1,48
6/20/2024 14:00,751,31.4,0,5.2,44
6/20/2024 15:00,871,31.9,0,5.2,43
6/20/2024 16:00,1016,32.2,0,4.9,41
6/20/2024 17:00,1239,32.5,0,5.8,37
6/20/2024 18:00,2119,32.3,0,6.2,35
6/20/2024 19:00,1949,31.2,0,4,41
6/20/2024 20:00,1587,28.6,0,5.1,48
6/20/2024 21:00,1358,26.5,0,7.5,50
6/20/2024 22:00,980,25,0,9.3,61
6/20/2024 23:00,651,23.9,0,10.1,67
6/21/2024 0:00,470,23.1,0,8.6,70
6/21/2024 1:00,227,22.5,0,8,74
6/21/2024 2:00,168,22,0,8.2,78
6/21/2024 3:00,74,21.5,0,8.6,81
6/21/2024 4:00,44,20.9,0,7.8,85
6/21/2024 5:00,49,20.5,0,7.8,86
6/21/2024 6:00,132,20.1,0,7.6,87
6/21/2024 7:00,389,21.3,0,7.6,83
6/21/2024 8:00,748,23.3,0,5.8,75
6/21/2024 9:00,1077,25.6,0,6.6,69
6/21/2024 10:00,875,28.1,0,6.8,61
6/21/2024 11:00,726,30.3,0,6.8,53
6/21/2024 12:00,846,31.7,0,7.1,47
6/21/2024 13:00,921,32.8,0,8,43
6/21/2024 14:00,912,33.7,0,8.1,40
6/21/2024 15:00,1069,34.5,0,7.6,37
6/21/2024 16:00,1169,35,0,8,36
6/21/2024 17:00,1324,35,0,7.6,35
6/21/2024 18:00,1727,34.6,0,7.4,37
6/21/2024 19:00,1564,33.5,0,5.3,43
6/21/2024 20:00,1389,31.4,0,9.2,44
6/21/2024 21:00,1347,29.1,0,10.1,52
6/21/2024 22:00,1011,28,0,9.2,56
6/21/2024 23:00,771,27,0,8.9,58
6/22/2024 0:00,671,26.2,0,9,62
6/22/2024 1:00,460,25.5,0,9.2,65
6/22/2024 2:00,315,24.9,0,9.6,68
6/22/2024 3:00,177,24.3,0,9.7,70
6/22/2024 4:00,75,23.8,0,9.3,70
6/22/2024 5:00,41,23.4,0,8.9,71
6/22/2024 6:00,105,23,0,9,72
6/22/2024 7:00,171,23.7,0,9.5,71
6/22/2024 8:00,362,25.4,0,7.3,65
6/22/2024 9:00,640,28.1,0,6.7,63
6/22/2024 10:00,1005,30.6,0,5.4,56
6/22/2024 11:00,1199,32.6,0,4.4,51
6/22/2024 12:00,1254,34.5,0,4.7,43
6/22/2024 13:00,1139,35.2,0,7.1,41
6/22/2024 14:00,1106,36.1,0,8,39
6/22/2024 15:00,1134,36.8,0,8.4,37
6/22/2024 16:00,1189,36.9,0,9.8,36
6/22/2024 17:00,1118,36.8,0,9.5,36
6/22/2024 18:00,1104,35.8,0,9.3,37
6/22/2024 19:00,1140,35.5,0,5.3,38
6/22/2024 20:00,1287,32.5,0,6,55
6/22/2024 21:00,1154,31.5,0,11.5,43
6/22/2024 22:00,1070,30.6,0,11.2,44
6/22/2024 23:00,971,29.8,0,12,45
6/23/2024 0:00,804,29,0,13.9,47
6/23/2024 1:00,558,28.6,0,15.8,49
6/23/2024 2:00,335,28.1,0,15,53
6/23/2024 3:00,243,27.4,0,14.7,56
6/23/2024 4:00,99,26.8,0,13.8,59
6/23/2024 5:00,56,26.2,0,13.7,61
6/23/2024 6:00,72,25.6,0,14,63
6/23/2024 7:00,176,25.9,0,14.7,64
6/23/2024 8:00,265,27,0,13,62
6/23/2024 9:00,459,28.8,0,14.1,60
6/23/2024 10:00,862,30.9,0,15.2,54
6/23/2024 11:00,1058,33.3,0,16.1,46
6/23/2024 12:00,1149,34.6,0,20,37
6/23/2024 13:00,1196,35,0,19.8,35
6/23/2024 14:00,1144,35,0,19.3,34
6/23/2024 15:00,1081,35.7,0,18.7,33
6/23/2024 16:00,1114,36.5,0,19.1,30
6/23/2024 17:00,1093,34.8,0,17.2,33
6/23/2024 18:00,1198,34.4,0,15.8,34
6/23/2024 19:00,990,32.2,0,5.4,45
6/23/2024 20:00,1006,30.6,0,3.6,54
6/23/2024 21:00,898,29.3,0.4,5.9,60
6/23/2024 22:00,620,29.5,0,16.3,54
6/23/2024 23:00,528,29.3,0,16.3,52
6/24/2024 0:00,278,28.8,0,16.1,56
6/24/2024 1:00,141,28.6,0,16,54
6/24/2024 2:00,79,26.4,1.1,6.4,66
6/24/2024 3:00,45,24.5,0.9,9.8,81
6/24/2024 4:00,23,23.9,0,8.6,87
6/24/2024 5:00,34,24.5,0,11,79
6/24/2024 6:00,137,24.3,0,13.2,77
6/24/2024 7:00,394,24.6,0,14.5,77
6/24/2024 8:00,849,25.3,0,16.8,69
6/24/2024 9:00,1277,26.7,0,18.4,57
6/24/2024 10:00,882,27.3,0,21.7,50
6/24/2024 11:00,571,28.3,0,21.6,42
6/24/2024 12:00,650,29,0,21.9,40
6/24/2024 13:00,725,29.6,0,20.2,39
6/24/2024 14:00,714,30.4,0,22,34
6/24/2024 15:00,831,30.1,0,19.4,35
6/24/2024 16:00,964,30.3,0,18,33
6/24/2024 17:00,1260,30.7,0,14,31
6/24/2024 18:00,1992,30.7,0,14.2,27
6/24/2024 19:00,1865,29.8,0,12.5,27
6/24/2024 20:00,1458,28.2,0,14.7,29
6/24/2024 21:00,1267,24.4,0,7.6,38
6/24/2024 22:00,879,23.7,0,9.4,40
6/24/2024 23:00,568,23.3,0,11.4,42
6/25/2024 0:00,334,23.2,0,14.6,43
6/25/2024 1:00,186,22.5,0,12.7,45
6/25/2024 2:00,87,21.5,0,11,49
6/25/2024 3:00,54,20.6,0,10.2,53
6/25/2024 4:00,27,19.7,0,9.2,57
6/25/2024 5:00,34,19,0,9.7,61
6/25/2024 6:00,156,18.7,0,9.3,63
6/25/2024 7:00,499,19.8,0,8.5,63
6/25/2024 8:00,979,22.2,0,3.9,60
6/25/2024 9:00,1596,25.3,0,2.8,51
6/25/2024 10:00,961,27.6,0,4.3,40
6/25/2024 11:00,572,28.9,0,7.1,34
6/25/2024 12:00,652,30,0,8.9,31
6/25/2024 13:00,823,30.9,0,11.9,30
6/25/2024 14:00,752,31.8,0,12.2,29
6/25/2024 15:00,861,32.6,0,12.5,27
6/25/2024 16:00,1041,32.9,0,12.9,27
6/25/2024 17:00,1402,32.9,0,13.7,28
6/25/2024 18:00,2320,32.4,0,13.6,31
6/25/2024 19:00,2016,31.7,0,10.3,34
6/25/2024 20:00,1592,29.7,0,8.7,39
6/25/2024 21:00,1328,29,0,13,40
6/25/2024 22:00,942,27.8,0,10.9,43
6/25/2024 23:00,619,26.7,0,11.4,47
6/26/2024 0:00,355,25.9,0,12.4,50
6/26/2024 1:00,172,25.1,0,14,53
6/26/2024 2:00,91,24.9,0,16.3,55
6/26/2024 3:00,30,24.5,0,15.6,57
6/26/2024 4:00,15,23.9,0,15,60
6/26/2024 5:00,34,23.5,0,13.1,65
6/26/2024 6:00,156,23.1,0,11.7,70
6/26/2024 7:00,440,23.8,0,10.2,71
6/26/2024 8:00,1046,25.5,0,7.9,66
6/26/2024 9:00,1637,27.5,0,5.6,63
6/26/2024 10:00,980,30,0,5.1,55
6/26/2024 11:00,532,32.1,0,7.5,47
6/26/2024 12:00,626,33.8,0,7.7,41
6/26/2024 13:00,749,34.9,0,7,37
6/26/2024 14:00,765,35.9,0,7.1,35
6/26/2024 15:00,836,36.9,0,8.7,33
6/26/2024 16:00,1053,29.4,0.9,24.4,54
6/26/2024 17:00,1371,26.4,1.1,7.6,77
6/26/2024 18:00,2115,29.3,0,5,67
6/26/2024 19:00,1959,30.4,0,6,62
6/26/2024 20:00,1527,29,0,5.7,69
6/26/2024 21:00,1314,25.4,0,2.5,79
6/26/2024 22:00,910,23.4,1.5,14.6,89
6/26/2024 23:00,233,23.4,0.9,14,89
6/27/2024 0:00,149,23,1.7,8.6,92
6/27/2024 1:00,101,23.1,1.8,6.6,94
6/27/2024 2:00,65,23,1.9,8,94
6/27/2024 3:00,34,23,1.2,9.3,93
6/27/2024 4:00,35,22.7,0.3,9.5,94
6/27/2024 5:00,46,22.6,0.1,8.3,94
6/27/2024 6:00,146,22.4,0,8.7,94
6/27/2024 7:00,402,22.5,0,11.3,93
6/27/2024 8:00,916,23,0,12,91
6/27/2024 9:00,1621,23.6,0,10.8,78
6/27/2024 10:00,1045,24.7,0,9.5,71
6/27/2024 11:00,594,25.8,0,8.9,65
6/27/2024 12:00,669,27.3,0,5.7,56
6/27/2024 13:00,822,28.9,0,5.4,47
6/27/2024 14:00,898,30.3,0,9.3,41
6/27/2024 15:00,869,30.8,0,12.3,38
6/27/2024 16:00,1068,31.1,0,10.5,37
6/27/2024 17:00,1398,31.5,0,9.2,35
6/27/2024 18:00,2202,30.6,0,12.1,36
6/27/2024 19:00,1930,29.7,0,3.1,49
6/27/2024 20:00,1636,27.5,0,5.1,66
6/27/2024 21:00,1459,24.9,0,8,71
6/27/2024 22:00,936,24.7,0,6.3,65
6/27/2024 23:00,803,24,0,6.9,62
6/28/2024 0:00,603,24.1,0,16.4,57
6/28/2024 1:00,243,23.1,0,12.4,57
6/28/2024 2:00,142,22.2,0,11.9,59
6/28/2024 3:00,63,21.4,0,12.7,62
6/28/2024 4:00,53,20.7,0,13.6,62
6/28/2024 5:00,54,20.3,0,13.2,60
6/28/2024 6:00,139,19.9,0,13,62
6/28/2024 7:00,383,20.2,0,13.4,63
6/28/2024 8:00,726,21.3,0,14.5,58
6/28/2024 9:00,1169,22.2,0,14.4,50
6/28/2024 10:00,950,23.2,0,13.3,45
6/28/2024 11:00,747,24.6,0,10.9,42
6/28/2024 12:00,805,25.7,0,10.4,40
6/28/2024 13:00,999,26.8,0,11.4,39
6/28/2024 14:00,1017,27.7,0,13,40
6/28/2024 15:00,1125,28.3,0,14.1,42
6/28/2024 16:00,1316,28.7,0,14.1,42
6/28/2024 17:00,1497,29.6,0,9.5,42
6/28/2024 18:00,1958,29.7,0,8.2,43
6/28/2024 19:00,1747,28.3,0,13,50
6/28/2024 20:00,1512,26.2,0,18.2,57
6/28/2024 21:00,1272,24,0,12.8,67
6/28/2024 22:00,1038,23.2,0,12.4,70
6/28/2024 23:00,792,22.4,0,13.5,74
6/29/2024 0:00,674,21.8,0,13.6,78
6/29/2024 1:00,451,21.1,0,10.7,83
6/29/2024 2:00,275,20.7,0,8.6,86
6/29/2024 3:00,195,20.5,0,7.9,88
6/29/2024 4:00,84,20.1,0,5.1,92
6/29/2024 5:00,40,19.9,0,5.7,95
6/29/2024 6:00,101,20,0,6.5,97
6/29/2024 7:00,189,21.7,0,7.7,92
6/29/2024 8:00,366,23.4,0,11.9,87
6/29/2024 9:00,606,24.7,0,13.7,84
6/29/2024 10:00,1002,26.5,0.1,15.2,74
6/29/2024 11:00,1265,28.6,0,14.6,66
6/29/2024 12:00,1419,30.2,0,14.5,61
6/29/2024 13:00,1421,31.5,0,14.9,56
6/29/2024 14:00,1463,32.4,0,15,53
6/29/2024 15:00,1477,33,0,15.5,50
6/29/2024 16:00,1357,33.3,0,14.9,48
6/29/2024 17:00,1343,33.1,0,15.3,46
6/29/2024 18:00,1434,33,0,15.5,46
6/29/2024 19:00,1311,32.4,0,14.8,48
6/29/2024 20:00,1243,31.2,0,14.3,52
6/29/2024 21:00,1104,29.6,0,12.3,63
6/29/2024 22:00,1005,29,0,11.2,65
6/29/2024 23:00,845,27.6,0,6.4,71
6/30/2024 0:00,571,27.6,0,8.4,72
6/30/2024 1:00,448,27.4,0,11.8,72
6/30/2024 2:00,344,27,0,12.9,73
6/30/2024 3:00,165,26.8,0,13.5,74
6/30/2024 4:00,82,26.5,0,14,75
6/30/2024 5:00,38,26.3,0,14.1,75
6/30/2024 6:00,72,26.1,0,11.5,76
6/30/2024 7:00,139,26.2,0,9.8,77
6/30/2024 8:00,228,27,0.3,11,77
6/30/2024 9:00,456,26.3,0.1,7.2,86
6/30/2024 10:00,768,27.4,0,6.3,82
6/30/2024 11:00,1064,30.7,0,7.2,68
6/30/2024 12:00,1138,31.8,0,7.1,61
6/30/2024 13:00,1215,32.5,0,9.5,57
6/30/2024 14:00,1218,33.2,0,10.2,56
6/30/2024 15:00,1232,34,0,12,54
6/30/2024 16:00,1198,29.3,2,15.6,73
6/30/2024 17:00,1214,30.9,0,4.8,64
6/30/2024 18:00,1185,32,0,7.3,60
6/30/2024 19:00,1120,26.9,0.1,11.9,76
6/30/2024 20:00,962,25.9,0.2,12.3,85
6/30/2024 21:00,909,26,0.1,5.8,93
6/30/2024 22:00,616,25.4,0,5.6,96
6/30/2024 23:00,519,25,0,13.7,87
7/1/2024 0:00,343,23.1,0,18.9,69
7/1/2024 1:00,191,21.8,0,19.6,64
7/1/2024 2:00,82,20.1,0,19.5,63
7/1/2024 3:00,64,18.9,0,17.9,63
7/1/2024 4:00,45,18.2,0,14.4,63
7/1/2024 5:00,39,17.4,0,16.1,64
7/1/2024 6:00,147,16.9,0,15.1,68
7/1/2024 7:00,408,17.3,0,16.1,69
7/1/2024 8:00,794,18.4,0,16.7,64
7/1/2024 9:00,1213,19.7,0,21.3,58
7/1/2024 10:00,826,20.2,0,21.2,56
7/1/2024 11:00,642,21,0,20.2,53
7/1/2024 12:00,706,23.2,0,19.8,43
7/1/2024 13:00,891,24.3,0,16.2,40
7/1/2024 14:00,883,25.3,0,17.3,38
7/1/2024 15:00,948,25.9,0,14,37
7/1/2024 16:00,1177,26.4,0,14.6,36
7/1/2024 17:00,1431,26.1,0,14.8,36
7/1/2024 18:00,2054,25.5,0,15.7,37
7/1/2024 19:00,1948,24.7,0,11.4,40
7/1/2024 20:00,1557,22.6,0,6.9,65
7/1/2024 21:00,1263,21,0,7.3,58
7/1/2024 22:00,823,19.5,0,6.1,66
7/1/2024 23:00,591,19.2,0,7.6,65
7/2/2024 0:00,377,18.4,0,6.8,67
7/2/2024 1:00,133,17.9,0,8,69
7/2/2024 2:00,61,17.7,0,8,69
7/2/2024 3:00,29,17.3,0,6.9,71
7/2/2024 4:00,17,17.1,0,6.9,72
7/2/2024 5:00,36,16.7,0,6.7,75
7/2/2024 6:00,139,16.2,0,5.8,79
7/2/2024 7:00,435,17.8,0,7.6,75
7/2/2024 8:00,935,20,0,5.4,69
7/2/2024 9:00,1563,22.2,0,4.8,65
7/2/2024 10:00,1077,24.1,0,4.3,60
7/2/2024 11:00,691,25.8,0,6,52
7/2/2024 12:00,753,27.1,0,6.6,46
7/2/2024 13:00,871,27.9,0,6.3,43
7/2/2024 14:00,887,28.8,0,7.3,39
7/2/2024 15:00,923,29.1,0,8.7,36
7/2/2024 16:00,1116,28.9,0,9.6,36
7/2/2024 17:00,1449,29.2,0,8.4,34
7/2/2024 18:00,2237,29.6,0,5.6,34
7/2/2024 19:00,2010,27.7,0,10.2,38
7/2/2024 20:00,1551,25.3,0,6.1,48
7/2/2024 21:00,1270,23.4,0,10.2,55
7/2/2024 22:00,978,22.6,0,13.4,58
7/2/2024 23:00,633,21.9,0,13,62
7/3/2024 0:00,395,20.9,0,10.2,68
7/3/2024 1:00,164,20.2,0,8.7,74
7/3/2024 2:00,61,19.6,0,7.6,78
7/3/2024 3:00,39,18.9,0,6.8,83
7/3/2024 4:00,25,18.3,0,6.5,87
7/3/2024 5:00,44,18.5,0,5.5,88
7/3/2024 6:00,157,17.5,0,5.4,93
7/3/2024 7:00,391,19,0,7.3,89
7/3/2024 8:00,815,20.9,0,7,81
7/3/2024 9:00,1366,22.9,0,8.8,76
7/3/2024 10:00,1028,24.9,0,10.7,67
7/3/2024 11:00,717,26.8,0,12.1,56
7/3/2024 12:00,833,28.6,0,12.8,47
7/3/2024 13:00,1009,29.1,0,11.7,45
7/3/2024 14:00,1114,29.8,0,11.4,44
7/3/2024 15:00,1203,30,0,12.1,43
7/3/2024 16:00,1446,30,0,13,43
7/3/2024 17:00,1633,30.1,0,13.4,43
7/3/2024 18:00,1990,30.1,0,13,43
7/3/2024 19:00,1827,29.2,0,13.4,47
7/3/2024 20:00,1486,27.9,0,11.6,50
7/3/2024 21:00,1192,25.6,0,13.6,61
7/3/2024 22:00,1066,24.4,0,12.7,63
7/3/2024 23:00,837,23.5,0,11.9,68
7/4/2024 0:00,518,23,0,12.6,75
7/4/2024 1:00,341,22.7,0,12.2,78
7/4/2024 2:00,161,22.4,0,11.6,79
7/4/2024 3:00,106,22.2,0,11.3,80
7/4/2024 4:00,57,21.9,0,9.8,81
7/4/2024 5:00,55,21.6,0,8.4,82
7/4/2024 6:00,77,21.4,0,8,82
7/4/2024 7:00,179,22.1,0,6.8,79
7/4/2024 8:00,286,23.4,0,5.6,74
7/4/2024 9:00,519,26,0,5.9,69
7/4/2024 10:00,936,28.3,0,4,64
7/4/2024 11:00,1276,30.6,0,2.6,59
7/4/2024 12:00,1344,32.4,0,1.1,55
7/4/2024 13:00,1227,33.4,0,2.5,51
7/4/2024 14:00,1491,34,0.1,6.6,50
7/4/2024 15:00,1444,34.7,0,8.8,47
7/4/2024 16:00,1351,29,2.1,16.7,69
7/4/2024 17:00,1351,26.2,5.9,12.2,91
7/4/2024 18:00,768,26.3,1.3,1.1,90
7/4/2024 19:00,995,26.6,0.1,4.7,88
7/4/2024 20:00,1264,26.2,0,8.2,90
7/4/2024 21:00,1566,25,0,8.4,95
7/4/2024 22:00,1647,24.7,0,9.2,97
7/4/2024 23:00,1422,24.7,0,10.5,97
7/5/2024 0:00,698,24.6,0,10.7,96
7/5/2024 1:00,401,24.3,0,9.1,96
7/5/2024 2:00,195,23.9,0,5.9,97
7/5/2024 3:00,106,23.3,0,4.7,98
7/5/2024 4:00,65,22.9,0,4.1,99
7/5/2024 5:00,45,22.8,0,4.7,99
7/5/2024 6:00,90,22.7,0,4.9,99
7/5/2024 7:00,242,23.6,0,7.5,97
7/5/2024 8:00,413,25,0,5.8,92
7/5/2024 9:00,695,26.1,0,7.3,88
7/5/2024 10:00,849,28.1,0,7.6,81
7/5/2024 11:00,925,30.3,0,6.1,72
7/5/2024 12:00,1071,32.6,0,6.8,63
7/5/2024 13:00,1081,34.2,0,8.7,55
7/5/2024 14:00,1096,35.1,0,10,52
7/5/2024 15:00,1152,35.3,0,11.8,50
7/5/2024 16:00,1154,35.6,0,9.6,46
7/5/2024 17:00,1338,35.9,0,8.9,42
7/5/2024 18:00,1430,35.4,0,9.4,44
7/5/2024 19:00,1343,34.1,0,7.5,49
7/5/2024 20:00,1146,32.3,0,8.3,52
7/5/2024 21:00,1091,30,0,6.4,69
7/5/2024 22:00,883,30.1,0,8.6,67
7/5/2024 23:00,707,29.9,0,14.1,65
7/6/2024 0:00,585,28.7,0,11.7,69
7/6/2024 1:00,338,28.2,0,12.8,70
7/6/2024 2:00,223,27.7,0,11.7,67
7/6/2024 3:00,201,27.1,0,11.8,65
7/6/2024 4:00,71,26.1,0,10.2,68
7/6/2024 5:00,39,25.3,0,8.1,72
7/6/2024 6:00,74,24.7,0,7.3,75
7/6/2024 7:00,180,25.4,0,7.3,76
7/6/2024 8:00,345,27.3,0,4.7,72
7/6/2024 9:00,537,29.2,0,8.6,69
7/6/2024 10:00,911,31.1,0,13,60
7/6/2024 11:00,1043,32.4,0,9.2,55
7/6/2024 12:00,1178,33.3,0,8,50
7/6/2024 13:00,1088,34.4,0,6.2,46
7/6/2024 14:00,1157,35.4,0,5.5,43
7/6/2024 15:00,1135,36,0,6,40
7/6/2024 16:00,1182,36.5,0,6.6,38
7/6/2024 17:00,1137,36.4,0,7.7,38
7/6/2024 18:00,1168,35.5,0,10.3,38
7/6/2024 19:00,1079,34,0,10.5,40
7/6/2024 20:00,1084,32.3,0,8.9,43
7/6/2024 21:00,1013,29.6,0,3.8,76
7/6/2024 22:00,830,29.6,0,5.8,71
7/6/2024 23:00,630,28.7,0,6.5,63
7/7/2024 0:00,567,28.3,0,12.8,62
7/7/2024 1:00,388,28.7,0,19.1,50
7/7/2024 2:00,262,28.3,0,18,47
7/7/2024 3:00,148,27,0,13.7,52
7/7/2024 4:00,98,26,0,12.1,57
7/7/2024 5:00,49,25.2,0,10.3,62
7/7/2024 6:00,62,24.6,0,9.8,65
7/7/2024 7:00,151,25,0,9.9,67
7/7/2024 8:00,276,26.4,0,8.3,65
7/7/2024 9:00,522,28.5,0,8.3,58
7/7/2024 10:00,735,30.1,0,9.9,48
7/7/2024 11:00,952,31.3,0,6.5,44
7/7/2024 12:00,1057,32.3,0,2.9,42
7/7/2024 13:00,1157,33.1,0,0.4,40
7/7/2024 14:00,1186,33.7,0,1.3,39
7/7/2024 15:00,1177,34.4,0,2.1,37
7/7/2024 16:00,1136,34.9,0,1.8,36
7/7/2024 17:00,1108,35.5,0,2.5,34
7/7/2024 18:00,1121,34.9,0,4.3,37
7/7/2024 19:00,1152,33.4,0,4.9,43
7/7/2024 20:00,1083,32.2,0,3.7,50
7/7/2024 21:00,849,28.5,0,6.9,65
7/7/2024 22:00,672,27.4,0,5.9,67
7/7/2024 23:00,522,26.4,0,7,74
7/8/2024 0:00,275,26,0,5.9,74
7/8/2024 1:00,139,25.9,0,5.2,75
7/8/2024 2:00,49,25.2,0,6.9,81
7/8/2024 3:00,42,26.1,0,3.3,73
7/8/2024 4:00,33,24.3,0,3.8,84
7/8/2024 5:00,48,24.7,0,4.3,82
7/8/2024 6:00,166,25.2,0,2.8,79
7/8/2024 7:00,399,25.6,0,4.6,80
7/8/2024 8:00,805,27.5,0,3,69
7/8/2024 9:00,1276,29.3,0,6.2,62
7/8/2024 10:00,795,31,0,6,53
7/8/2024 11:00,571,32.2,0,6.2,49
7/8/2024 12:00,632,32.8,0,6.1,46
7/8/2024 13:00,785,33.2,0,5.7,45
7/8/2024 14:00,756,33.9,0,5.3,44
7/8/2024 15:00,778,34.5,0,7.6,44
7/8/2024 16:00,952,34.6,0,9.8,44
7/8/2024 17:00,1224,34.1,0,8.4,46
7/8/2024 18:00,1836,33.8,0,6.6,48
7/8/2024 19:00,1775,32.5,0,6.4,52
7/8/2024 20:00,1446,30.8,0,7.3,59
7/8/2024 21:00,1193,28.7,0,11.9,69
7/8/2024 22:00,791,27.8,0,9,74
7/8/2024 23:00,541,27,0,8.3,82
7/9/2024 0:00,272,26.4,0,6.9,87
7/9/2024 1:00,117,25.9,0,7.2,90
7/9/2024 2:00,48,25.3,0,7.2,92
7/9/2024 3:00,43,24.8,0,7.2,94
7/9/2024 4:00,24,24.4,0,7.2,95
7/9/2024 5:00,46,24,0,6.8,95
7/9/2024 6:00,175,23.7,0,5.9,96
7/9/2024 7:00,487,24.5,0,5.8,92
7/9/2024 8:00,1038,26.1,0,5.2,86
7/9/2024 9:00,1587,28.2,0,4.8,80
7/9/2024 10:00,941,30.2,0,5.2,73
7/9/2024 11:00,585,31.9,0,5.4,65
7/9/2024 12:00,599,33.3,0,6.8,57
7/9/2024 13:00,713,34.6,0,7.6,51
7/9/2024 14:00,708,35.2,0,7.3,45
7/9/2024 15:00,792,35.7,0,6.8,43
7/9/2024 16:00,940,35.8,0,8,43
7/9/2024 17:00,1211,35.4,0,9.4,44
7/9/2024 18:00,2170,34.9,0,4.7,44
7/9/2024 19:00,1892,33.8,0,5.6,51
7/9/2024 20:00,1583,32.2,0,7.7,55
7/9/2024 21:00,1266,30.9,0,5.4,59
7/9/2024 22:00,922,29.6,0,10.3,66
7/9/2024 23:00,609,28.7,0,12.4,75
7/10/2024 0:00,315,28.1,0,10.9,79
7/10/2024 1:00,152,27.5,0,10.8,81
7/10/2024 2:00,52,27.2,0,11.2,81
7/10/2024 3:00,32,27,0,11.7,80
7/10/2024 4:00,24,26.7,0,11.6,79
7/10/2024 5:00,43,26.3,0,11.9,80
7/10/2024 6:00,178,25.9,0,12,82
7/10/2024 7:00,518,26.3,0,11.2,82
7/10/2024 8:00,1009,27.4,0,13.3,78
7/10/2024 9:00,1589,28.8,0,16.2,75
7/10/2024 10:00,954,30.3,0,17.8,69
7/10/2024 11:00,598,31.6,0,17.8,66
7/10/2024 12:00,672,32.5,0,17.8,63
7/10/2024 13:00,747,33.6,0,20.9,57
7/10/2024 14:00,821,34,0,22.5,55
7/10/2024 15:00,853,34.8,0,24.1,51
7/10/2024 16:00,1004,34.9,0,22.7,50
7/10/2024 17:00,1262,35.1,0,21.8,48
7/10/2024 18:00,2038,31.8,0.4,18.5,59
7/10/2024 19:00,2075,32.6,0,16.8,58
7/10/2024 20:00,1457,30.6,0,16.9,67
7/10/2024 21:00,672,29.7,0,14.4,73
7/10/2024 22:00,699,29.3,0,14.8,74
7/10/2024 23:00,610,27.3,0.3,15.1,84
7/11/2024 0:00,311,26.3,1,6.3,90
7/11/2024 1:00,137,25.4,0,14,82
7/11/2024 2:00,53,23.9,0,14.6,70
7/11/2024 3:00,46,23.2,0,13.9,68
7/11/2024 4:00,31,23,0,12.6,67
7/11/2024 5:00,59,22.3,0,10.1,69
7/11/2024 6:00,168,21.5,0,8.8,73
7/11/2024 7:00,468,22.2,0,9.8,73
7/11/2024 8:00,959,24.1,0,13.7,64
7/11/2024 9:00,1540,25.4,0,15.9,55
7/11/2024 10:00,1020,26.6,0,13.9,53
7/11/2024 11:00,659,27.8,0,12.6,51
7/11/2024 12:00,715,29.2,0,8.8,47
7/11/2024 13:00,843,30.6,0,6.6,44
7/11/2024 14:00,842,31.6,0,5.4,42
7/11/2024 15:00,954,32.4,0,5.6,39
7/11/2024 16:00,1091,33,0,6,38
7/11/2024 17:00,1459,33.1,0,5.4,37
7/11/2024 18:00,2231,33,0,3.6,38
7/11/2024 19:00,2115,32,0,4.3,45
7/11/2024 20:00,1657,29.3,0,6.3,55
7/11/2024 21:00,1367,26.6,0,9.9,60
7/11/2024 22:00,1083,25.6,0,8.3,63
7/11/2024 23:00,774,25,0,9.3,64
7/12/2024 0:00,482,24.4,0,7.9,66
7/12/2024 1:00,215,23.7,0,7.6,68
7/12/2024 2:00,148,23.2,0,5.8,70
7/12/2024 3:00,68,23.6,0,8,67
7/12/2024 4:00,40,23.5,0.1,7.6,69
7/12/2024 5:00,47,22.8,0,6,75
7/12/2024 6:00,145,22.7,0.7,6.2,81
7/12/2024 7:00,375,22.6,0.4,8.9,85
7/12/2024 8:00,558,23.1,1.2,6.5,90
7/12/2024 9:00,1047,23,3.4,5.4,94
7/12/2024 10:00,852,23.1,1.7,6.9,94
7/12/2024 11:00,692,23.4,2.2,6.4,93
7/12/2024 12:00,349,23.8,2,7.1,91
7/12/2024 13:00,352,23.6,2.8,9,93
7/12/2024 14:00,589,24.2,2,8.7,92
7/12/2024 15:00,764,25.2,0.5,8.9,85
7/12/2024 16:00,1085,25,0.4,6.6,87
7/12/2024 17:00,1371,24.6,0.6,5.2,90
7/12/2024 18:00,1750,25,0.1,6.1,89
7/12/2024 19:00,1584,25,0.3,4.5,89
7/12/2024 20:00,1314,24.7,0.1,4.5,92
7/12/2024 21:00,1016,23.2,4.5,4.8,97
7/12/2024 22:00,548,23.4,4.7,4.6,97
7/12/2024 23:00,578,23.5,2.8,7.3,97
7/13/2024 0:00,519,23.4,0.9,7.2,97
7/13/2024 1:00,387,23,0,7.9,98
7/13/2024 2:00,264,22.8,0,8.3,99
7/13/2024 3:00,184,22.8,0.1,7.8,98
7/13/2024 4:00,86,22.2,0,3.2,99
7/13/2024 5:00,52,21.8,0,3.7,99
7/13/2024 6:00,67,22.1,0,2.5,99
7/13/2024 7:00,171,22.6,0,3.7,97
7/13/2024 8:00,293,23.6,0,2,90
7/13/2024 9:00,416,24.7,0.1,0.8,89
7/13/2024 10:00,580,26,0,1.4,84
7/13/2024 11:00,1010,27,0.1,0.7,81
7/13/2024 12:00,1262,28.4,0,0,76
7/13/2024 13:00,1426,29.5,0,1.1,71
7/13/2024 14:00,1511,30.3,0,2.9,68
7/13/2024 15:00,1468,30.7,0,2.6,65
7/13/2024 16:00,1544,30.9,0,3.6,61
7/13/2024 17:00,1512,30.8,0,4.3,62
7/13/2024 18:00,1420,30,0.6,5.1,66
7/13/2024 19:00,1479,29.3,0,6,71
7/13/2024 20:00,1291,28,0,3.8,83
7/13/2024 21:00,1139,24.8,0.1,8.1,92
7/13/2024 22:00,1063,24.5,0,5.7,93
7/13/2024 23:00,807,24.4,0,3.9,91
7/14/2024 0:00,642,24.4,0,3.7,91
7/14/2024 1:00,471,24.6,0,6.8,90
7/14/2024 2:00,333,23.8,0,5.5,94
7/14/2024 3:00,190,23.5,0,5,94
7/14/2024 4:00,90,23.2,0,5.7,95
7/14/2024 5:00,70,22.6,0,4.7,95
7/14/2024 6:00,67,22.8,0,4.9,94
7/14/2024 7:00,169,24,0,2.6,92
7/14/2024 8:00,305,25.3,0,4.3,87
7/14/2024 9:00,555,27.9,0,5.6,79
7/14/2024 10:00,874,30,0,5.2,70
7/14/2024 11:00,1057,31.6,0,4,61
7/14/2024 12:00,1304,33,0,4.4,53
7/14/2024 13:00,1338,33.8,0,4.6,48
7/14/2024 14:00,1304,34.4,0,4.7,45
7/14/2024 15:00,1490,34.5,0,7.4,44
7/14/2024 16:00,1103,34.4,0,7.3,43
7/14/2024 17:00,1078,34.5,0,6.1,42
7/14/2024 18:00,1439,34.7,0,4.4,41
7/14/2024 19:00,1182,32.6,0,8.6,48
7/14/2024 20:00,1065,30.3,0,10.3,53
7/14/2024 21:00,899,29.1,0,7.6,62
7/14/2024 22:00,582,28.4,0,9.7,61
7/14/2024 23:00,527,27.7,0,12.6,65
7/15/2024 0:00,325,27.9,0,15.4,69
7/15/2024 1:00,310,27,0,14.4,73
7/15/2024 2:00,100,25.9,0,11.3,77
7/15/2024 3:00,41,25,0,9.2,80
7/15/2024 4:00,27,24.4,0,9.5,77
7/15/2024 5:00,44,24.7,0,12.3,68
7/15/2024 6:00,132,25,0,12.9,63
7/15/2024 7:00,414,25,0,12.9,67
7/15/2024 8:00,811,26.3,0,10.3,69
7/15/2024 9:00,1269,28.3,0,8.2,68
7/15/2024 10:00,789,30.5,0,11.8,60
7/15/2024 11:00,502,32,0,12.3,53
7/15/2024 12:00,638,33.4,0,10.9,48
7/15/2024 13:00,731,34.3,0,9.3,44
7/15/2024 14:00,742,35.3,0,8,42
7/15/2024 15:00,776,35.6,0,7.6,41
7/15/2024 16:00,876,36.1,0,8.9,39
7/15/2024 17:00,1111,35.6,0,9.8,37
7/15/2024 18:00,1782,33.6,0,9.8,43
7/15/2024 19:00,1555,33.9,0,2.6,45
7/15/2024 20:00,1378,31.4,0,5.2,61
7/15/2024 21:00,1069,28.7,0,9.5,61
7/15/2024 22:00,765,28.8,0,14.2,56
7/15/2024 23:00,483,28.3,0,15.3,58
7/16/2024 0:00,265,27.5,0,12.5,62
7/16/2024 1:00,137,26.9,0,11,63
7/16/2024 2:00,48,26.2,0,9.5,64
7/16/2024 3:00,27,24.9,0,6.6,70
7/16/2024 4:00,34,23.5,0,6,78
7/16/2024 5:00,43,23,0,5.3,80
7/16/2024 6:00,173,22.5,0,5.2,83
7/16/2024 7:00,520,23.5,0,7.4,81
7/16/2024 8:00,1027,25.9,0,4.6,76
7/16/2024 9:00,1617,28.5,0,5.5,74
7/16/2024 10:00,967,31.1,0,6.5,65
7/16/2024 11:00,599,33.6,0,7.6,54
7/16/2024 12:00,600,35.2,0,10.9,45
7/16/2024 13:00,687,35.9,0,16,39
7/16/2024 14:00,654,36.5,0,19.2,36
7/16/2024 15:00,754,34.4,0.1,15.4,40
7/16/2024 16:00,892,36.3,0,14.1,36
7/16/2024 17:00,1227,36,0,14.1,38
7/16/2024 18:00,2020,34.7,0.1,17.7,41
7/16/2024 19:00,1940,32.8,0.1,11.8,51
7/16/2024 20:00,1382,31.1,0,9.4,56
7/16/2024 21:00,1087,26,1.3,12.4,93
7/16/2024 22:00,924,26.5,0.1,7.4,91
7/16/2024 23:00,579,26.2,0,8.7,92
7/17/2024 0:00,328,25.5,0,6,93
7/17/2024 1:00,129,25.1,0,6.6,92
7/17/2024 2:00,64,24.6,0,5.5,91
7/17/2024 3:00,30,24.3,0,5.2,92
7/17/2024 4:00,31,23.9,0,5.1,93
7/17/2024 5:00,39,24.2,0,6.5,92
7/17/2024 6:00,187,24.2,0,4,93
7/17/2024 7:00,461,24.7,0,5.2,92
7/17/2024 8:00,989,26.4,0,3.6,88
7/17/2024 9:00,1586,28.8,0,4.3,77
7/17/2024 10:00,985,30.3,0,4.4,66
7/17/2024 11:00,591,31.9,0,5.4,57
7/17/2024 12:00,657,32.9,0,6.2,51
7/17/2024 13:00,694,34.1,0,6.8,47
7/17/2024 14:00,704,34.9,0,8.1,45
7/17/2024 15:00,796,34.8,0,10.9,45
7/17/2024 16:00,940,34.9,0,12.4,44
7/17/2024 17:00,1355,34.1,0,17.1,42
7/17/2024 18:00,1848,29.3,1.8,3.1,68
7/17/2024 19:00,639,27.9,0.2,1.6,77
7/17/2024 20:00,807,27.2,0.1,3.9,80
7/17/2024 21:00,747,25.6,0,4.8,95
7/17/2024 22:00,677,25.3,0,4.8,95
7/17/2024 23:00,520,25.2,0.1,8.7,94
7/18/2024 0:00,326,24,0,4.4,98
7/18/2024 1:00,148,23.7,0,3.6,99
7/18/2024 2:00,73,23.2,0,3.7,99
7/18/2024 3:00,36,23.1,0,7.6,99
7/18/2024 4:00,38,22.9,0,9.2,96
7/18/2024 5:00,54,22.9,0,8.9,95
7/18/2024 6:00,174,22.8,0,8.7,94
7/18/2024 7:00,481,23.2,0,9.2,91
7/18/2024 8:00,920,23.2,0,8.8,91
7/18/2024 9:00,1591,24.9,0,7.2,83
7/18/2024 10:00,1046,24.9,0,6.5,81
7/18/2024 11:00,636,24.8,0,8.2,81
7/18/2024 12:00,748,26.7,0,9.3,72
7/18/2024 13:00,780,28.4,0,5.9,64
7/18/2024 14:00,882,28.3,0,3.3,62
7/18/2024 15:00,847,27.9,0,5.5,60
7/18/2024 16:00,1117,28.6,0,4,56
7/18/2024 17:00,1493,28.7,0,2.9,55
7/18/2024 18:00,2254,29.1,0,1.3,52
7/18/2024 19:00,2050,28.3,0,2.9,62
7/18/2024 20:00,1724,26.4,0,5.6,76
7/18/2024 21:00,1384,24.6,0,4.5,78
7/18/2024 22:00,976,23.4,0,9.5,83
7/18/2024 23:00,746,22.7,0,6.1,86
7/19/2024 0:00,453,22.1,0,5.5,91
7/19/2024 1:00,236,21.5,0,10.2,92
7/19/2024 2:00,113,21.4,0,10.7,90
7/19/2024 3:00,54,21.4,0,9.2,90
7/19/2024 4:00,31,21,0,9.4,90
7/19/2024 5:00,58,20.7,0,11,78
7/19/2024 6:00,167,20.2,0,11.4,71
7/19/2024 7:00,411,20.2,0,10.8,71
7/19/2024 8:00,772,21.3,0,8.9,69
7/19/2024 9:00,1267,22.4,0.1,11.2,67
7/19/2024 10:00,1002,23.4,0.3,9.2,65
7/19/2024 11:00,833,24,0.1,5.7,65
7/19/2024 12:00,876,24.6,0.3,2.6,63
7/19/2024 13:00,1102,25.5,0.1,4,62
7/19/2024 14:00,1078,26.5,0,3.3,59
7/19/2024 15:00,1199,27.4,0,3.8,55
7/19/2024 16:00,1369,27.6,0,3.7,54
7/19/2024 17:00,1568,27.8,0,2.7,52
7/19/2024 18:00,2063,27.9,0,0.7,51
7/19/2024 19:00,1848,27.5,0,2.1,56
7/19/2024 20:00,1429,26.2,0,3.7,71
7/19/2024 21:00,1225,24.6,0,7.7,67
7/19/2024 22:00,968,23.9,0,9.7,70
7/19/2024 23:00,735,23.4,0,9.8,71
7/20/2024 0:00,927,23,0,9.4,74
7/20/2024 1:00,544,22.5,0,8.3,79
7/20/2024 2:00,354,22.3,0,7.2,83
7/20/2024 3:00,201,21.7,0,6.2,88
7/20/2024 4:00,112,20.9,0,4.8,94
7/20/2024 5:00,63,20.7,0,4.2,96
7/20/2024 6:00,103,20.3,0,5.5,97
7/20/2024 7:00,157,21.5,0,4,94
7/20/2024 8:00,357,22.5,0,2.3,92
7/20/2024 9:00,583,23.4,0,2.1,90
7/20/2024 10:00,1015,24.7,0,4,87
7/20/2024 11:00,1315,25.8,0,5.5,80
7/20/2024 12:00,1466,26.5,0,6,72
7/20/2024 13:00,1495,26.7,0,10.7,67
7/20/2024 14:00,1534,26.6,0.3,10.9,70
7/20/2024 15:00,1342,25.6,0.5,9.1,77
7/20/2024 16:00,1009,25.3,0.2,7,80
7/20/2024 17:00,729,24.8,0.6,4.5,85
7/20/2024 18:00,992,24.9,0.4,6.6,84
7/20/2024 19:00,1120,24.7,0,7.7,79
7/20/2024 20:00,1088,23.7,0,4.5,85
7/20/2024 21:00,976,22.6,0,4,92
7/20/2024 22:00,973,22,0,3.2,93
7/20/2024 23:00,841,21.4,0,4.2,96
7/21/2024 0:00,682,21.1,0,4.6,95
7/21/2024 1:00,527,20,0,5.2,97
7/21/2024 2:00,316,20,0,4.6,98
7/21/2024 3:00,196,19.5,0,4.6,98
7/21/2024 4:00,107,19,0,4.7,99
7/21/2024 5:00,88,19,0,3.9,99
7/21/2024 6:00,75,18.6,0,5.2,99
7/21/2024 7:00,144,20.1,0,4.2,98
7/21/2024 8:00,269,21.9,0,1.8,93
7/21/2024 9:00,554,24.2,0,1.5,86
7/21/2024 10:00,870,25.7,0,0.8,81
7/21/2024 11:00,1139,27.1,0,0.7,75
7/21/2024 12:00,1465,28.3,0.1,1.9,69
7/21/2024 13:00,1521,29.2,0,1.8,62
7/21/2024 14:00,1488,29.8,0,2.2,59
7/21/2024 15:00,1353,30.2,0,3.6,56
7/21/2024 16:00,1438,30,0.1,4.1,56
7/21/2024 17:00,1406,30.1,0,4.8,55
7/21/2024 18:00,1415,30,0,4,55
7/21/2024 19:00,1290,28.7,0,9.6,60
7/21/2024 20:00,1176,26.6,0,10.5,69
7/21/2024 21:00,1028,25,0.5,2.6,83
7/21/2024 22:00,709,24.5,0.4,8,85
7/21/2024 23:00,516,24.3,0.1,11.3,86
7/22/2024 0:00,302,23.9,0,9.2,88
7/22/2024 1:00,168,23.8,0,7.7,90
7/22/2024 2:00,83,23.2,0,6.7,94
7/22/2024 3:00,54,22.9,0,5.8,96
7/22/2024 4:00,60,21.9,0,6.5,98
7/22/2024 5:00,47,22.2,0,4.1,98
7/22/2024 6:00,186,22.2,0,4.4,98
7/22/2024 7:00,383,22.7,0,7,98
7/22/2024 8:00,795,23.6,0,9.4,94
7/22/2024 9:00,1312,22.5,4.2,5.5,96
7/22/2024 10:00,850,23.8,0.4,9.3,90
7/22/2024 11:00,537,23.1,3.4,9.7,94
7/22/2024 12:00,641,22.8,2.4,9.2,95
7/22/2024 13:00,683,22.7,2.4,10.7,95
7/22/2024 14:00,482,23,0.7,13.5,90
7/22/2024 15:00,460,24.2,0,10.6,86
7/22/2024 16:00,542,25.7,0.1,10.6,80
7/22/2024 17:00,1160,26.7,0.2,10.2,73
7/22/2024 18:00,1298,27.2,0.1,8.5,71
7/22/2024 19:00,1504,23.9,0.3,14.8,83
7/22/2024 20:00,1301,23.2,0.2,3.7,88
7/22/2024 21:00,780,23.1,6.1,2.6,94
7/22/2024 22:00,678,22.3,7.3,3.4,96
7/22/2024 23:00,433,22.2,0.3,6.6,95
7/23/2024 0:00,143,21.8,2.3,7.2,97
7/23/2024 1:00,99,21.9,0.1,11.2,96
7/23/2024 2:00,38,22,0,9.9,96
7/23/2024 3:00,41,21.9,0,9.7,97
7/23/2024 4:00,30,21.9,0,8.7,97
7/23/2024 5:00,35,21.7,0,7.6,97
7/23/2024 6:00,165,21.5,0,9.5,95
7/23/2024 7:00,484,21.7,0,11,91
7/23/2024 8:00,1006,22.5,0,9.3,90
7/23/2024 9:00,1607,23.4,0,10.2,84
7/23/2024 10:00,1053,24.9,0,9.5,77
7/23/2024 11:00,632,26.3,0,7.7,70
7/23/2024 12:00,758,27.7,0,5.4,64
7/23/2024 13:00,783,28.6,0,3.6,59
7/23/2024 14:00,823,29.5,0,3.9,57
7/23/2024 15:00,878,29.9,0,3.1,56
7/23/2024 16:00,1100,30.3,0,4.3,55
7/23/2024 17:00,1436,30.4,0,5.1,55
7/23/2024 18:00,2287,29.4,0.1,6.9,58
7/23/2024 19:00,2202,28.7,0,6.1,63
7/23/2024 20:00,1558,26.2,0.3,12.9,72
7/23/2024 21:00,1277,24.5,0.4,10.2,89
7/23/2024 22:00,810,23.4,2.1,11.9,96
7/23/2024 23:00,455,22.8,4,10.2,97
7/24/2024 0:00,242,22.6,3.4,6.6,96
7/24/2024 1:00,107,22.6,0.2,4.8,98
7/24/2024 2:00,57,22.7,2,7.2,99
7/24/2024 3:00,25,22.9,0.1,7.2,97
7/24/2024 4:00,26,22.7,0.1,6.1,98
7/24/2024 5:00,31,22.7,0,5.3,98
7/24/2024 6:00,140,22.6,0,3.2,98
7/24/2024 7:00,455,23,0,2.5,97
7/24/2024 8:00,940,23.8,0,4.1,94
7/24/2024 9:00,1740,24.3,0,2.8,91
7/24/2024 10:00,1022,24.9,0.1,3.1,89
7/24/2024 11:00,742,25.7,0.1,4.8,86
7/24/2024 12:00,773,26.3,0.1,5,84
7/24/2024 13:00,896,26.1,0.3,2.5,85
7/24/2024 14:00,897,26.4,0.4,4.9,83
7/24/2024 15:00,996,28.1,0.1,5.9,75
7/24/2024 16:00,1130,28.9,0,7.9,69
7/24/2024 17:00,1456,28.5,0,7.6,70
7/24/2024 18:00,2049,28.1,0,8.2,71
7/24/2024 19:00,1861,27.9,0,5.8,73
7/24/2024 20:00,1398,26.4,0,3.1,87
7/24/2024 21:00,1095,25.2,0,7.4,88
7/24/2024 22:00,910,24.4,0,6.7,92
7/24/2024 23:00,683,23.9,0,5,95
7/25/2024 0:00,375,23.6,0,7.6,96
7/25/2024 1:00,184,23.6,0,9.2,95
7/25/2024 2:00,75,23.5,0,8.3,91
7/25/2024 3:00,44,23,0,6.5,91
7/25/2024 4:00,30,22.8,0,5.6,92
7/25/2024 5:00,44,22.6,0,5.8,93
7/25/2024 6:00,147,22.5,0.3,6,94
7/25/2024 7:00,370,22.6,0.1,5.7,94
7/25/2024 8:00,805,23.2,0,6.1,93
7/25/2024 9:00,1615,23.4,0.6,8.7,90
7/25/2024 10:00,1092,23.5,0.8,5,90
7/25/2024 11:00,705,24.5,0,4.6,89
7/25/2024 12:00,718,26,0.3,8.8,80
7/25/2024 13:00,745,25.8,0.2,8,78
7/25/2024 14:00,896,27.3,0,6.9,72
7/25/2024 15:00,917,28.7,0,7.4,65
7/25/2024 16:00,1158,28.5,0,8.8,65
7/25/2024 17:00,1439,26.2,2.3,12.9,73
7/25/2024 18:00,2258,22.2,6,3.4,94
7/25/2024 19:00,2082,23.3,0,3.2,92
7/25/2024 20:00,1699,23.3,0,2.4,94
7/25/2024 21:00,1241,21.9,2.2,5.7,93
7/25/2024 22:00,1076,21.9,0,5.1,96
7/25/2024 23:00,744,21.1,0,3.8,97
7/26/2024 0:00,424,21.1,0,5.6,98
7/26/2024 1:00,202,21.2,0,10.3,98
7/26/2024 2:00,111,21,0,5,93
7/26/2024 3:00,64,21.1,0,5.5,92
7/26/2024 4:00,45,20.9,0,6.8,89
7/26/2024 5:00,52,20.8,0,10.8,89
7/26/2024 6:00,163,20.1,0,13.3,85
7/26/2024 7:00,413,19.5,0,12.8,79
7/26/2024 8:00,760,20.4,0,10.3,75
7/26/2024 9:00,1188,21.1,0.1,12.8,66
7/26/2024 10:00,1101,22.1,0.1,12,63
7/26/2024 11:00,843,23.4,0,7.6,57
7/26/2024 12:00,949,25,0,7.1,52
7/26/2024 13:00,1127,26.2,0,7,48
7/26/2024 14:00,1123,27,0,6.1,46
7/26/2024 15:00,1305,27.5,0,5.8,45
7/26/2024 16:00,1387,27.2,0,9.4,46
7/26/2024 17:00,1633,26.8,0,7.9,47
7/26/2024 18:00,1981,26.9,0,3.7,49
7/26/2024 19:00,1895,26.1,0,3.1,71
7/26/2024 20:00,1560,24.5,0,6.7,65
7/26/2024 21:00,1260,23.6,0,5.1,67
7/26/2024 22:00,1021,22,0,6.3,75
7/26/2024 23:00,843,21,0,6.2,83
7/27/2024 0:00,616,20.4,0,5.2,87
7/27/2024 1:00,478,19,0,5.3,94
7/27/2024 2:00,377,18.8,0,4,95
7/27/2024 3:00,210,18.4,0,4.9,95
7/27/2024 4:00,96,18.3,0,7.9,91
7/27/2024 5:00,77,18.4,0,8.7,83
7/27/2024 6:00,91,18.4,0,8.9,79
7/27/2024 7:00,179,19,0,10.1,76
7/27/2024 8:00,402,21,0,9,73
7/27/2024 9:00,674,23.2,0,6.4,65
7/27/2024 10:00,1075,25.2,0,6.4,57
7/27/2024 11:00,1359,26.8,0,6.4,51
7/27/2024 12:00,1539,28,0,7.3,47
7/27/2024 13:00,1631,28.5,0,6.2,45
7/27/2024 14:00,1648,29,0,6.2,43
7/27/2024 15:00,1631,29.1,0,6.9,41
7/27/2024 16:00,1735,28.9,0,8.1,42
7/27/2024 17:00,1645,29.1,0,5.8,41
7/27/2024 18:00,1635,29.1,0,5.9,43
7/27/2024 19:00,1536,27.6,0,6.8,50
7/27/2024 20:00,1399,24.6,0,7.1,58
7/27/2024 21:00,1222,23.9,0,7.8,61
7/27/2024 22:00,1003,21.9,0,7.2,72
7/27/2024 23:00,875,22.1,0,6.8,68
7/28/2024 0:00,756,20.5,0,4.6,76
7/28/2024 1:00,476,19,0,7.9,86
7/28/2024 2:00,381,18.6,0,8.2,87
7/28/2024 3:00,251,18.2,0,9,90
7/28/2024 4:00,101,18.5,0,5.8,89
7/28/2024 5:00,55,18.5,0,7,89
7/28/2024 6:00,75,18.2,0,7.4,89
7/28/2024 7:00,180,19,0,7.3,86
7/28/2024 8:00,300,21.4,0,3.3,79
7/28/2024 9:00,509,23.5,0,0,77
7/28/2024 10:00,955,25.7,0,0.4,69
7/28/2024 11:00,1245,27.5,0,0.5,59
7/28/2024 12:00,1325,28.7,0,3.6,50
7/28/2024 13:00,1469,29.1,0,5.3,49
7/28/2024 14:00,1522,29.1,0,8,47
7/28/2024 15:00,1452,29.6,0,8.6,44
7/28/2024 16:00,1467,30,0,9.5,43
7/28/2024 17:00,1408,29.6,0,12.8,43
7/28/2024 18:00,1590,29.4,0,6.2,45
7/28/2024 19:00,1375,29.7,0,4.7,47
7/28/2024 20:00,1260,26.4,0,11.8,54
7/28/2024 21:00,1081,24.6,0,9.6,60
7/28/2024 22:00,729,23.4,0,8.3,68
7/28/2024 23:00,623,23,0,8.4,70
7/29/2024 0:00,350,22.5,0,10.2,72
7/29/2024 1:00,162,22.2,0,11.7,74
7/29/2024 2:00,83,22,0,11.5,71
7/29/2024 3:00,55,21.6,0,12.1,70
7/29/2024 4:00,35,21.4,0,11.2,70
7/29/2024 5:00,36,20.9,0,9.8,71
7/29/2024 6:00,156,20.5,0,9.9,74
7/29/2024 7:00,438,20.6,0,10.4,76
7/29/2024 8:00,836,22,0,8.9,75
7/29/2024 9:00,1352,24.3,0,5.9,76
7/29/2024 10:00,896,26.3,0,4.6,72
7/29/2024 11:00,716,27.9,0,3.5,68
7/29/2024 12:00,804,29.5,0,4.4,63
7/29/2024 13:00,870,31.1,0,4.7,56
7/29/2024 14:00,835,32.3,0,6.2,48
7/29/2024 15:00,938,32.7,0,11.2,43
7/29/2024 16:00,1055,32.3,0.1,12.7,42
7/29/2024 17:00,1450,32.5,0,9.1,42
7/29/2024 18:00,2141,31.3,0.2,13.4,45
7/29/2024 19:00,1213,29.1,0.1,14.9,62
7/29/2024 20:00,1198,28.1,0,14.2,65
7/29/2024 21:00,953,26.8,0,11,72
7/29/2024 22:00,793,26.1,0,13.8,74
7/29/2024 23:00,522,25,0,13.8,81
7/30/2024 0:00,427,24.4,0,14.7,83
7/30/2024 1:00,162,23.8,0,14.4,84
7/30/2024 2:00,70,23.1,0,12.8,87
7/30/2024 3:00,33,22.6,0,11.8,90
7/30/2024 4:00,27,22.3,0,11.7,93
7/30/2024 5:00,44,22.4,0,11.7,92
7/30/2024 6:00,146,22.6,0.1,10.8,90
7/30/2024 7:00,462,23,0.1,8.4,89
7/30/2024 8:00,999,23.4,0,13.9,88
7/30/2024 9:00,1717,23.8,0.1,14.6,89
7/30/2024 10:00,1060,25,0,13.6,83
7/30/2024 11:00,618,26.7,0.1,15.7,74
7/30/2024 12:00,700,27.8,0,15.8,68
7/30/2024 13:00,835,29,0,15.1,64
7/30/2024 14:00,871,30.1,0,15.1,61
7/30/2024 15:00,1004,31.1,0,18,58
7/30/2024 16:00,1186,31.3,0,16.7,57
7/30/2024 17:00,1522,25.4,10.8,13.8,84
7/30/2024 18:00,2468,24.6,6.7,9,90
7/30/2024 19:00,1880,24.3,0.4,10.1,87
7/30/2024 20:00,1460,23.9,0.2,7.3,89
7/30/2024 21:00,1169,25.6,0,11.6,78
7/30/2024 22:00,890,25,0,11.2,79
7/30/2024 23:00,620,24.1,0,11,82
7/31/2024 0:00,300,23.5,0,13.7,86
7/31/2024 1:00,161,23.2,0,12.2,89
7/31/2024 2:00,60,22.7,0,9.8,92
7/31/2024 3:00,31,22.2,0,6,95
7/31/2024 4:00,24,22.7,0,8.7,94
7/31/2024 5:00,50,22.5,0,7.1,97
7/31/2024 6:00,143,22.3,0,5.6,98
7/31/2024 7:00,449,22.6,0,6.3,98
7/31/2024 8:00,1049,24.1,0,5.1,92
7/31/2024 9:00,1676,25,0,5.7,90
7/31/2024 10:00,1156,26.8,0,5.6,84
7/31/2024 11:00,675,28.8,0,6.1,75
7/31/2024 12:00,730,30.4,0,5.2,67
7/31/2024 13:00,858,31.8,0,7.4,60
7/31/2024 14:00,829,32.7,0,8.2,53
7/31/2024 15:00,828,33.2,0,10.3,49
7/31/2024 16:00,1085,33.5,0,11.9,47
7/31/2024 17:00,1466,33.1,0,10.2,46
7/31/2024 18:00,1146,32.7,0,7.4,48
7/31/2024 19:00,1810,31.5,0,6.9,57
7/31/2024 20:00,1485,29.4,0,7.4,60
7/31/2024 21:00,1271,23.5,3.3,13.6,96
7/31/2024 22:00,892,23.6,0.2,8.8,90
7/31/2024 23:00,696,23.2,0,7.1,92
8/1/2024 0:00,381,22.6,0,5.2,94
8/1/2024 1:00,171,21.8,0,6.9,96
8/1/2024 2:00,89,21.4,0,6.8,96
8/1/2024 3:00,34,21.1,0,7.2,97
8/1/2024 4:00,30,21.6,0,5,95
8/1/2024 5:00,52,20.5,0,5,98
8/1/2024 6:00,151,20.6,0,4.9,98
8/1/2024 7:00,440,22.2,0,10,95
8/1/2024 8:00,901,24.5,0,13.9,84
8/1/2024 9:00,1591,26.9,0,8.2,83
8/1/2024 10:00,1046,29.4,0,7.4,70
8/1/2024 11:00,679,31.7,0,6.4,55
8/1/2024 12:00,749,33.1,0,3.3,46
8/1/2024 13:00,582,33.9,0,4.4,44
8/1/2024 14:00,793,34.7,0,3.3,41
8/1/2024 15:00,855,35.2,0,3.3,40
8/1/2024 16:00,1016,35.4,0,4.6,41
8/1/2024 17:00,1355,35.1,0,5.2,43
8/1/2024 18:00,2287,34.2,0,6.4,46
8/1/2024 19:00,2082,32.6,0,5.4,55
8/1/2024 20:00,1668,30.6,0,8,64
8/1/2024 21:00,1352,25.5,0,3.2,94
8/1/2024 22:00,1020,25.8,0,4.8,91
8/1/2024 23:00,692,25.7,0,8.8,86
8/2/2024 0:00,486,25.1,0,6.1,86
8/2/2024 1:00,265,24.4,0,5.4,88
8/2/2024 2:00,133,24.4,0,6,87
8/2/2024 3:00,70,24.2,0,6.1,89
8/2/2024 4:00,46,23.7,0,5.8,90
8/2/2024 5:00,50,23.3,0,6,90
8/2/2024 6:00,182,22.7,0,5.3,93
8/2/2024 7:00,391,23.1,0,6.1,92
8/2/2024 8:00,778,24.6,0,5.2,88
8/2/2024 9:00,1097,27,0,7.1,84
8/2/2024 10:00,941,28.9,0,7.6,76
8/2/2024 11:00,753,31.2,0,8.1,67
8/2/2024 12:00,884,32.9,0,8.9,59
8/2/2024 13:00,1008,34,0,12.3,52
8/2/2024 14:00,1006,34.9,0,16,48
8/2/2024 15:00,1108,35.4,0,17.3,41
8/2/2024 16:00,1222,35.8,0,16.9,35
8/2/2024 17:00,1478,35.5,0,17.1,35
8/2/2024 18:00,1758,34.8,0.1,13.8,40
8/2/2024 19:00,1704,32.3,0.1,12.6,50
8/2/2024 20:00,1412,31,0,10.1,55
8/2/2024 21:00,1129,25.2,7.1,5.2,86
8/2/2024 22:00,945,25.5,0,2.3,91
8/2/2024 23:00,797,25.5,0,4.7,92
8/3/2024 0:00,669,25.2,0,4.7,87
8/3/2024 1:00,490,24.4,0,5.5,88
8/3/2024 2:00,342,24.2,0,8.2,86
8/3/2024 3:00,203,23.5,0,8.6,89
8/3/2024 4:00,107,23.1,0,6.6,91
8/3/2024 5:00,63,22.7,0,7.8,93
8/3/2024 6:00,117,22.4,0,9,94
8/3/2024 7:00,190,22.9,0,11.1,92
8/3/2024 8:00,374,24.3,0,9,88
8/3/2024 9:00,666,25.2,0,10.5,86
8/3/2024 10:00,1034,27.1,0,15.9,76
8/3/2024 11:00,1320,28.9,0,12.6,70
8/3/2024 12:00,1422,30.7,0,14.7,63
8/3/2024 13:00,1476,32,0,15.5,57
8/3/2024 14:00,1389,33,0,15.6,55
8/3/2024 15:00,1433,33.7,0,18.5,51
8/3/2024 16:00,1442,32.1,0,19.6,54
8/3/2024 17:00,1333,31.6,0.1,19.1,56
8/3/2024 18:00,1362,26.2,5.7,11.9,83
8/3/2024 19:00,639,25.7,5.1,9.7,90
8/3/2024 20:00,305,24.4,0.6,12.9,92
8/3/2024 21:00,413,24.5,0.1,14.3,88
8/3/2024 22:00,527,24,0.3,11.1,92
8/3/2024 23:00,560,23.6,0,9.7,94
8/4/2024 0:00,502,23.3,0,9.7,96
8/4/2024 1:00,442,23.3,0,11.9,97
8/4/2024 2:00,307,23.3,0,11.2,96
8/4/2024 3:00,199,22.8,0,9.2,97
8/4/2024 4:00,108,22.4,0,10.1,97
8/4/2024 5:00,59,22.2,0,8.4,97
8/4/2024 6:00,101,22,0,7.4,98
8/4/2024 7:00,169,22.2,0,8.9,97
8/4/2024 8:00,289,23.3,0,10.4,92
8/4/2024 9:00,530,24.5,0,10,87
8/4/2024 10:00,818,25.7,0.1,7.6,82
8/4/2024 11:00,1209,26.5,0.1,7.6,79
8/4/2024 12:00,1281,27.9,0.2,9.1,74
8/4/2024 13:00,1379,29,0.2,9,68
8/4/2024 14:00,1368,29.6,0.2,10.1,64
8/4/2024 15:00,1423,29.3,0.2,10.2,64
8/4/2024 16:00,1409,28.6,0.1,9.1,67
8/4/2024 17:00,1346,29.1,0,3.4,65
8/4/2024 18:00,1360,28.9,0,6.2,66
8/4/2024 19:00,1193,28.3,0,6.4,71
8/4/2024 20:00,1192,26.7,0,9.1,78
8/4/2024 21:00,981,25.8,0,10.9,85
8/4/2024 22:00,740,24.5,0,10.8,89
8/4/2024 23:00,542,23.6,0,7.9,94
8/5/2024 0:00,278,23.1,0,6.5,96
8/5/2024 1:00,144,22.9,0,5.9,97
8/5/2024 2:00,87,22.7,0,5.8,97
8/5/2024 3:00,50,22.5,0,5.8,97
8/5/2024 4:00,41,21.8,0,5.1,98
8/5/2024 5:00,39,21.4,0,5.1,98
8/5/2024 6:00,145,21.3,0,4.7,98
8/5/2024 7:00,401,21.9,0,4.6,97
8/5/2024 8:00,787,23.8,0,4.5,90
8/5/2024 9:00,1310,26.3,0,4.2,80
8/5/2024 10:00,899,28.4,0,4.4,71
8/5/2024 11:00,664,30.1,0,2.8,58
8/5/2024 12:00,741,31.2,0,1.8,50
8/5/2024 13:00,870,32,0,4.1,48
8/5/2024 14:00,850,32.6,0,6,46
8/5/2024 15:00,914,33.2,0,7.4,43
8/5/2024 16:00,1048,32.9,0,7.6,44
8/5/2024 17:00,1376,32.8,0,7.1,45
8/5/2024 18:00,2010,32.5,0,5.4,47
8/5/2024 19:00,1860,31.5,0,5.6,57
8/5/2024 20:00,1532,29.2,0,15.4,59
8/5/2024 21:00,1127,28,0,11.9,69
8/5/2024 22:00,844,27.2,0,12.4,73
8/5/2024 23:00,562,26.7,0,13.2,79
8/6/2024 0:00,305,26.1,0,11.8,83
8/6/2024 1:00,135,25.6,0,12.2,85
8/6/2024 2:00,75,25.1,0,12.7,86
8/6/2024 3:00,40,24.6,0,12.2,87
8/6/2024 4:00,29,24.2,0,11.3,88
8/6/2024 5:00,41,23.8,0,10.6,89
8/6/2024 6:00,156,23.3,0,8.6,92
8/6/2024 7:00,464,23.5,0,8.7,91
8/6/2024 8:00,949,24.9,0,7,87
8/6/2024 9:00,1638,27.1,0,8.9,86
8/6/2024 10:00,942,28.5,0,10.2,80
8/6/2024 11:00,654,29.7,0,12.2,73
8/6/2024 12:00,674,30.9,0,10.9,67
8/6/2024 13:00,880,31.8,0,7.6,61
8/6/2024 14:00,817,32.6,0,5.7,57
8/6/2024 15:00,845,33.1,0,5.9,55
8/6/2024 16:00,1140,32.7,0,9.7,56
8/6/2024 17:00,1440,32.7,0,8.3,54
8/6/2024 18:00,2276,30.4,0.4,11.1,63
8/6/2024 19:00,2065,29.8,0,13.4,61
8/6/2024 20:00,1618,28.8,0,14.6,63
8/6/2024 21:00,1206,27.4,0,8,73
8/6/2024 22:00,979,26.2,0,6.2,81
8/6/2024 23:00,590,25.3,0,5.5,82
8/7/2024 0:00,363,24.8,0,3.6,85
8/7/2024 1:00,176,24.4,0,9.4,83
8/7/2024 2:00,85,24.1,0,10.1,85
8/7/2024 3:00,52,23.9,0,8.8,88
8/7/2024 4:00,20,23.3,0,6.3,92
8/7/2024 5:00,37,23,0,5.8,94
8/7/2024 6:00,161,22.8,0,7.2,95
8/7/2024 7:00,459,23,0,8.6,96
8/7/2024 8:00,948,24.3,0,10.2,90
8/7/2024 9:00,1661,25.9,0.1,5,85
8/7/2024 10:00,1126,26.9,0.1,3.2,79
8/7/2024 11:00,756,28.1,0.1,6,74
8/7/2024 12:00,808,28.5,0.1,6.6,72
8/7/2024 13:00,930,29,0,8.8,72
8/7/2024 14:00,946,29.1,0,9.7,69
8/7/2024 15:00,972,29.1,0,8,67
8/7/2024 16:00,1086,27.2,1.3,9.5,74
8/7/2024 17:00,1411,26.2,2.8,9.9,82
8/7/2024 18:00,2196,26.6,0,12.9,80
8/7/2024 19:00,2091,25.7,0,9.6,84
8/7/2024 20:00,1376,24.9,0,11.9,88
8/7/2024 21:00,991,23.8,0.9,13,97
8/7/2024 22:00,855,22.9,2.1,11.9,98
8/7/2024 23:00,594,22.8,0.4,9.7,97
8/8/2024 0:00,318,22.5,7.4,10.5,98
8/8/2024 1:00,133,22.3,8.1,13.1,97
8/8/2024 2:00,81,22.6,1.9,13.7,97
8/8/2024 3:00,45,22.8,0.1,14.8,97
8/8/2024 4:00,20,22.8,0,14.5,96
8/8/2024 5:00,15,22.8,0,14.7,95
8/8/2024 6:00,81,22.6,2,14.2,97
8/8/2024 7:00,256,22.7,5.7,14.4,98
8/8/2024 8:00,622,22.9,8,13.3,98
8/8/2024 9:00,1157,24.1,0.3,15.5,92
8/8/2024 10:00,867,24.5,0.2,18.5,89
8/8/2024 11:00,623,25.2,0.5,19.4,85
8/8/2024 12:00,698,24.7,1.1,15.6,92
8/8/2024 13:00,592,25.4,0.9,16.7,90
8/8/2024 14:00,554,25.4,0.6,19.1,91
8/8/2024 15:00,531,25.7,0.5,20.2,88
8/8/2024 16:00,624,25.8,0.9,17.7,90
8/8/2024 17:00,741,25.2,0.8,17.3,92
8/8/2024 18:00,1151,24.8,0.3,16.8,92
8/8/2024 19:00,1036,24.2,0.8,15.5,96
8/8/2024 20:00,755,24.1,1.1,15.8,96
8/8/2024 21:00,468,23.6,2.9,15.2,97
8/8/2024 22:00,362,23.9,1.9,16.2,96
8/8/2024 23:00,408,23.8,1.4,20.9,94
8/9/2024 0:00,281,23.8,1.9,19.8,94
8/9/2024 1:00,127,23.3,0.4,22.5,96
8/9/2024 2:00,67,23.7,0.5,22.2,94
8/9/2024 3:00,52,23.3,0.8,20.9,96
8/9/2024 4:00,41,22.9,8.5,21.1,98
8/9/2024 5:00,33,24.3,9.1,21.2,92
8/9/2024 6:00,136,24.3,0.2,22.6,92
8/9/2024 7:00,188,24.3,0.3,23.1,92
8/9/2024 8:00,347,24.8,0.3,26.7,91
8/9/2024 9:00,156,24.1,4.3,24.5,96
8/9/2024 10:00,415,24.8,4.1,24.1,92
8/9/2024 11:00,379,24.8,1,22.9,95
8/9/2024 12:00,470,24.6,1.5,23,93
8/9/2024 13:00,478,25.4,0.2,17,90
8/9/2024 14:00,339,27.1,0.1,16,86
8/9/2024 15:00,645,29,0.1,17.3,79
8/9/2024 16:00,883,29.4,0.2,14.9,76
8/9/2024 17:00,1078,28.3,0.5,10.2,82
8/9/2024 18:00,1417,26.4,2.2,12.7,89
8/9/2024 19:00,1406,26.2,0.1,7.2,90
8/9/2024 20:00,1308,25.4,0,13.1,92
8/9/2024 21:00,1046,25.4,0.5,10.8,91
8/9/2024 22:00,848,24.9,0,10,93
8/9/2024 23:00,709,24.3,0,6.6,95
8/10/2024 0:00,649,24,0,6.5,97
8/10/2024 1:00,437,23.5,0,6.3,99
8/10/2024 2:00,306,23.1,0,6.4,95
8/10/2024 3:00,186,22.5,0,6.6,93
8/10/2024 4:00,91,21.7,0,5.4,95
8/10/2024 5:00,57,21.4,0,6,95
8/10/2024 6:00,94,21.3,0,6.6,95
8/10/2024 7:00,208,21.5,0,5.9,95
8/10/2024 8:00,384,22.9,0,5.7,94
8/10/2024 9:00,665,25.6,0,1.1,85
8/10/2024 10:00,1056,27.1,0,1.8,72
8/10/2024 11:00,1399,28,0.1,6.4,65
8/10/2024 12:00,1475,29,0,9.8,60
8/10/2024 13:00,1501,29.2,0,11.8,58
8/10/2024 14:00,1617,29.9,0,10.6,55
8/10/2024 15:00,1626,29.8,0.1,10.7,55
8/10/2024 16:00,1638,29.9,0.1,10.6,55
8/10/2024 17:00,1573,29.8,0,9,53
8/10/2024 18:00,1563,29.4,0,5.8,55
8/10/2024 19:00,1618,28.8,0,1.8,61
8/10/2024 20:00,1402,26.6,0,4.8,77
8/10/2024 21:00,1117,25.2,0,4.4,85
8/10/2024 22:00,812,24.1,0,3.7,92
8/10/2024 23:00,402,24.2,0,3.6,93
8/11/2024 0:00,399,23.7,0,5.4,95
8/11/2024 1:00,356,22.9,0,9.7,77
8/11/2024 2:00,302,21.8,0,9,69
8/11/2024 3:00,190,20.5,0,7.6,74
8/11/2024 4:00,127,19.8,0,7.5,77
8/11/2024 5:00,71,19.1,0,7,80
8/11/2024 6:00,96,18.4,0,6.1,83
8/11/2024 7:00,189,18.6,0,8.4,83
8/11/2024 8:00,305,20.1,0,8.2,81
8/11/2024 9:00,521,22.1,0,7.5,75
8/11/2024 10:00,911,23.9,0,8.4,65
8/11/2024 11:00,1209,24.9,0,7.4,59
8/11/2024 12:00,1309,25.4,0,6.6,54
8/11/2024 13:00,1409,25.9,0,7.3,52
8/11/2024 14:00,1548,26.9,0,7.7,48
8/11/2024 15:00,1546,27.3,0,7.7,46
8/11/2024 16:00,1515,27.6,0,7.9,45
8/11/2024 17:00,1522,27.6,0,9.4,46
8/11/2024 18:00,1469,26.7,0,9.2,48
8/11/2024 19:00,1480,25.1,0,8.4,58
8/11/2024 20:00,1314,22.8,0,3.2,69
8/11/2024 21:00,1026,22.3,0,6,71
8/11/2024 22:00,683,21.4,0,2.6,76
8/11/2024 23:00,499,20.8,0,4,78
8/12/2024 0:00,307,19.5,0,3.9,87
8/12/2024 1:00,138,19.4,0,5.3,89
8/12/2024 2:00,65,18.9,0,6.8,90
8/12/2024 3:00,60,18.8,0,10.2,86
8/12/2024 4:00,25,19,0,10.7,77
8/12/2024 5:00,42,18.6,0,8.9,75
8/12/2024 6:00,152,17.8,0,8.7,77
8/12/2024 7:00,421,17.5,0,8.9,78
8/12/2024 8:00,779,19.3,0,9.2,76
8/12/2024 9:00,1283,21.6,0,6.7,70
8/12/2024 10:00,948,23.3,0,7.8,62
8/12/2024 11:00,672,24.8,0,11.2,57
8/12/2024 12:00,749,25.8,0,12.2,49
8/12/2024 13:00,892,26.4,0,12.3,48
8/12/2024 14:00,898,27.2,0,11.6,44
8/12/2024 15:00,985,27.2,0,14.1,42
8/12/2024 16:00,1145,26.6,0,16,44
8/12/2024 17:00,1486,26.5,0,13.8,45
8/12/2024 18:00,2242,26.1,0,9.2,50
8/12/2024 19:00,2090,25.5,0,3.2,57
8/12/2024 20:00,1662,22.2,0,8,76
8/12/2024 21:00,1291,21.4,0,5.8,78
8/12/2024 22:00,847,20.5,0,4.7,82
8/12/2024 23:00,558,19.7,0,5.2,86
8/13/2024 0:00,292,19.1,0,5.8,86
8/13/2024 1:00,139,19.1,0,7.8,82
8/13/2024 2:00,57,18.8,0,7.1,82
8/13/2024 3:00,43,18.3,0,8.7,83
8/13/2024 4:00,34,18.1,0,9.9,83
8/13/2024 5:00,44,18.2,0,10.7,81
8/13/2024 6:00,156,18,0,10.4,80
8/13/2024 7:00,468,18.1,0,8.8,81
8/13/2024 8:00,982,18.7,0,8.5,80
8/13/2024 9:00,1649,21.3,0,4.5,74
8/13/2024 10:00,1070,23.5,0,4.7,66
8/13/2024 11:00,771,25.1,0,5.1,59
8/13/2024 12:00,757,26.3,0,5.2,51
8/13/2024 13:00,948,27.1,0,5.1,48
8/13/2024 14:00,873,27.5,0,5.9,45
8/13/2024 15:00,975,27.9,0,6.7,43
8/13/2024 16:00,1177,27.6,0,7.4,42
8/13/2024 17:00,1560,27.4,0,6.3,44
8/13/2024 18:00,2406,27,0,4.7,47
8/13/2024 19:00,2167,25.8,0,3.1,65
8/13/2024 20:00,1672,22.7,0,7.2,76
8/13/2024 21:00,1240,22.7,0,8.7,65
8/13/2024 22:00,971,21.3,0,6,71
8/13/2024 23:00,663,20.7,0,5.6,77
8/14/2024 0:00,325,19.3,0,4.1,84
8/14/2024 1:00,157,19.1,0,5.9,84
8/14/2024 2:00,69,18.6,0,6.8,85
8/14/2024 3:00,48,18.3,0,8.1,84
8/14/2024 4:00,33,17.9,0,7.7,85
8/14/2024 5:00,36,17.7,0,8,85
8/14/2024 6:00,155,17.6,0,8.1,84
8/14/2024 7:00,429,17.9,0,8,83
8/14/2024 8:00,1003,19.8,0,8.5,81
8/14/2024 9:00,1702,22.4,0,6.6,75
8/14/2024 10:00,1084,24.5,0,7.1,67
8/14/2024 11:00,779,26.1,0,9,55
8/14/2024 12:00,813,26.8,0,11.2,48
8/14/2024 13:00,917,27.5,0,11.1,46
8/14/2024 14:00,974,28.2,0,10.6,43
8/14/2024 15:00,893,28.8,0,9.8,41
8/14/2024 16:00,1189,28.9,0,9,40
8/14/2024 17:00,1606,28.6,0,8.1,42
8/14/2024 18:00,2395,27.7,0,6.7,47
8/14/2024 19:00,2300,26.1,0,5.6,59
8/14/2024 20:00,1862,25.7,0,5.8,55
8/14/2024 21:00,1238,21.9,0,4.5,77
8/14/2024 22:00,970,21.2,0,5.8,80
8/14/2024 23:00,701,20.3,0,5.6,83
8/15/2024 0:00,388,19.8,0,7.4,83
8/15/2024 1:00,201,19.5,0,8.1,79
8/15/2024 2:00,81,19,0,7.5,80
8/15/2024 3:00,56,18.7,0,8,80
8/15/2024 4:00,22,18.5,0,8.3,79
8/15/2024 5:00,45,18.2,0,7.6,79
8/15/2024 6:00,145,17.7,0,7.4,82
8/15/2024 7:00,408,17.6,0,8.9,85
8/15/2024 8:00,882,19.4,0,8.7,84
8/15/2024 9:00,1543,22.3,0,6.7,76
8/15/2024 10:00,1124,24.6,0,6.4,68
8/15/2024 11:00,740,26.5,0,5.8,59
8/15/2024 12:00,776,27.9,0,7.8,49
8/15/2024 13:00,933,28.6,0,6.3,44
8/15/2024 14:00,947,29.3,0,4,41
8/15/2024 15:00,1013,29.7,0,1.9,40
8/15/2024 16:00,1205,30,0,0.4,39
8/15/2024 17:00,1582,29.8,0,3.4,40
8/15/2024 18:00,2376,29,0,5.9,45
8/15/2024 19:00,2255,27.2,0,6,59
8/15/2024 20:00,1728,24.7,0,7.1,70
8/15/2024 21:00,1383,23.4,0,6.6,79
8/15/2024 22:00,951,22.4,0,6.4,80
8/15/2024 23:00,706,22.1,0,7.1,77
8/16/2024 0:00,509,21,0,5.9,81
8/16/2024 1:00,272,20.3,0,8.1,83
8/16/2024 2:00,130,20.1,0,7.2,83
8/16/2024 3:00,73,19.5,0,7.8,87
8/16/2024 4:00,35,19.7,0,7.2,84
8/16/2024 5:00,54,19.1,0,6.9,87
8/16/2024 6:00,158,18.5,0,6.8,89
8/16/2024 7:00,382,18.6,0,5.7,92
8/16/2024 8:00,744,20.9,0,3.2,84
8/16/2024 9:00,1136,23.1,0,2.3,79
8/16/2024 10:00,960,25.4,0,3.2,71
8/16/2024 11:00,832,27.2,0,6.3,62
8/16/2024 12:00,920,28.1,0,9.4,55
8/16/2024 13:00,1188,29.1,0,9.8,49
8/16/2024 14:00,1184,29.7,0,10.4,46
8/16/2024 15:00,1253,30,0,11.2,45
8/16/2024 16:00,1462,30.1,0,10.2,46
8/16/2024 17:00,1617,29.7,0,10.6,46
8/16/2024 18:00,1995,28.5,0,11.2,50
8/16/2024 19:00,1846,27.6,0,10.5,51
8/16/2024 20:00,1588,26.7,0,13.7,53
8/16/2024 21:00,1204,25.4,0,12.2,62
8/16/2024 22:00,1029,24.9,0,11.6,63
8/16/2024 23:00,833,23.9,0,11.2,68
8/17/2024 0:00,651,23.6,0,12.3,72
8/17/2024 1:00,469,23.2,0,11.6,73
8/17/2024 2:00,257,22.7,0,9.1,76
8/17/2024 3:00,143,22.6,0.2,13.7,76
8/17/2024 4:00,69,22.1,0.1,15.5,76
8/17/2024 5:00,58,21.3,0,15.5,85
8/17/2024 6:00,85,21.2,0,12,90
8/17/2024 7:00,214,20.9,0,11.3,90
8/17/2024 8:00,383,21.8,0,8.8,87
8/17/2024 9:00,611,22.7,0.4,13.4,88
8/17/2024 10:00,927,24,0.1,16.6,82
8/17/2024 11:00,1223,24.3,0,10.9,82
8/17/2024 12:00,1424,25.8,0,9.2,78
8/17/2024 13:00,1510,26.4,0.1,10.8,77
8/17/2024 14:00,1637,27.2,0,10.1,76
8/17/2024 15:00,1474,27.5,0,11.2,74
8/17/2024 16:00,1540,27.3,0.5,10.7,74
8/17/2024 17:00,1441,25.2,3.2,1.8,81
8/17/2024 18:00,1530,26,0.1,7,81
8/17/2024 19:00,1161,24.2,0,12.7,86
8/17/2024 20:00,1064,23.5,0,8.8,88
8/17/2024 21:00,879,22.4,0,5.4,96
8/17/2024 22:00,820,22.5,0,4.7,96
8/17/2024 23:00,681,21.2,0,7.6,97
8/18/2024 0:00,647,21.9,0,6,96
8/18/2024 1:00,486,22,0,8,96
8/18/2024 2:00,346,21.7,0,8.6,96
8/18/2024 3:00,235,21.4,0,6.9,97
8/18/2024 4:00,119,20.9,0,5.2,98
8/18/2024 5:00,57,20.4,0,5.1,99
8/18/2024 6:00,74,20.8,0,5.7,99
8/18/2024 7:00,157,21,0,3.6,100
8/18/2024 8:00,289,22.1,0,5.4,98
8/18/2024 9:00,475,22.5,0.1,8.9,90
8/18/2024 10:00,862,23.1,0,7.1,90
8/18/2024 11:00,1113,25,0.1,7.6,85
8/18/2024 12:00,1400,26.7,0.1,7.9,78
8/18/2024 13:00,1386,28,0.2,9.1,74
8/18/2024 14:00,1569,28.8,0.1,8.4,70
8/18/2024 15:00,1332,29.1,0.1,7.7,67
8/18/2024 16:00,1486,29.2,0.1,10.7,64
8/18/2024 17:00,1518,25.8,4.5,15.6,80
8/18/2024 18:00,1392,24.2,3.5,10.4,85
8/18/2024 19:00,1254,24.3,0.1,5,87
8/18/2024 20:00,1062,23,0,4,95
8/18/2024 21:00,806,23.4,1.8,3.2,92
8/18/2024 22:00,634,21.8,9,4.6,93
8/18/2024 23:00,358,21.4,16.5,3.3,95
8/19/2024 0:00,265,21.4,0.1,6,97
8/19/2024 1:00,107,21,0,6.5,97
8/19/2024 2:00,54,21,0,8.2,97
8/19/2024 3:00,40,21,0,8.9,96
8/19/2024 4:00,37,20.9,0,9.1,95
8/19/2024 5:00,29,20.8,0,9.7,94
8/19/2024 6:00,143,20.6,0,9.5,93
8/19/2024 7:00,374,20.5,0,10.7,92
8/19/2024 8:00,811,21.5,0,11.3,92
8/19/2024 9:00,1274,22.9,0.3,8,88
8/19/2024 10:00,816,24,0,9.9,81
8/19/2024 11:00,699,25.2,0.1,11.9,75
8/19/2024 12:00,770,26.2,0.1,12.1,70
8/19/2024 13:00,904,27.3,0.1,11.4,64
8/19/2024 14:00,854,28,0,12,60
8/19/2024 15:00,947,27.6,2.2,17.3,61
8/19/2024 16:00,1161,25.2,0.1,14.2,74
8/19/2024 17:00,1489,26,0,11,68
8/19/2024 18:00,2009,24.1,0.6,19.2,73
8/19/2024 19:00,1774,22.2,0.3,7.1,83
8/19/2024 20:00,1516,21.6,0,7.2,86
8/19/2024 21:00,1107,22.8,0,14.4,73
8/19/2024 22:00,737,22.3,0,17.1,70
8/19/2024 23:00,485,21.4,0,17.3,70
8/20/2024 0:00,270,20.9,0,18.5,69
8/20/2024 1:00,163,20.6,0,17.6,68
8/20/2024 2:00,57,20,0,15.3,70
8/20/2024 3:00,42,19.6,0,15.7,70
8/20/2024 4:00,27,19.1,0,16,70
8/20/2024 5:00,28,18.4,0,14.3,71
8/20/2024 6:00,168,17.5,0,10.7,75
8/20/2024 7:00,453,16.8,0,10.1,80
8/20/2024 8:00,1024,17.7,0,12.9,76
8/20/2024 9:00,1624,18.9,0,15,73
8/20/2024 10:00,1077,19.7,0.1,13.9,69
8/20/2024 11:00,716,20,0,13.7,65
8/20/2024 12:00,743,20.7,0,13,59
8/20/2024 13:00,899,21.6,0,14.1,55
8/20/2024 14:00,888,22.3,0,14.5,51
8/20/2024 15:00,1008,22.8,0,14.3,47
8/20/2024 16:00,1267,22.9,0,16.1,45
8/20/2024 17:00,1615,22.7,0,15.3,45
8/20/2024 18:00,2550,22.3,0,11.9,46
8/20/2024 19:00,2201,20.9,0,7.8,55
8/20/2024 20:00,1562,17.9,0,8.3,69
8/20/2024 21:00,1175,16.2,0,6.2,72
8/20/2024 22:00,930,16.2,0,6.1,71
8/20/2024 23:00,608,15.8,0,6.9,70
8/21/2024 0:00,337,15.3,0,9.2,69
8/21/2024 1:00,176,15,0,10.6,68
8/21/2024 2:00,67,14.5,0,9.7,71
8/21/2024 3:00,30,14,0,10.2,73
8/21/2024 4:00,14,13.7,0,11,74
8/21/2024 5:00,26,13.3,0,10.5,75
8/21/2024 6:00,151,12.8,0,9.9,77
8/21/2024 7:00,420,12.7,0,9.9,78
8/21/2024 8:00,972,14.4,0,10.2,76
8/21/2024 9:00,1575,16.6,0,13,69
8/21/2024 10:00,1079,18.4,0,14.5,60
8/21/2024 11:00,752,19.8,0,13.7,52
8/21/2024 12:00,837,21.1,0,12.3,48
8/21/2024 13:00,940,22.2,0,12.5,43
8/21/2024 14:00,995,23.1,0,15.3,39
8/21/2024 15:00,950,23.2,0,15.6,36
8/21/2024 16:00,1259,23.5,0,14.8,35
8/21/2024 17:00,1747,23.1,0,12.2,38
8/21/2024 18:00,2521,23.4,0,4.8,43
8/21/2024 19:00,2328,22.3,0,3.3,58
8/21/2024 20:00,1682,18.9,0,7.4,56
8/21/2024 21:00,1269,17,0,5.9,69
8/21/2024 22:00,920,16.2,0,7,69
8/21/2024 23:00,671,15.8,0,7.7,68
8/22/2024 0:00,338,15.6,0,9.2,70
8/22/2024 1:00,174,15.3,0,9.7,72
8/22/2024 2:00,82,14.7,0,8.7,74
8/22/2024 3:00,36,14.1,0,8.9,76
8/22/2024 4:00,27,13.5,0,7.7,79
8/22/2024 5:00,44,13,0,7.9,82
8/22/2024 6:00,155,12.8,0,7.7,83
8/22/2024 7:00,430,13,0,8.2,83
8/22/2024 8:00,943,15,0,8.7,81
8/22/2024 9:00,1599,17.3,0,7.5,75
8/22/2024 10:00,1099,19.7,0,7.9,64
8/22/2024 11:00,731,21.4,0,7.7,55
8/22/2024 12:00,795,22.6,0,8,49
8/22/2024 13:00,965,23.4,0,8.7,45
8/22/2024 14:00,958,23.7,0,6.1,42
8/22/2024 15:00,1109,24,0,3.1,40
8/22/2024 16:00,1309,24.1,0,3.9,40
8/22/2024 17:00,1594,24.3,0,4.6,40
8/22/2024 18:00,2344,24,0,2.7,45
8/22/2024 19:00,2241,22.4,0,3.8,59
8/22/2024 20:00,1849,18.5,0,8.5,68
8/22/2024 21:00,1311,18.2,0,6.7,69
8/22/2024 22:00,966,16.5,0,7.4,77
8/22/2024 23:00,654,17.7,0,4.5,70
8/23/2024 0:00,433,16.9,0,4.5,75
8/23/2024 1:00,231,16.8,0,3.8,76
8/23/2024 2:00,111,14.6,0,5,85
8/23/2024 3:00,68,13.6,0,5.7,89
8/23/2024 4:00,32,13.4,0,4.7,90
8/23/2024 5:00,41,13.3,0,4.6,92
8/23/2024 6:00,156,13.1,0,5.1,93
8/23/2024 7:00,345,13.4,0,5.9,92
8/23/2024 8:00,781,15.9,0,5.9,84
8/23/2024 9:00,1181,19,0,3.1,76
8/23/2024 10:00,969,21.7,0,2.3,63
8/23/2024 11:00,873,23.5,0,2,53
8/23/2024 12:00,981,24.6,0,0.8,46
8/23/2024 13:00,1166,25.3,0,2.6,43
8/23/2024 14:00,1175,25.8,0,4.3,42
8/23/2024 15:00,1356,26,0,5,41
8/23/2024 16:00,1618,26.1,0,5.3,39
8/23/2024 17:00,1789,26,0,3.8,39
8/23/2024 18:00,2061,25.9,0,2.2,40
8/23/2024 19:00,1947,24.5,0,2.4,68
8/23/2024 20:00,1765,21.5,0,9.1,58
8/23/2024 21:00,1284,20.4,0,9.1,63
8/23/2024 22:00,1006,19.2,0,8.9,66
8/23/2024 23:00,785,18.1,0,8,69
8/24/2024 0:00,639,17.4,0,7.9,71
8/24/2024 1:00,492,17,0,7.6,74
8/24/2024 2:00,338,16.4,0,7.6,77
8/24/2024 3:00,194,16,0,7.1,80
8/24/2024 4:00,102,15.6,0,6.6,85
8/24/2024 5:00,60,14.9,0,5.9,90
8/24/2024 6:00,86,14.4,0,7.4,92
8/24/2024 7:00,197,14.9,0,5.5,93
8/24/2024 8:00,447,17.4,0,5.3,85
8/24/2024 9:00,643,19.8,0,3.8,80
8/24/2024 10:00,1080,21.7,0,3.3,74
8/24/2024 11:00,1399,23.6,0,4.4,67
8/24/2024 12:00,1539,25.3,0,6,58
8/24/2024 13:00,1695,26.4,0,6.9,52
8/24/2024 14:00,1684,27.1,0,7.2,50
8/24/2024 15:00,1819,27.5,0,6.5,49
8/24/2024 16:00,1764,27.7,0,6.3,47
8/24/2024 17:00,1722,27.5,0,5.2,47
8/24/2024 18:00,1723,27.2,0,3.7,50
8/24/2024 19:00,1701,25.2,0,5,69
8/24/2024 20:00,1504,22.8,0,8,64
8/24/2024 21:00,1166,21.4,0,9.4,64
8/24/2024 22:00,1082,20.3,0,8.6,65
8/24/2024 23:00,864,19.6,0,9.3,68
8/25/2024 0:00,739,19.1,0,10,72
8/25/2024 1:00,505,18.6,0,10.7,75
8/25/2024 2:00,370,18,0,9.4,77
8/25/2024 3:00,244,17.4,0,7.1,79
8/25/2024 4:00,123,16.7,0,5.9,82
8/25/2024 5:00,73,16.1,0,5.8,86
8/25/2024 6:00,70,15.7,0,6,88
8/25/2024 7:00,146,16.2,0,5.1,87
8/25/2024 8:00,307,18.3,0,5.6,81
8/25/2024 9:00,555,20.5,0,4,76
8/25/2024 10:00,875,22.9,0,3.5,70
8/25/2024 11:00,1218,25.1,0,5.2,63
8/25/2024 12:00,1603,26.8,0,7.2,58
8/25/2024 13:00,1596,28.1,0,8,54
8/25/2024 14:00,1659,29.1,0,7.9,51
8/25/2024 15:00,1672,29.6,0,8,49
8/25/2024 16:00,1737,29.8,0,8.3,48
8/25/2024 17:00,1617,29.6,0,7.9,48
8/25/2024 18:00,1591,28.7,0,6.8,54
8/25/2024 19:00,1626,26.7,0,8.5,59
8/25/2024 20:00,1251,24.7,0,9,61
8/25/2024 21:00,981,23.1,0,9.2,66
8/25/2024 22:00,640,21.9,0,8.1,70
8/25/2024 23:00,478,21.2,0,10.1,71
8/26/2024 0:00,295,20.9,0,11.4,75
8/26/2024 1:00,159,20.4,0,10.1,77
8/26/2024 2:00,87,19.9,0,11.1,78
8/26/2024 3:00,40,19.5,0,10.1,79
8/26/2024 4:00,32,19,0,8.9,81
8/26/2024 5:00,24,18.6,0,8,83
8/26/2024 6:00,147,18.4,0,8.5,83
8/26/2024 7:00,384,18.5,0,8.2,83
8/26/2024 8:00,1025,20.2,0,7.5,81
8/26/2024 9:00,1542,21.9,0.5,5.5,85
8/26/2024 10:00,966,23.7,0.1,4,83
8/26/2024 11:00,732,25.7,0.1,2.6,75
8/26/2024 12:00,754,27.6,0,5.2,67
8/26/2024 13:00,969,29.4,0,3.1,61
8/26/2024 14:00,787,30.5,0,7.8,57
8/26/2024 15:00,812,26.4,3.3,7.9,77
8/26/2024 16:00,1222,28.9,0,5.7,67
8/26/2024 17:00,1515,29.1,0,6.6,64
8/26/2024 18:00,2284,28.5,0,1.3,65
8/26/2024 19:00,2063,25.8,0.1,8.1,81
8/26/2024 20:00,1562,24.2,0,12.2,83
8/26/2024 21:00,1103,24.2,0,4,86
8/26/2024 22:00,870,22.8,0,5,91
8/26/2024 23:00,530,22.3,0,4,92
8/27/2024 0:00,276,21.9,0,5.4,93
8/27/2024 1:00,107,21.8,0,5.6,91
8/27/2024 2:00,66,21.7,0,6.4,91
8/27/2024 3:00,34,21.2,0,7,93
8/27/2024 4:00,36,20.8,0,6.8,94
8/27/2024 5:00,48,20.5,0,5.8,95
8/27/2024 6:00,164,20.2,0,6.5,95
8/27/2024 7:00,472,20.2,0,5.4,94
8/27/2024 8:00,1155,22.2,0,5.1,87
8/27/2024 9:00,1965,25,0,4.6,76
8/27/2024 10:00,1119,27.1,0,5.7,62
8/27/2024 11:00,689,28.7,0,4.4,53
8/27/2024 12:00,741,29.8,0,3.8,48
8/27/2024 13:00,908,30.6,0,3.1,45
8/27/2024 14:00,831,30.3,0,6.9,47
8/27/2024 15:00,912,30.2,0,7.6,47
8/27/2024 16:00,1296,30.4,0,6,47
8/27/2024 17:00,1574,30.8,0,3.4,47
8/27/2024 18:00,2591,30.8,0,3.6,53
8/27/2024 19:00,2290,28.8,0,6.8,61
8/27/2024 20:00,1777,26.7,0,11.8,53
8/27/2024 21:00,1136,25.3,0,7.4,60
8/27/2024 22:00,976,24.2,0,7.6,64
8/27/2024 23:00,608,24.4,0,10,62
8/28/2024 0:00,300,24.1,0,10.5,65
8/28/2024 1:00,173,23.5,0,9.6,69
8/28/2024 2:00,61,23,0,8.9,73
8/28/2024 3:00,27,22.5,0,9,77
8/28/2024 4:00,26,22.1,0,8.4,82
8/28/2024 5:00,49,21.7,0,6.7,87
8/28/2024 6:00,158,21.5,0,7.1,91
8/28/2024 7:00,486,21.7,0,7.2,93
8/28/2024 8:00,1135,23.6,0,7.6,87
8/28/2024 9:00,1849,25.8,0,7.9,85
8/28/2024 10:00,1127,28.5,0,6.8,70
8/28/2024 11:00,715,30.9,0,7,59
8/28/2024 12:00,749,32.6,0,6.2,52
8/28/2024 13:00,855,33.7,0,5,48
8/28/2024 14:00,810,34.3,0,3.4,47
8/28/2024 15:00,836,34.8,0,0.5,47
8/28/2024 16:00,1187,35.2,0,1.6,44
8/28/2024 17:00,1537,35.3,0,2.6,45
8/28/2024 18:00,2320,34.2,0,4.3,53
8/28/2024 19:00,2059,31.2,0,5.5,60
8/28/2024 20:00,1563,24.6,2,9.8,84
8/28/2024 21:00,1156,26.7,0.4,5.2,75
8/28/2024 22:00,980,26.2,0,5.1,80
8/28/2024 23:00,619,25.6,0,6.3,82
8/29/2024 0:00,319,24.7,0,7.1,88
8/29/2024 1:00,144,23.8,0,4.8,92
8/29/2024 2:00,67,23.7,0,4.3,93
8/29/2024 3:00,35,23.5,0,7.1,94
8/29/2024 4:00,47,23.4,0,6.4,92
8/29/2024 5:00,53,23.2,0,7.2,91
8/29/2024 6:00,179,22.9,0,5.9,91
8/29/2024 7:00,457,23,0,5.7,90
8/29/2024 8:00,1116,24.6,0,7.6,85
8/29/2024 9:00,1789,25.1,1.1,7.9,90
8/29/2024 10:00,1077,25.5,0.6,6,90
8/29/2024 11:00,764,24.7,7.3,4.3,93
8/29/2024 12:00,800,25,1.2,9.4,93
8/29/2024 13:00,951,28,0.1,8.4,83
8/29/2024 14:00,872,29.5,0.1,12.3,73
8/29/2024 15:00,955,29.4,0.2,11.3,71
8/29/2024 16:00,1325,28.1,2.2,10.9,76
8/29/2024 17:00,1429,27.9,0,10.1,78
8/29/2024 18:00,1758,27.4,0,10,81
8/29/2024 19:00,896,25.9,1.7,11.6,84
8/29/2024 20:00,508,23.3,5.4,4.7,95
8/29/2024 21:00,427,23.1,3.6,16,96
8/29/2024 22:00,244,22.6,2.1,14.1,95
8/29/2024 23:00,169,22.4,1.3,9.8,96
8/30/2024 0:00,155,22.1,1.3,11.8,97
8/30/2024 1:00,90,22,1.2,10.1,97
8/30/2024 2:00,69,21.8,0.4,11.7,97
8/30/2024 3:00,33,21.9,0.1,10.5,96
8/30/2024 4:00,17,22,0,8.9,97
8/30/2024 5:00,46,22,0,7.8,97
8/30/2024 6:00,127,21.8,1,7.4,98
8/30/2024 7:00,325,21.7,0.1,10.4,99
8/30/2024 8:00,641,21.7,0.2,12.1,97
8/30/2024 9:00,1002,21.5,0,11.9,92
8/30/2024 10:00,889,22.4,0,18,87
8/30/2024 11:00,719,22.7,0,15.3,85
8/30/2024 12:00,729,23,0.1,14,84
8/30/2024 13:00,737,24.2,0.1,12.2,79
8/30/2024 14:00,814,24.6,0,11.4,77
8/30/2024 15:00,1125,25.4,0.1,9.2,75
8/30/2024 16:00,1494,25.3,0,8.4,76
8/30/2024 17:00,1582,25.6,0.1,8.5,76
8/30/2024 18:00,1681,25.6,0,9.4,75
8/30/2024 19:00,1593,24.9,0,7.6,78
8/30/2024 20:00,1183,23.2,0,5.5,86
8/30/2024 21:00,866,22.9,0,7.3,80
8/30/2024 22:00,779,22.7,0,7.9,82
8/30/2024 23:00,706,22.7,0,6.2,82
8/31/2024 0:00,630,22.5,0,7.6,83
8/31/2024 1:00,432,21.9,0,6.6,87
8/31/2024 2:00,296,21.6,0,6.2,88
8/31/2024 3:00,179,21.7,0,4.9,88
8/31/2024 4:00,95,21.1,0,3.9,92
8/31/2024 5:00,54,21.5,0,2.9,90
8/31/2024 6:00,78,21.4,0,3.9,91
8/31/2024 7:00,191,21.1,0,3.2,93
8/31/2024 8:00,365,22,0,3.3,90
8/31/2024 9:00,584,22.6,0,8,86
8/31/2024 10:00,951,23.6,0,8.2,81
8/31/2024 11:00,1258,24.2,0,10.1,78
8/31/2024 12:00,1366,25.3,0.1,7.3,74
8/31/2024 13:00,1569,26.2,0,10.1,71
8/31/2024 14:00,1580,27.4,0,9,67
8/31/2024 15:00,1625,28.1,0,9.4,64
8/31/2024 16:00,1737,28.1,0,10.8,65
8/31/2024 17:00,1666,28.4,0,12,64
8/31/2024 18:00,1550,28.3,0,9,64
8/31/2024 19:00,1455,27.1,0,4.5,77
8/31/2024 20:00,1094,25.5,0,8.8,79
8/31/2024 21:00,818,22.6,0.9,7.2,96
8/31/2024 22:00,676,22.3,0.2,8.4,95
8/31/2024 23:00,598,22,0.3,7.6,96
9/1/2024 0:00,588,21.4,0,3.6,97
9/1/2024 1:00,478,21.1,0,3.9,98
9/1/2024 2:00,304,21.2,0,4.1,98
9/1/2024 3:00,212,20.8,0,4.7,98
9/1/2024 4:00,107,20.5,0,5.7,99
9/1/2024 5:00,63,20.6,0,5.2,99
9/1/2024 6:00,60,20.7,0,4.3,100
9/1/2024 7:00,143,21.1,0,6.5,99
9/1/2024 8:00,292,22.1,0,6.9,96
9/1/2024 9:00,541,23.1,1,10.1,93
9/1/2024 10:00,883,23.2,0.3,10.4,90
9/1/2024 11:00,1105,24.3,1.4,8,88
9/1/2024 12:00,1211,25.6,0.1,8.9,84
9/1/2024 13:00,1438,26.8,0.1,9.2,78
9/1/2024 14:00,1547,28.4,0.1,8.9,71
9/1/2024 15:00,1536,29.1,0,8.9,65
9/1/2024 16:00,1598,29.4,0,9.2,63
9/1/2024 17:00,1560,28.3,0.4,11.2,66
9/1/2024 18:00,1636,27.5,0,9.8,71
9/1/2024 19:00,1543,25,0.1,7.4,82
9/1/2024 20:00,1309,23.9,0.1,6,87
9/1/2024 21:00,1028,24.1,0,8.7,89
9/1/2024 22:00,907,23.3,0,8,93
9/1/2024 23:00,731,22.6,0,6.8,95
9/2/2024 0:00,565,22.2,0,7.3,95
9/2/2024 1:00,347,21.6,0,7.2,95
9/2/2024 2:00,181,21.3,0,7.5,94
9/2/2024 3:00,88,21.1,0,12.5,93
9/2/2024 4:00,68,21.3,0,15.6,85
9/2/2024 5:00,60,20.8,0,15.5,76
9/2/2024 6:00,68,20.3,0,14.8,75
9/2/2024 7:00,169,19.9,0,14,76
9/2/2024 8:00,270,20.4,0,12.6,75
9/2/2024 9:00,507,21.4,0,15.5,66
9/2/2024 10:00,832,22.3,0,14.4,61
9/2/2024 11:00,1276,23.8,0,13.4,57
9/2/2024 12:00,1499,24.6,0,13.3,55
9/2/2024 13:00,1571,25.1,0,12.7,50
9/2/2024 14:00,1711,25.6,0,13.4,45
9/2/2024 15:00,1734,25.7,0,14.4,42
9/2/2024 16:00,1802,25.7,0,15.3,37
9/2/2024 17:00,1752,25.2,0,16.4,38
9/2/2024 18:00,1690,24.2,0,13.6,42
9/2/2024 19:00,1585,22.4,0,10.7,50
9/2/2024 20:00,1316,20.6,0,10.5,54
9/2/2024 21:00,924,19.8,0,12.4,49
9/2/2024 22:00,681,19.2,0,13,48
9/2/2024 23:00,424,18.3,0,10.4,50
9/3/2024 0:00,249,17.5,0,10.8,53
9/3/2024 1:00,122,17.1,0,11.7,55
9/3/2024 2:00,52,16.8,0,14.8,58
9/3/2024 3:00,20,16.3,0,14,62
9/3/2024 4:00,18,15.6,0,13.7,61
9/3/2024 5:00,42,15.1,0,14.7,59
9/3/2024 6:00,167,14.4,0,13.2,58
9/3/2024 7:00,469,13.8,0,11.3,61
9/3/2024 8:00,1135,14.9,0,10.5,64
9/3/2024 9:00,1826,16.6,0,12.7,59
9/3/2024 10:00,1025,18.3,0,13.8,53
9/3/2024 11:00,708,19.8,0,13.8,46
9/3/2024 12:00,739,21,0,13.3,40
9/3/2024 13:00,941,21.9,0,12.5,37
9/3/2024 14:00,947,22.7,0,12,35
9/3/2024 15:00,971,23.1,0,11,35
9/3/2024 16:00,1379,23.2,0,9.2,36
9/3/2024 17:00,1783,23,0,8.2,38
9/3/2024 18:00,2641,22.2,0,7.2,41
9/3/2024 19:00,2309,19.9,0,5.4,57
9/3/2024 20:00,1766,17.4,0,8.7,60
9/3/2024 21:00,1095,16.3,0,7.6,64
9/3/2024 22:00,724,15.6,0,6.9,65
9/3/2024 23:00,448,15.2,0,5.9,66
9/4/2024 0:00,273,14.4,0,6.5,71
9/4/2024 1:00,92,13.6,0,7.3,75
9/4/2024 2:00,58,13.1,0,6.8,78
9/4/2024 3:00,39,14.7,0,5.1,71
9/4/2024 4:00,30,13.6,0,3.6,80
9/4/2024 5:00,39,13,0,5.1,86
9/4/2024 6:00,160,13.2,0,4.7,87
9/4/2024 7:00,465,13.4,0,6.2,87
9/4/2024 8:00,1231,15.6,0,7.9,81
9/4/2024 9:00,2156,17.3,0,5.8,77
9/4/2024 10:00,1115,19.5,0,7.6,68
9/4/2024 11:00,796,21.1,0,9.4,51
9/4/2024 12:00,811,22.3,0,10.2,47
9/4/2024 13:00,960,23.2,0,10,44
9/4/2024 14:00,936,23.8,0,10.1,41
9/4/2024 15:00,1089,24,0,10.7,41
9/4/2024 16:00,1406,24,0,11.2,43
9/4/2024 17:00,1822,23.5,0,11.2,46
9/4/2024 18:00,2698,22.8,0,8.3,51
9/4/2024 19:00,2401,21,0,5.4,63
9/4/2024 20:00,1780,19,0,6.8,66
9/4/2024 21:00,1284,18.5,0,7.3,68
9/4/2024 22:00,843,18,0,7.8,67
9/4/2024 23:00,625,16.4,0,6.5,77
9/5/2024 0:00,340,15.5,0,7.2,85
9/5/2024 1:00,169,14.8,0,8.5,90
9/5/2024 2:00,73,15.2,0,6.1,87
9/5/2024 3:00,27,14.5,0,4.5,91
9/5/2024 4:00,28,14.5,0,6.8,92
9/5/2024 5:00,31,14.4,0,6.6,93
9/5/2024 6:00,157,14.3,0,7.2,93
9/5/2024 7:00,484,14.4,0,8.9,95
9/5/2024 8:00,1205,16.1,0,10.7,91
9/5/2024 9:00,2034,18,0,8.4,83
9/5/2024 10:00,1170,20.1,0,9.6,72
9/5/2024 11:00,833,21.4,0,9.2,63
9/5/2024 12:00,900,22.6,0,7.6,59
9/5/2024 13:00,995,23.6,0,7.8,57
9/5/2024 14:00,973,24.4,0,8,55
9/5/2024 15:00,942,25,0,9.1,53
9/5/2024 16:00,1270,25.1,0,10.1,50
9/5/2024 17:00,1479,25,0,8.6,50
9/5/2024 18:00,2553,24.6,0,5.4,52
9/5/2024 19:00,2115,22.7,0,5.1,63
9/5/2024 20:00,1711,20.6,0,7.5,68
9/5/2024 21:00,1158,18.3,0,9.7,77
9/5/2024 22:00,774,17.5,0,9.1,79
9/5/2024 23:00,664,16.8,0,9,82
9/6/2024 0:00,394,16.3,0,8.1,85
9/6/2024 1:00,244,15.6,0,9.3,90
9/6/2024 2:00,84,15.4,0,9,92
9/6/2024 3:00,48,15.7,0,6.6,93
9/6/2024 4:00,30,14.8,0,6.1,97
9/6/2024 5:00,40,14.8,0,6.4,98
9/6/2024 6:00,142,14.8,0,5.6,98
9/6/2024 7:00,389,15,0,5.4,99
9/6/2024 8:00,850,17.5,0,5.1,95
9/6/2024 9:00,1347,19.9,0,3.1,85
9/6/2024 10:00,962,21.3,0.1,1.6,76
9/6/2024 11:00,775,22.5,0.1,3.8,69
9/6/2024 12:00,957,23.6,0,5.4,64
9/6/2024 13:00,1056,24.3,0,6.3,60
9/6/2024 14:00,1176,25.2,0,6.8,57
9/6/2024 15:00,1324,25.7,0,6.5,56
9/6/2024 16:00,1712,26.2,0,7.1,53
9/6/2024 17:00,1914,26.1,0,8.1,52
9/6/2024 18:00,2398,25.5,0,8.3,54
9/6/2024 19:00,2243,23.7,0,7.7,65
9/6/2024 20:00,1786,20.7,0,7.5,79
9/6/2024 21:00,1265,20.4,0,7.1,81
9/6/2024 22:00,994,19.8,0,6.4,81
9/6/2024 23:00,908,19.3,0,6.2,82
9/7/2024 0:00,734,18.6,0,6.1,86
9/7/2024 1:00,551,18.1,0,6.3,90
9/7/2024 2:00,390,17.9,0,7.1,92
9/7/2024 3:00,241,17.7,0,7.6,94
9/7/2024 4:00,125,17.5,0,8.3,94
9/7/2024 5:00,57,17.3,0,8.6,95
9/7/2024 6:00,93,17.2,0,9.7,93
9/7/2024 7:00,238,17.1,0,10.8,91
9/7/2024 8:00,426,18.3,0,8.9,86
9/7/2024 9:00,693,20.2,0,7.2,84
9/7/2024 10:00,1118,22.3,0,9.3,75
9/7/2024 11:00,1518,23.8,0,11.4,67
9/7/2024 12:00,1749,22.2,0.1,21.7,71
9/7/2024 13:00,1653,21.3,0,23.3,63
9/7/2024 14:00,1633,20.4,0,19.8,57
9/7/2024 15:00,1645,18.9,0.2,14.4,66
9/7/2024 16:00,1613,19.1,0,5.1,68
9/7/2024 17:00,1696,19.6,0,1.8,67
9/7/2024 18:00,1621,20.7,0,1.5,66
9/7/2024 19:00,1642,19.1,0,4.1,84
9/7/2024 20:00,1526,17.9,0,8,80
9/7/2024 21:00,1058,16.6,0,8.8,73
9/7/2024 22:00,806,17.7,0,16.6,48
9/7/2024 23:00,808,17,0,15.7,51
9/8/2024 0:00,842,16.2,0,13.6,56
9/8/2024 1:00,484,14.8,0,10.1,63
9/8/2024 2:00,366,13.8,0,9,69
9/8/2024 3:00,248,12.7,0,7.1,76
9/8/2024 4:00,129,12.2,0,8.9,79
9/8/2024 5:00,61,11.8,0,10.2,80
9/8/2024 6:00,81,11.5,0,10.2,80
9/8/2024 7:00,179,11.1,0,8.9,82
9/8/2024 8:00,293,12.7,0,8.8,78
9/8/2024 9:00,564,15.1,0,10,67
9/8/2024 10:00,1028,16.6,0,11.7,57
9/8/2024 11:00,1437,17.8,0,11.6,53
9/8/2024 12:00,1642,19.1,0,11.6,47
9/8/2024 13:00,1969,20.3,0,10.5,42
9/8/2024 14:00,1923,21.3,0,11,39
9/8/2024 15:00,1903,22,0,12.2,36
9/8/2024 16:00,1869,22.3,0,12.7,35
9/8/2024 17:00,1910,22.4,0,12.4,34
9/8/2024 18:00,1730,21.8,0,9,35
9/8/2024 19:00,1578,18.8,0,6.7,54
9/8/2024 20:00,1310,16.6,0,6.6,53
9/8/2024 21:00,863,15.2,0,5.9,64
9/8/2024 22:00,622,14,0,6.2,67
9/8/2024 23:00,444,13.2,0,6.5,69
9/9/2024 0:00,224,12.9,0,8.1,68
9/9/2024 1:00,119,12.6,0,8,68
9/9/2024 2:00,63,12.2,0,7.7,69
9/9/2024 3:00,36,11.9,0,6.8,70
9/9/2024 4:00,20,11.5,0,6.3,72
9/9/2024 5:00,44,11.2,0,7.9,72
9/9/2024 6:00,158,11,0,8.4,72
9/9/2024 7:00,454,10.8,0,8.1,73
9/9/2024 8:00,1037,13,0,8.9,68
9/9/2024 9:00,1638,15.8,0,5.6,66
9/9/2024 10:00,995,19,0,5.7,52
9/9/2024 11:00,721,21.2,0,6.6,41
9/9/2024 12:00,847,22.5,0,6.8,36
9/9/2024 13:00,977,23.4,0,7.5,34
9/9/2024 14:00,960,24.1,0,8.5,33
9/9/2024 15:00,1077,24.5,0,9.7,33
9/9/2024 16:00,1368,24.6,0,10.5,33
9/9/2024 17:00,1726,24.4,0,10.6,33
9/9/2024 18:00,2410,23.4,0,7,40
9/9/2024 19:00,2360,20.5,0,6.6,55
9/9/2024 20:00,1722,17.8,0,8.8,62
9/9/2024 21:00,1195,16.4,0,8.5,68
9/9/2024 22:00,804,16.5,0,7.4,66
9/9/2024 23:00,499,15.5,0,7.1,70
9/10/2024 0:00,303,15.4,0,8,70
9/10/2024 1:00,129,14.7,0,7.6,72
9/10/2024 2:00,106,14,0,6.6,76
9/10/2024 3:00,32,13.5,0,6.2,79
9/10/2024 4:00,20,13.2,0,6.8,80
9/10/2024 5:00,33,13.1,0,8.1,79
9/10/2024 6:00,171,13.6,0,9.5,72
9/10/2024 7:00,512,14.4,0,11.5,64
9/10/2024 8:00,1287,16.1,0,12,62
9/10/2024 9:00,2211,18.6,0,7.8,60
9/10/2024 10:00,1238,21.5,0,7.7,53
9/10/2024 11:00,761,23.9,0,10.2,47
9/10/2024 12:00,818,25.6,0,10.5,45
9/10/2024 13:00,936,26.7,0,9,44
9/10/2024 14:00,1004,27.4,0,9.2,42
9/10/2024 15:00,1012,27.7,0,8.7,40
9/10/2024 16:00,1363,27.7,0,7.1,40
9/10/2024 17:00,1775,27.4,0,6,41
9/10/2024 18:00,2878,26.4,0,3.4,51
9/10/2024 19:00,2664,24.2,0,5.4,60
9/10/2024 20:00,1938,23.1,0,4.4,54
9/10/2024 21:00,1560,20.5,0,8.1,68
9/10/2024 22:00,836,18.5,0,8.7,76
9/10/2024 23:00,796,18.3,0,7.1,78
9/11/2024 0:00,697,17.7,0,3.8,80
9/11/2024 1:00,182,16.6,0,6.5,86
9/11/2024 2:00,95,16.7,0,5.5,86
9/11/2024 3:00,33,17.2,0,3.9,85
9/11/2024 4:00,31,16.6,0,1.9,88
9/11/2024 5:00,46,16.5,0,1.6,88
9/11/2024 6:00,138,14.3,0,5,94
9/11/2024 7:00,436,14.6,0,6.4,93
9/11/2024 8:00,1323,17,0,4.9,86
9/11/2024 9:00,2193,19.5,0,4.6,81
9/11/2024 10:00,1201,22.1,0,5,72
9/11/2024 11:00,773,24.4,0,5.2,61
9/11/2024 12:00,824,26.1,0,5.5,53
9/11/2024 13:00,1049,27.2,0,4.8,46
9/11/2024 14:00,979,27.7,0,3.1,43
9/11/2024 15:00,1026,28.3,0,1.8,41
9/11/2024 16:00,1430,28.5,0,3.2,38
9/11/2024 17:00,1838,27.9,0,7.1,41
9/11/2024 18:00,2820,26.4,0,8.1,47
9/11/2024 19:00,2543,23.8,0,7.3,55
9/11/2024 20:00,1977,21.5,0,6.6,62
9/11/2024 21:00,1368,20.7,0,6.8,71
9/11/2024 22:00,989,19.2,0,7.6,77
9/11/2024 23:00,672,19,0,7.4,78
9/12/2024 0:00,382,18.1,0,6.3,82
9/12/2024 1:00,166,17.3,0,6.2,87
9/12/2024 2:00,77,16.4,0,8.4,91
9/12/2024 3:00,26,16,0,8.2,93
9/12/2024 4:00,22,15.8,0,7.1,94
9/12/2024 5:00,38,15.3,0,7,97
9/12/2024 6:00,165,14.9,0,6.6,99
9/12/2024 7:00,470,14.6,0,4.4,100
9/12/2024 8:00,1167,16.7,0,4.6,99
9/12/2024 9:00,2111,18.9,0,5.4,95
9/12/2024 10:00,1230,21,0,5.8,85
9/12/2024 11:00,801,22.8,0,4.2,73
9/12/2024 12:00,856,24.6,0,7.6,61
9/12/2024 13:00,961,25.6,0,8.5,54
9/12/2024 14:00,991,26.4,0,10.3,45
9/12/2024 15:00,1149,26.6,0,11.6,40
9/12/2024 16:00,1555,26.4,0,10.8,41
9/12/2024 17:00,1845,25.9,0,9.9,44
9/12/2024 18:00,2884,25.1,0,7.8,49
9/12/2024 19:00,2684,22.3,0,6.5,64
9/12/2024 20:00,1918,20.6,0,6.5,68
9/12/2024 21:00,1287,19.5,0,6.9,70
9/12/2024 22:00,1107,19,0,8.8,73
9/12/2024 23:00,804,18.8,0,9.1,80
9/13/2024 0:00,519,17.7,0,6,89
9/13/2024 1:00,246,16.8,0,6.8,93
9/13/2024 2:00,132,17.2,0,5.6,94
9/13/2024 3:00,77,17,0,6.1,96
9/13/2024 4:00,46,16.7,0,5.9,97
9/13/2024 5:00,57,16.5,0,6,98
9/13/2024 6:00,138,16.6,0,7.2,98
9/13/2024 7:00,416,16.8,0,9,98
9/13/2024 8:00,976,18.4,0,11.2,94
9/13/2024 9:00,1627,19.6,0,13.3,88
9/13/2024 10:00,1157,20.8,0,13,84
9/13/2024 11:00,915,22.5,0,12.4,76
9/13/2024 12:00,950,24,0.1,10.1,70
9/13/2024 13:00,1164,25.2,0.1,10.1,65
9/13/2024 14:00,1247,26.4,0,9,59
9/13/2024 15:00,1359,27,0,8,55
9/13/2024 16:00,1725,27.2,0,7.7,51
9/13/2024 17:00,1930,26.8,0,8.9,51
9/13/2024 18:00,2509,26,0,6.8,53
9/13/2024 19:00,2338,23.2,0,6.6,67
9/13/2024 20:00,1898,21.4,0,6.4,70
9/13/2024 21:00,1311,21.2,0,6.1,79
9/13/2024 22:00,1185,20.9,0,6,80
9/13/2024 23:00,851,20.1,0,5.9,83
9/14/2024 0:00,800,19.1,0,5.1,87
9/14/2024 1:00,600,18.4,0,5.4,91
9/14/2024 2:00,424,17.6,0,5.6,93
9/14/2024 3:00,251,17.4,0,6.6,93
9/14/2024 4:00,131,17.2,0,6.6,93
9/14/2024 5:00,46,16.9,0,6.2,95
9/14/2024 6:00,86,16.7,0,6.5,96
9/14/2024 7:00,177,16.5,0,6.8,95
9/14/2024 8:00,394,18.1,0,9.4,88
9/14/2024 9:00,778,20.6,0,7.7,75
9/14/2024 10:00,1152,23,0,9,69
9/14/2024 11:00,1570,24.8,0,11.9,61
9/14/2024 12:00,1741,26.1,0,13.3,54
9/14/2024 13:00,1880,26.9,0,13.3,50
9/14/2024 14:00,1850,27.6,0,14.2,46
9/14/2024 15:00,2000,27.8,0,13.9,45
9/14/2024 16:00,2173,27.7,0,13.9,45
9/14/2024 17:00,2034,27.4,0,14.3,44
9/14/2024 18:00,2043,26.5,0,11.3,45
9/14/2024 19:00,1952,23.5,0,6.8,55
9/14/2024 20:00,1716,21.8,0,8.7,59
9/14/2024 21:00,1211,20.3,0,7.6,57
9/14/2024 22:00,1077,19.1,0,6.8,63
9/14/2024 23:00,989,18.4,0,7.4,68
9/15/2024 0:00,863,17.7,0,7.3,75
9/15/2024 1:00,661,17.2,0,7.2,83
9/15/2024 2:00,436,16.9,0,7.9,88
9/15/2024 3:00,317,16.6,0,7.8,91
9/15/2024 4:00,149,16.4,0,7.1,92
9/15/2024 5:00,78,16.2,0,7.1,92
9/15/2024 6:00,174,15.9,0,7.4,91
9/15/2024 7:00,551,15.6,0,8.6,90
9/15/2024 8:00,424,17.3,0,10.5,80
9/15/2024 9:00,813,19.4,0,9.2,77
9/15/2024 10:00,1254,21.5,0,10.9,74
9/15/2024 11:00,1670,23.3,0,11.4,67
9/15/2024 12:00,1743,24.7,0,12.1,58
9/15/2024 13:00,1839,25.6,0,11.9,53
9/15/2024 14:00,1750,26.4,0,13.4,52
9/15/2024 15:00,1699,27.1,0,14.2,49
9/15/2024 16:00,1879,27.4,0,14.8,45
9/15/2024 17:00,1862,26.8,0,15.5,40
9/15/2024 18:00,1700,25.7,0,13.1,45
9/15/2024 19:00,1589,23.8,0,11,52
9/15/2024 20:00,1277,21.8,0,9,60
9/15/2024 21:00,826,21.2,0,10,68
9/15/2024 22:00,653,20.3,0,10.5,67
9/15/2024 23:00,526,19,0,9.4,66
9/16/2024 0:00,336,17.6,0,7.6,71
9/16/2024 1:00,221,16.4,0,7.2,80
9/16/2024 2:00,73,15.6,0,8,86
9/16/2024 3:00,27,15.3,0,10.2,92
9/16/2024 4:00,18,15.4,0,10.5,95
9/16/2024 5:00,48,15.4,0,11.4,95
9/16/2024 6:00,148,15.1,0,11.1,95
9/16/2024 7:00,446,14.8,0,11,95
9/16/2024 8:00,1060,16.2,0,13.9,89
9/16/2024 9:00,1747,17.8,0,12.4,81
9/16/2024 10:00,1029,19.3,0,13.5,74
9/16/2024 11:00,754,21.2,0,15.9,66
9/16/2024 12:00,811,23,0,13.8,56
9/16/2024 13:00,986,23.5,0,12.3,56
9/16/2024 14:00,966,23.4,0.1,14.1,60
9/16/2024 15:00,1017,24.3,0,14.7,57
9/16/2024 16:00,1368,24.8,0,14.1,54
9/16/2024 17:00,1673,24.7,0,14.9,53
9/16/2024 18:00,2583,23.7,0,11.5,63
9/16/2024 19:00,2179,22.5,0,9.5,69
9/16/2024 20:00,1576,21.6,0,9.8,73
9/16/2024 21:00,1059,21,0,10.9,76
9/16/2024 22:00,808,20.7,0,11.2,77
9/16/2024 23:00,585,20.4,0,11.8,78
9/17/2024 0:00,345,20.3,0,13,78
9/17/2024 1:00,135,20.1,0,14.3,79
9/17/2024 2:00,53,19.4,0,14.1,84
9/17/2024 3:00,31,18.9,0,14.6,87
9/17/2024 4:00,24,18.7,0,14.3,89
9/17/2024 5:00,46,18.7,0,15.5,89
9/17/2024 6:00,178,18.9,0,15.8,89
9/17/2024 7:00,533,19.3,0,15.7,90
9/17/2024 8:00,1250,20.3,0,19.2,88
9/17/2024 9:00,2128,21.3,0,19.2,87
9/17/2024 10:00,1105,22.3,0,21.9,82
9/17/2024 11:00,666,24,0.1,19.9,74
9/17/2024 12:00,767,25.3,0.2,19.6,67
9/17/2024 13:00,906,25.8,0,19.4,64
9/17/2024 14:00,867,25,0.1,19,65
9/17/2024 15:00,822,23.9,0.9,14,74
9/17/2024 16:00,1078,23.1,0.8,13.5,82
9/17/2024 17:00,1044,22.6,0.2,13.1,85
9/17/2024 18:00,1493,21.9,0.4,12.4,90
9/17/2024 19:00,1429,21.4,0.4,13,92
9/17/2024 20:00,1295,21.3,0.1,14,91
9/17/2024 21:00,1007,20.4,1.2,11.5,92
9/17/2024 22:00,839,20.4,0.1,11.8,91
9/17/2024 23:00,598,20.4,0,12,91
9/18/2024 0:00,326,20,0,12.1,91
9/18/2024 1:00,118,19.7,0,13,92
9/18/2024 2:00,50,19.7,0,14,92
9/18/2024 3:00,32,19.6,0,14,93
9/18/2024 4:00,8,19.6,2.9,14.9,94
9/18/2024 5:00,22,19.6,7,19.4,95
9/18/2024 6:00,136,19.7,5.1,17.3,96
9/18/2024 7:00,238,19.9,2.2,15.3,96
9/18/2024 8:00,591,19.9,0.8,15.5,97
9/18/2024 9:00,1414,20.5,4.4,12.6,98
9/18/2024 10:00,985,21,1.7,17.1,95
9/18/2024 11:00,646,22.3,3.4,15.8,91
9/18/2024 12:00,706,22.8,0.3,15.6,87
9/18/2024 13:00,783,24.3,0.4,17.1,79
9/18/2024 14:00,678,24.7,0.3,17.9,75
9/18/2024 15:00,943,25.2,0.1,15.9,72
9/18/2024 16:00,1368,25.5,0,13.6,68
9/18/2024 17:00,1704,25.3,0,14.2,67
9/18/2024 18:00,2609,24.4,0,9.7,69
9/18/2024 19:00,2102,22.8,0,6.3,74
9/18/2024 20:00,1597,22.5,0,8.9,74
9/18/2024 21:00,1136,21.2,0.1,7.2,91
9/18/2024 22:00,921,20.6,0,7.2,94
9/18/2024 23:00,778,20.3,0,9,93
9/19/2024 0:00,412,19.7,0,7.6,92
9/19/2024 1:00,196,19,0,5.6,93
9/19/2024 2:00,65,18.8,0,6,92
9/19/2024 3:00,27,18.6,0,6.3,91
9/19/2024 4:00,23,18.4,0,7.6,91
9/19/2024 5:00,45,18,0,8.1,92
9/19/2024 6:00,164,17.5,0,6.1,93
9/19/2024 7:00,430,17.5,0,7.6,92
9/19/2024 8:00,1240,18.2,0,8.6,92
9/19/2024 9:00,2165,20.5,0.9,5.1,93
9/19/2024 10:00,1221,21.6,0.2,5.8,87
9/19/2024 11:00,773,22.8,0,6.2,81
9/19/2024 12:00,886,24.6,0,7.4,72
9/19/2024 13:00,1021,25.4,0,6.1,67
9/19/2024 14:00,1017,26.3,0.1,6.2,63
9/19/2024 15:00,1149,26.9,0.1,6.9,61
9/19/2024 16:00,1527,27,0,6.1,60
9/19/2024 17:00,1873,26.7,0,5.6,60
9/19/2024 18:00,2910,26,0,4.8,68
9/19/2024 19:00,2584,24.1,0,7.2,73
9/19/2024 20:00,1952,22.7,0,5.9,76
9/19/2024 21:00,1314,21.5,0,7.2,79
9/19/2024 22:00,1196,20.9,0,8.7,81
9/19/2024 23:00,833,20,0,8.4,84
9/20/2024 0:00,549,19.1,0,7.4,87
9/20/2024 1:00,306,18.4,0,7.3,89
9/20/2024 2:00,141,17.5,0,5.8,92
9/20/2024 3:00,67,16.9,0,5.3,92
9/20/2024 4:00,43,16.6,0,6,91
9/20/2024 5:00,60,16.2,0,5.8,88
9/20/2024 6:00,168,16,0,6.2,85
9/20/2024 7:00,458,15.7,0,5.8,84
9/20/2024 8:00,962,17.7,0,7.6,79
9/20/2024 9:00,1581,20.4,0,6.4,79
9/20/2024 10:00,1187,22.8,0,6.8,77
9/20/2024 11:00,898,24.6,0,8.7,71
9/20/2024 12:00,1052,25.6,0,8.3,64
9/20/2024 13:00,1294,26.2,0,6.1,60
9/20/2024 14:00,1334,26.7,0,4,57
9/20/2024 15:00,1419,27,0,2,55
9/20/2024 16:00,1822,27,0,2.3,53
9/20/2024 17:00,1941,26.9,0,2.5,53
9/20/2024 18:00,2536,26,0,3.2,63
9/20/2024 19:00,2340,23.2,0,7.3,76
9/20/2024 20:00,1821,22.4,0,8.5,73
9/20/2024 21:00,1325,21.6,0,5.9,77
9/20/2024 22:00,1075,20.6,0,6.9,80
9/20/2024 23:00,971,20,0,8,80
9/21/2024 0:00,852,19.5,0,9.2,84
9/21/2024 1:00,574,18.9,0,8.7,91
9/21/2024 2:00,472,18.6,0,8.3,96
9/21/2024 3:00,222,18.4,0,7.9,98
9/21/2024 4:00,112,18.1,0,7.2,98
9/21/2024 5:00,72,17.8,0,6.5,98
9/21/2024 6:00,102,17.5,0,6.1,98
9/21/2024 7:00,209,17.2,0,5.8,98
9/21/2024 8:00,454,18.3,0,7.2,96
9/21/2024 9:00,725,20.6,0,10.5,87
9/21/2024 10:00,1281,22.5,0,10.1,79
9/21/2024 11:00,1567,24,0,10.7,73
9/21/2024 12:00,1767,25.3,0,9.3,69
9/21/2024 13:00,1987,26.2,0,8.6,67
9/21/2024 14:00,2024,27,0,8.4,65
9/21/2024 15:00,2074,27.5,0,8.4,63
9/21/2024 16:00,2149,27.5,0,8.4,63
9/21/2024 17:00,1952,26.3,0,4.8,67
9/21/2024 18:00,1966,23,1.4,9.8,84
9/21/2024 19:00,1949,22.2,0,3.9,90
9/21/2024 20:00,1354,21.3,0,7,92
9/21/2024 21:00,890,21.5,0.2,10.8,95
9/21/2024 22:00,964,19.5,1,15.8,98
9/21/2024 23:00,939,19.9,0.1,11.6,96
9/22/2024 0:00,808,19.1,7.4,15.1,98
9/22/2024 1:00,603,19.3,12.7,9.3,97
9/22/2024 2:00,450,19.1,0.1,6.1,98
9/22/2024 3:00,263,19.1,0,5.2,98
9/22/2024 4:00,67,19.6,0,6.9,98
9/22/2024 5:00,44,19.5,0,5.9,98
9/22/2024 6:00,63,19.4,0,6.3,98
9/22/2024 7:00,138,19.5,0.1,9.6,96
9/22/2024 8:00,274,19.5,0,10.5,93
9/22/2024 9:00,495,19.7,0,11.9,89
9/22/2024 10:00,873,20.6,0,11.4,82
9/22/2024 11:00,1316,21.6,0.1,9.9,78
9/22/2024 12:00,1513,21.8,0.2,10.9,79
9/22/2024 13:00,1727,22.1,0.1,10.9,79
9/22/2024 14:00,1691,22.6,0.1,9,75
9/22/2024 15:00,1728,23,0,8.7,72
9/22/2024 16:00,1778,23.2,0,7.3,71
9/22/2024 17:00,1927,23.2,0,5.8,69
9/22/2024 18:00,1689,22.9,0,5.9,70
9/22/2024 19:00,1597,20.6,0,7.3,82
9/22/2024 20:00,1248,19.5,0,7.3,85
9/22/2024 21:00,833,20.1,0,6.2,84
9/22/2024 22:00,792,19.7,0,5.7,86
9/22/2024 23:00,551,19.5,0,5.6,86
9/23/2024 0:00,329,19.1,0,6.3,88
9/23/2024 1:00,119,18.4,0,7.2,92
9/23/2024 2:00,52,17.6,0,8.2,95
9/23/2024 3:00,39,17.4,0,7.4,95
9/23/2024 4:00,28,17.9,0,8.7,91
9/23/2024 5:00,32,18.1,0,7.9,88
9/23/2024 6:00,171,18,0,8.7,87
9/23/2024 7:00,431,17.8,0,8.7,88
9/23/2024 8:00,1016,18.2,0,10.5,85
9/23/2024 9:00,1828,18.9,0,11.6,82
9/23/2024 10:00,1092,19.2,0.1,13,80
9/23/2024 11:00,666,19,0.3,12.7,80
9/23/2024 12:00,698,19.4,0.1,13.2,80
9/23/2024 13:00,833,20.8,0.1,14.2,76
9/23/2024 14:00,861,21.5,0,11.2,73
9/23/2024 15:00,917,21.9,0,11.5,72
9/23/2024 16:00,1108,22.2,0,12.2,72
9/23/2024 17:00,1422,22.2,0,13.1,71
9/23/2024 18:00,2139,21.4,0,12.9,74
9/23/2024 19:00,1819,20.4,0.2,12.9,77
9/23/2024 20:00,1141,20,0.6,12.1,81
9/23/2024 21:00,742,18,3.1,9.4,96
9/23/2024 22:00,420,18,0.9,11.2,96
9/23/2024 23:00,243,17.6,0.4,12.7,94
9/24/2024 0:00,246,17.4,0.1,11.9,91
9/24/2024 1:00,91,17.3,0.1,11,92
9/24/2024 2:00,36,17.2,0,10.1,92
9/24/2024 3:00,31,17.2,0.1,9.9,93
9/24/2024 4:00,26,17.2,0.1,10.1,93
9/24/2024 5:00,44,17.2,0,9.8,93
9/24/2024 6:00,146,17.2,0,9.5,93
9/24/2024 7:00,342,17.2,0.4,11.4,94
9/24/2024 8:00,926,17.3,0.6,8,94
9/24/2024 9:00,1871,17.2,0.7,10.5,92
9/24/2024 10:00,1044,18.4,0,14.3,85
9/24/2024 11:00,618,19.2,0.1,13.8,81
9/24/2024 12:00,545,19.1,0.4,14.3,82
9/24/2024 13:00,762,20.9,0.1,13.7,76
9/24/2024 14:00,879,20.8,0,14.5,75
9/24/2024 15:00,870,21.9,0,16.1,71
9/24/2024 16:00,1098,21.3,0,12.3,74
9/24/2024 17:00,987,20.9,0,10,77
9/24/2024 18:00,650,20.7,0,10.3,78
9/24/2024 19:00,1290,20.4,0,9.6,80
9/24/2024 20:00,1100,20,0.1,10.4,82
9/24/2024 21:00,928,18.6,0.1,10.2,95
9/24/2024 22:00,755,18.2,0,9.8,94
9/24/2024 23:00,603,18.1,0,11.8,92
9/25/2024 0:00,378,17.9,0.5,11.2,93
9/25/2024 1:00,127,17.9,0.5,11.1,93
9/25/2024 2:00,42,17.9,0.5,10.1,92
9/25/2024 3:00,21,17.9,0,11.3,93
9/25/2024 4:00,18,18,0,10.6,94
9/25/2024 5:00,35,18,0,10.7,95
9/25/2024 6:00,113,18.2,0.1,9.6,94
9/25/2024 7:00,332,18.4,0,10.2,94
9/25/2024 8:00,942,18.8,0,10.7,94
9/25/2024 9:00,1640,18.9,0.1,11.2,97
9/25/2024 10:00,646,19.5,2.2,10.1,97
9/25/2024 11:00,544,20.4,1.6,13.9,95
9/25/2024 12:00,643,21,0.2,14.1,92
9/25/2024 13:00,768,22.4,0.2,16.1,87
9/25/2024 14:00,809,23.4,0.2,15.2,82
9/25/2024 15:00,888,23.2,0.2,14.8,84
9/25/2024 16:00,1268,24.2,0.1,12,81
9/25/2024 17:00,1448,24.4,0.2,9.4,80
9/25/2024 18:00,2146,23.3,0.4,10.3,86
9/25/2024 19:00,1727,22,0,9,91
9/25/2024 20:00,1323,21.7,0,10.7,94
9/25/2024 21:00,1024,21.1,0,10.9,95
9/25/2024 22:00,879,20.7,0,9.8,96
9/25/2024 23:00,716,20.4,0,9.2,96
9/26/2024 0:00,380,20.2,0,9.6,97
9/26/2024 1:00,149,20.2,0,9,97
9/26/2024 2:00,68,20.1,0,7.9,98
9/26/2024 3:00,41,20.1,1.2,8,98
9/26/2024 4:00,23,19.9,0,7.1,98
9/26/2024 5:00,43,20.1,0,6.5,98
9/26/2024 6:00,102,20.1,0,6.5,98
9/26/2024 7:00,205,20.3,0,7.7,98
9/26/2024 8:00,578,20.7,0,7.9,98
9/26/2024 9:00,1292,21.4,2,9.5,95
9/26/2024 10:00,1037,22,3.8,12.1,90
9/26/2024 11:00,702,21.9,2.1,11.1,93
9/26/2024 12:00,861,22.7,0.1,7.6,91
9/26/2024 13:00,1048,24.7,0,7.5,84
9/26/2024 14:00,1035,25.4,0,5.7,79
9/26/2024 15:00,1126,26.5,0,5.4,73
9/26/2024 16:00,1654,26,0,5.3,75
9/26/2024 17:00,1843,25.3,0,4.2,82
9/26/2024 18:00,2653,24.8,0,3.8,85
9/26/2024 19:00,2202,23.2,0,5.6,92
9/26/2024 20:00,1512,22.9,0.2,4.5,93
9/26/2024 21:00,1172,22.8,0.9,4.8,96
9/26/2024 22:00,954,22.6,0.3,6.2,97
9/26/2024 23:00,664,22.3,0.1,4.5,97
9/27/2024 0:00,482,21.6,0.2,3.8,98
9/27/2024 1:00,253,21.5,0.4,3.7,98
9/27/2024 2:00,140,21.4,0.1,2.9,98
9/27/2024 3:00,69,21.3,0,3.4,98
9/27/2024 4:00,33,21,0,4.8,99
9/27/2024 5:00,55,21,0,6.9,99
9/27/2024 6:00,134,21.1,0,9.6,100
9/27/2024 7:00,360,21.3,0.2,9.3,100
9/27/2024 8:00,654,21.6,0.6,11.4,99
9/27/2024 9:00,900,22.3,2.5,10.3,98
9/27/2024 10:00,505,22.4,1.7,13.7,98
9/27/2024 11:00,559,22.7,0.8,17.2,98
9/27/2024 12:00,608,23.7,0.4,17,92
9/27/2024 13:00,768,23.7,0.1,17.9,92
9/27/2024 14:00,937,24.4,0,18.7,88
9/27/2024 15:00,1095,24.4,0.6,19.6,90
9/27/2024 16:00,1374,23.6,1.8,20.7,95
9/27/2024 17:00,1550,23.7,1.3,23.4,94
9/27/2024 18:00,1999,23.6,0.3,24.7,95
9/27/2024 19:00,1693,23.5,0.6,22.7,94
9/27/2024 20:00,1404,23,0.9,20.5,95
9/27/2024 21:00,781,23.3,0.2,20.1,96
9/27/2024 22:00,863,23.1,0.1,19.8,95
9/27/2024 23:00,701,22.7,0.4,17.7,94
9/28/2024 0:00,590,22.4,0.5,14.4,96
9/28/2024 1:00,431,22.2,0.2,12.6,98
9/28/2024 2:00,286,22.4,0,10,98
9/28/2024 3:00,218,22.5,0.1,8.7,99
9/28/2024 4:00,97,22.2,0.8,5.4,100
9/28/2024 5:00,44,22.1,1.5,4.4,100
9/28/2024 6:00,75,22.2,0.2,3.8,100
9/28/2024 7:00,150,22.3,0,5.5,100
9/28/2024 8:00,369,22.4,0,7.4,99
9/28/2024 9:00,619,22.6,0,4.9,97
9/28/2024 10:00,1030,22.7,0.1,3.3,98
9/28/2024 11:00,1371,24.2,0.1,5,89
9/28/2024 12:00,1757,26.2,0,6.6,70
9/28/2024 13:00,1982,27.4,0,7.9,60
9/28/2024 14:00,2078,28,0,9.5,55
9/28/2024 15:00,2068,28.2,0,9.8,53
9/28/2024 16:00,2269,28.3,0,8.8,52
9/28/2024 17:00,2050,27.6,0,6.2,55
9/28/2024 18:00,1957,26.7,0,3.1,67
9/28/2024 19:00,1959,24.4,0,6.3,69
9/28/2024 20:00,1630,24,0,5.5,73
9/28/2024 21:00,1308,22.6,0,6.1,80
9/28/2024 22:00,1135,21.8,0,12,89
9/28/2024 23:00,912,21.2,0.1,13.6,94
9/29/2024 0:00,885,20.8,0,11.9,93
9/29/2024 1:00,587,20.2,0,10.8,94
9/29/2024 2:00,260,20.2,0,11.3,94
9/29/2024 3:00,222,20.1,0,11,94
9/29/2024 4:00,81,20,0,9.8,94
9/29/2024 5:00,65,19.9,0,9.5,93
9/29/2024 6:00,61,19.7,0,9.9,94
9/29/2024 7:00,128,19.7,0,9.4,94
9/29/2024 8:00,245,20,0,10.6,92
9/29/2024 9:00,550,19.9,1.4,7.6,94
9/29/2024 10:00,754,20,1.3,7.4,95
9/29/2024 11:00,822,20.3,0.7,10.9,93
9/29/2024 12:00,1055,20.8,0.1,15.6,91
9/29/2024 13:00,1266,21.6,0,13,87
9/29/2024 14:00,1401,21.5,0,10.4,88
9/29/2024 15:00,1499,21.4,0,10.9,88
9/29/2024 16:00,1597,21.5,0,11.6,87
9/29/2024 17:00,1604,21.2,0,13.2,88
9/29/2024 18:00,1493,20.5,0,13,89
9/29/2024 19:00,1389,20.2,0,11.7,90
9/29/2024 20:00,1000,19.9,0,12.2,91
9/29/2024 21:00,741,19.4,0.3,11.9,96
9/29/2024 22:00,565,19.2,0.1,13.6,95
9/29/2024 23:00,464,19,0,14.4,95
9/30/2024 0:00,294,18.8,0,14.4,95
9/30/2024 1:00,141,18.6,0.3,14.1,97
9/30/2024 2:00,71,18.5,0.2,14.2,97
9/30/2024 3:00,39,18.4,0.1,13.9,95
9/30/2024 4:00,22,18.2,1,11.8,97
9/30/2024 5:00,43,18.1,1.1,13.1,97
9/30/2024 6:00,124,17.9,1.8,11.2,97
9/30/2024 7:00,310,17.8,0.4,10.1,97
9/30/2024 8:00,841,17.8,0,10.1,96
9/30/2024 9:00,1119,17.7,2.5,11.9,97
9/30/2024 10:00,810,17.8,1.4,11.2,96
9/30/2024 11:00,501,18.2,0.4,13.6,92
9/30/2024 12:00,587,18.7,0.1,13.4,90
9/30/2024 13:00,804,19.2,0,13,87
9/30/2024 14:00,764,19.6,0,13.6,85
9/30/2024 15:00,808,20.2,0,12.9,82
9/30/2024 16:00,1292,20.7,0,12,79
9/30/2024 17:00,1503,20.4,0,10.1,80
9/30/2024 18:00,2205,19.8,0,8,84
9/30/2024 19:00,1899,19.2,0,7.2,87
9/30/2024 20:00,1398,19.1,0.1,8.9,89
9/30/2024 21:00,996,18.4,0.1,10.4,94
9/30/2024 22:00,773,18.4,0.1,9.4,94
9/30/2024 23:00,555,18.2,0.1,8.8,95
10/1/2024 0:00,366,18.3,0.2,8.6,96
10/1/2024 1:00,136,18.4,0.1,8.9,96
10/1/2024 2:00,48,18.4,0,10.3,94
10/1/2024 3:00,31,18.1,0,11.7,93
10/1/2024 4:00,15,17.8,0.1,12.4,93
10/1/2024 5:00,27,17.6,0.1,12.6,93
10/1/2024 6:00,140,17.3,0.2,13.1,93
10/1/2024 7:00,306,17.1,0.3,12.8,95
10/1/2024 8:00,692,17,0.2,13.1,95
10/1/2024 9:00,1084,17.6,0.3,12.6,96
10/1/2024 10:00,549,17.9,0.9,9.9,96
10/1/2024 11:00,206,18.4,1.7,13.1,92
10/1/2024 12:00,249,19.5,0.4,14.4,88
10/1/2024 13:00,249,19,0.2,13,90
10/1/2024 14:00,277,19.3,0,14.2,88
10/1/2024 15:00,478,19.6,0.2,13.5,86
10/1/2024 16:00,1173,19.6,0.1,12.7,87
10/1/2024 17:00,1521,19.8,0,12.5,84
10/1/2024 18:00,2345,19.7,0,10.1,84
10/1/2024 19:00,1729,19.3,0,9.3,85
10/1/2024 20:00,1307,18.9,0,10.3,87
10/1/2024 21:00,1055,18.4,0,6.8,90
10/1/2024 22:00,724,18.3,0,7.4,91
10/1/2024 23:00,657,18.3,0,5.9,92
10/2/2024 0:00,433,18.2,0,6.3,92
10/2/2024 1:00,139,18.2,0,7.3,90
10/2/2024 2:00,72,17.9,0.2,8.2,88
10/2/2024 3:00,37,17.5,0,9.4,87
10/2/2024 4:00,14,16.9,0,6.5,89
10/2/2024 5:00,50,16.9,0,6.5,90
10/2/2024 6:00,137,16.8,0,6.9,90
10/2/2024 7:00,400,16.7,0.2,6.3,91
10/2/2024 8:00,1041,16.7,0.1,6.2,92
10/2/2024 9:00,1848,17.2,0.1,5.9,92
10/2/2024 10:00,1008,17.4,0.1,8.3,91
10/2/2024 11:00,695,18.2,0,7.6,88
10/2/2024 12:00,795,18.7,0,5.7,86
10/2/2024 13:00,903,19.8,0.1,5.2,81
10/2/2024 14:00,900,20.4,0,4,77
10/2/2024 15:00,1052,21,0,3.4,75
10/2/2024 16:00,1482,21.2,0,3.9,75
10/2/2024 17:00,1809,21.5,0,4.4,72
10/2/2024 18:00,2659,21.1,0,1.6,78
10/2/2024 19:00,2284,20,0,3.6,81
10/2/2024 20:00,1554,18.2,0,6.1,90
10/2/2024 21:00,1006,17.5,0,4.5,95
10/2/2024 22:00,877,17,0,4.5,97
10/2/2024 23:00,667,16.2,0,5,98
10/3/2024 0:00,446,16.3,0,4.6,98
10/3/2024 1:00,169,16.2,0,3.9,99
10/3/2024 2:00,68,15.6,0,2.2,100
10/3/2024 3:00,45,15.3,0,1,100
10/3/2024 4:00,29,15.2,0,2.4,99
10/3/2024 5:00,33,15.4,0,3.4,100
10/3/2024 6:00,173,15.4,0,4.2,100
10/3/2024 7:00,430,15.6,0,5.2,99
10/3/2024 8:00,946,16,0,4.2,99
10/3/2024 9:00,1904,17.7,0,2.8,93
10/3/2024 10:00,1249,18.6,0,2.8,90
10/3/2024 11:00,861,20,0,4.2,83
10/3/2024 12:00,902,20.8,0.1,3,80
10/3/2024 13:00,1076,21.8,0,2.1,75
10/3/2024 14:00,1046,22.8,0.1,1.8,70
10/3/2024 15:00,1206,23.2,0,2.7,68
10/3/2024 16:00,1550,23.5,0,2.9,66
10/3/2024 17:00,1983,23.4,0,3.4,66
10/3/2024 18:00,2893,23,0,1.6,77
10/3/2024 19:00,2523,21.2,0,5,74
10/3/2024 20:00,1804,18.9,0,7.2,87
10/3/2024 21:00,1270,19.6,0.1,6.4,94
10/3/2024 22:00,1030,19,0,5.3,96
10/3/2024 23:00,771,18.1,0,4.8,97
10/4/2024 0:00,508,17.6,0,5.1,97
10/4/2024 1:00,235,18.1,0,5.2,97
10/4/2024 2:00,120,17.7,0,5.2,98
10/4/2024 3:00,74,17.4,0,5.8,99
10/4/2024 4:00,34,16.9,0,4.8,99
10/4/2024 5:00,45,16.9,0,5.1,99
10/4/2024 6:00,161,16.8,0,5.8,99
10/4/2024 7:00,443,16.5,0,6,100
10/4/2024 8:00,959,16.9,0,8.3,98
10/4/2024 9:00,1611,18.7,0,8.5,95
10/4/2024 10:00,1168,20.8,0,9.2,87
10/4/2024 11:00,995,22.7,0,9,80
10/4/2024 12:00,1019,23.7,0.1,9.1,75
10/4/2024 13:00,1296,24.2,0.2,9.4,74
10/4/2024 14:00,1416,24.4,0.2,8.4,74
10/4/2024 15:00,1472,25.1,0.1,7.7,72
10/4/2024 16:00,1913,25.2,0,7.5,72
10/4/2024 17:00,2067,24.3,0.2,6.7,72
10/4/2024 18:00,2430,23.5,0.2,3.9,79
10/4/2024 19:00,2197,21.5,0.3,2.7,85
10/4/2024 20:00,1723,20.3,0.3,3.9,96
10/4/2024 21:00,1315,20.7,0.8,3,94
10/4/2024 22:00,1062,20.2,0.1,4.6,94
10/4/2024 23:00,934,20,0.5,2,94
10/5/2024 0:00,820,19.3,0,4.5,95
10/5/2024 1:00,583,18.8,0,3.1,98
10/5/2024 2:00,381,18.6,0.1,2.5,99
10/5/2024 3:00,225,18.1,0,2.1,99
10/5/2024 4:00,157,18,0,4.6,99
10/5/2024 5:00,60,17.8,0,4.9,99
10/5/2024 6:00,83,17.8,0,8.5,100
10/5/2024 7:00,249,18,0,11.1,99
10/5/2024 8:00,439,18.1,0,10.6,98
10/5/2024 9:00,779,18.5,0,9.7,95
10/5/2024 10:00,1262,19.3,0,12.8,88
10/5/2024 11:00,1542,20.7,0,10,79
10/5/2024 12:00,1799,22.2,0,9.4,70
10/5/2024 13:00,2035,23.4,0,9.6,61
10/5/2024 14:00,2094,24.1,0,9,54
10/5/2024 15:00,2138,24.4,0,9.7,50
10/5/2024 16:00,2373,24.3,0,9.5,48
10/5/2024 17:00,2183,23.5,0,7.9,48
10/5/2024 18:00,2157,21.5,0,5.8,63
10/5/2024 19:00,1950,19,0,7.9,66
10/5/2024 20:00,1566,18.1,0,9.8,63
10/5/2024 21:00,1208,17,0,10,67
10/5/2024 22:00,917,16.1,0,8.8,68
10/5/2024 23:00,887,15.1,0,7.3,72
10/6/2024 0:00,790,13.6,0,7.6,80
10/6/2024 1:00,601,13,0,7.2,83
10/6/2024 2:00,380,13,0,6.3,81
10/6/2024 3:00,247,12.6,0,6.2,81
10/6/2024 4:00,109,12.2,0,5.6,84
10/6/2024 5:00,63,11.7,0,5.5,88
10/6/2024 6:00,65,11.4,0,5,90
10/6/2024 7:00,152,11.1,0,4.9,91
10/6/2024 8:00,273,12.9,0,4.2,87
10/6/2024 9:00,597,15.4,0,2,79
10/6/2024 10:00,1002,18,0,0.6,75
10/6/2024 11:00,1455,20,0,3.4,70
10/6/2024 12:00,1661,21.8,0,6.5,61
10/6/2024 13:00,1903,23,0,9.7,53
10/6/2024 14:00,1968,23.6,0,10.8,52
10/6/2024 15:00,1991,23.9,0,10.4,54
10/6/2024 16:00,1926,23.7,0,10.2,56
10/6/2024 17:00,1971,23.3,0,9.1,59
10/6/2024 18:00,1951,21.7,0,7.4,67
10/6/2024 19:00,1629,19.6,0,9.1,72
10/6/2024 20:00,1247,18.9,0,11.1,74
10/6/2024 21:00,835,18.7,0,12,78
10/6/2024 22:00,799,18,0,11.3,84
10/6/2024 23:00,530,18.1,0,14.8,83
10/7/2024 0:00,302,18.2,0,14.6,81
10/7/2024 1:00,129,18.2,0,14.7,82
10/7/2024 2:00,75,18,0,9.2,83
10/7/2024 3:00,39,18,0,9.8,84
10/7/2024 4:00,25,17.8,0.1,8.9,86
10/7/2024 5:00,48,17.3,0.1,7.6,90
10/7/2024 6:00,152,16.5,0,6.7,95
10/7/2024 7:00,428,16.2,0,7.4,95
10/7/2024 8:00,1048,17.2,0,11.6,92
10/7/2024 9:00,1725,19.1,0,9.9,88
10/7/2024 10:00,1008,20.4,0,15.3,80
10/7/2024 11:00,853,21.2,0,17.6,67
10/7/2024 12:00,820,21.7,0,19.5,52
10/7/2024 13:00,1088,21.9,0,16,49
10/7/2024 14:00,1032,22.2,0,15.1,48
10/7/2024 15:00,1170,22.1,0,15.3,49
10/7/2024 16:00,1533,22,0,13.7,47
10/7/2024 17:00,1782,21.5,0,12,47
10/7/2024 18:00,2591,19.8,0,11.6,54
10/7/2024 19:00,2270,18.2,0,13.4,56
10/7/2024 20:00,1536,17.3,0,15,58
10/7/2024 21:00,1084,16.9,0,14.3,59
10/7/2024 22:00,931,15.8,0,11.8,63
10/7/2024 23:00,599,15.1,0,12.6,64
10/8/2024 0:00,316,14.2,0,11.3,67
10/8/2024 1:00,143,13.5,0,12.6,70
10/8/2024 2:00,46,13,0,14.2,71
10/8/2024 3:00,40,12.4,0,13.5,73
10/8/2024 4:00,23,11.7,0,11.9,75
10/8/2024 5:00,43,11.3,0,11.9,76
10/8/2024 6:00,159,10.8,0,11.1,78
10/8/2024 7:00,495,10.2,0,10.5,80
10/8/2024 8:00,1277,10.7,0,10.4,79
10/8/2024 9:00,2168,12.7,0,7.9,77
10/8/2024 10:00,1127,15.2,0,7.7,67
10/8/2024 11:00,721,17,0,7.6,51
10/8/2024 12:00,819,17.9,0,6.8,45
10/8/2024 13:00,1059,18.5,0,5.5,45
10/8/2024 14:00,1046,18.9,0,5,45
10/8/2024 15:00,1043,19.3,0,5.7,44
10/8/2024 16:00,1600,19.4,0,6.7,44
10/8/2024 17:00,1977,19,0,6.8,46
10/8/2024 18:00,2983,17.3,0,4.9,73
10/8/2024 19:00,2535,14.5,0,7.8,67
10/8/2024 20:00,1643,14.2,0,7.6,65
10/8/2024 21:00,1198,15.5,0,4.8,58
10/8/2024 22:00,948,12,0,6.6,75
10/8/2024 23:00,616,12.1,0,8.3,76
10/9/2024 0:00,321,11.9,0,9,79
10/9/2024 1:00,129,11.4,0,7.9,82
10/9/2024 2:00,52,10.9,0,7.4,85
10/9/2024 3:00,23,10.6,0,7.4,85
10/9/2024 4:00,10,10.1,0,6.3,86
10/9/2024 5:00,34,9.5,0,5.9,89
10/9/2024 6:00,177,9.2,0,5.9,90
10/9/2024 7:00,448,9,0,5.8,91
10/9/2024 8:00,1224,10.2,0,7.7,88
10/9/2024 9:00,2193,13.5,0,9.3,77
10/9/2024 10:00,1253,17,0,7.2,68
10/9/2024 11:00,750,19,0,12.6,53
10/9/2024 12:00,875,19.6,0,16,43
10/9/2024 13:00,984,20,0,15.8,46
10/9/2024 14:00,1133,20.6,0,14.9,43
10/9/2024 15:00,1175,20.6,0,15.8,42
10/9/2024 16:00,1574,20.3,0,15.2,43
10/9/2024 17:00,1857,19.7,0,12.7,46
10/9/2024 18:00,2802,17.9,0,7.9,55
10/9/2024 19:00,2374,15.4,0,8.2,61
10/9/2024 20:00,1760,14.7,0,10.5,61
10/9/2024 21:00,1212,14.4,0,12,60
10/9/2024 22:00,986,13.9,0,12.7,59
10/9/2024 23:00,658,13.7,0,13.4,53
10/10/2024 0:00,376,12.7,0,11,53
10/10/2024 1:00,216,11.4,0,8.8,58
10/10/2024 2:00,84,10.5,0,8.3,61
10/10/2024 3:00,35,10,0,9.6,63
10/10/2024 4:00,16,9.5,0,9.5,65
10/10/2024 5:00,43,9,0,9.5,68
10/10/2024 6:00,150,8.6,0,8.7,72
10/10/2024 7:00,430,7.8,0,8.9,77
10/10/2024 8:00,1032,8.9,0,11.6,75
10/10/2024 9:00,1863,11.1,0,8.9,72
10/10/2024 10:00,1097,12.9,0,11.3,60
10/10/2024 11:00,778,13.8,0,9.7,56
10/10/2024 12:00,853,14.8,0,10.5,54
10/10/2024 13:00,1112,15.7,0,12.3,52
10/10/2024 14:00,1066,16.3,0,13,51
10/10/2024 15:00,1119,16.6,0,12.6,51
10/10/2024 16:00,1547,16.8,0,13.3,50
10/10/2024 17:00,1789,16.3,0,13.4,51
10/10/2024 18:00,2724,15,0,8.2,56
10/10/2024 19:00,2353,12.3,0,7.2,67
10/10/2024 20:00,1663,11.5,0,8.5,68
10/10/2024 21:00,1179,10.4,0,6.4,74
10/10/2024 22:00,983,9.7,0,6.2,75
10/10/2024 23:00,706,9,0,6.9,79
10/11/2024 0:00,433,9.1,0,7.7,79
10/11/2024 1:00,210,9,0,8.8,80
10/11/2024 2:00,132,9,0,10.4,80
10/11/2024 3:00,58,8.9,0,11.3,78
10/11/2024 4:00,27,8.6,0,10.4,78
10/11/2024 5:00,52,7.7,0,6.9,82
10/11/2024 6:00,141,6.8,0,5.9,88
10/11/2024 7:00,341,6.4,0,6.1,91
10/11/2024 8:00,746,7.3,0,8.5,88
10/11/2024 9:00,1241,9.8,0,6.4,82
10/11/2024 10:00,995,12.8,0,7.8,70
10/11/2024 11:00,908,14.8,0,9.4,59
10/11/2024 12:00,1034,16.2,0,8.7,54
10/11/2024 13:00,1269,17.5,0,8.5,50
10/11/2024 14:00,1370,18.3,0,9.3,48
10/11/2024 15:00,1556,19,0,9.5,47
10/11/2024 16:00,1769,19.2,0,9.7,47
10/11/2024 17:00,1941,18.9,0,8.6,49
10/11/2024 18:00,2286,16.7,0,5.5,66
10/11/2024 19:00,2023,14.4,0,7.9,68
10/11/2024 20:00,1468,13.5,0,8.3,69
10/11/2024 21:00,1109,13.3,0,10.1,65
10/11/2024 22:00,998,13.2,0,10.9,62
10/11/2024 23:00,833,12.7,0,10.2,63
10/12/2024 0:00,645,12,0,9.1,67
10/12/2024 1:00,478,11,0,7.4,73
10/12/2024 2:00,344,10.2,0,6.7,78
10/12/2024 3:00,221,10,0,7.2,79
10/12/2024 4:00,94,9.8,0,7.7,80
10/12/2024 5:00,48,10.2,0,8.4,76
10/12/2024 6:00,96,10.5,0,8.7,72
10/12/2024 7:00,153,10.9,0,9.2,67
10/12/2024 8:00,376,12,0,9.9,64
10/12/2024 9:00,654,15.6,0,11.7,59
10/12/2024 10:00,1093,18.4,0,9.9,56
10/12/2024 11:00,1378,20.3,0,12.7,50
10/12/2024 12:00,1627,21.8,0,13.2,48
10/12/2024 13:00,1787,23,0,12,48
10/12/2024 14:00,1893,23.8,0,10.3,48
10/12/2024 15:00,1890,24.2,0,9,49
10/12/2024 16:00,1966,24.3,0,7.6,49
10/12/2024 17:00,2005,23.8,0,4.2,58
10/12/2024 18:00,2022,24.1,0,2.7,50
10/12/2024 19:00,1725,22.8,0,3.3,53
10/12/2024 20:00,1348,21.4,0,4.2,58
10/12/2024 21:00,964,16.7,0,9.2,81
10/12/2024 22:00,852,15.8,0,6.2,86
10/12/2024 23:00,797,14.9,0,6.4,89
10/13/2024 0:00,668,14.7,0,7.2,86
10/13/2024 1:00,485,14,0,6.7,82
10/13/2024 2:00,308,13.8,0,7,80
10/13/2024 3:00,225,13.4,0,8.6,80
10/13/2024 4:00,103,13.1,0,8.7,80
10/13/2024 5:00,83,12.8,0,8.5,82
10/13/2024 6:00,95,12.4,0,7.8,85
10/13/2024 7:00,205,11.7,0,6.6,89
10/13/2024 8:00,377,12.5,0,7.9,87
10/13/2024 9:00,599,15.3,0,5.2,81
10/13/2024 10:00,1032,18.2,0,4.8,74
10/13/2024 11:00,1456,20.6,0,7.9,67
10/13/2024 12:00,1675,23,0,9.7,60
10/13/2024 13:00,1967,24.8,0,13.6,53
10/13/2024 14:00,1941,25.7,0,18.1,49
10/13/2024 15:00,1941,26.1,0,20.6,49
10/13/2024 16:00,1936,26,0,22.1,48
10/13/2024 17:00,2014,25.3,0,23.3,50
10/13/2024 18:00,1980,24.1,0,22.9,52
10/13/2024 19:00,1664,23.2,0,23.2,51
10/13/2024 20:00,1413,22.5,0,22.6,51
10/13/2024 21:00,933,21.7,0,20.3,54
10/13/2024 22:00,738,21.3,0,20.9,55
10/13/2024 23:00,613,21.1,0,21,55
10/14/2024 0:00,453,20.8,0,21,55
10/14/2024 1:00,247,20.6,0,20.9,57
10/14/2024 2:00,131,20,0,16.7,60
10/14/2024 3:00,61,18.8,0,10.6,67
10/14/2024 4:00,59,16.9,0,8.4,76
10/14/2024 5:00,54,16.1,0,9.4,80
10/14/2024 6:00,115,16.7,0,14.2,72
10/14/2024 7:00,264,18.4,0,18.6,53
10/14/2024 8:00,569,17.5,0,17.1,59
10/14/2024 9:00,875,17.9,0,22.4,53
10/14/2024 10:00,820,16.2,0,27.2,44
10/14/2024 11:00,964,16.4,0,22.7,45
10/14/2024 12:00,1077,17.1,0,24.2,41
10/14/2024 13:00,1325,17.7,0,27.1,38
10/14/2024 14:00,1429,17.9,0,28,37
10/14/2024 15:00,1490,18,0,28.8,35
10/14/2024 16:00,1604,17.2,0,26.8,39
10/14/2024 17:00,1610,16.3,0,23,42
10/14/2024 18:00,1968,15.5,0,17.5,45
10/14/2024 19:00,1784,14.1,0,16.4,51
10/14/2024 20:00,1195,13.3,0,17.1,55
10/14/2024 21:00,810,11.7,0,16.3,62
10/14/2024 22:00,663,10.9,0,12.2,64
10/14/2024 23:00,494,10.2,0,9.7,67
10/15/2024 0:00,292,9.5,0,8.2,70
10/15/2024 1:00,143,8.5,0,6.9,74
10/15/2024 2:00,36,7.9,0,7.1,77
10/15/2024 3:00,26,8,0,6.4,77
10/15/2024 4:00,19,7.6,0,7.1,79
10/15/2024 5:00,43,7.2,0,8,81
10/15/2024 6:00,176,7.7,0,8.2,77
10/15/2024 7:00,435,7.7,0,7.3,76
10/15/2024 8:00,1125,8,0,6.9,78
10/15/2024 9:00,1910,10,0,6.3,70
10/15/2024 10:00,1055,11.9,0,9.3,56
10/15/2024 11:00,638,13.2,0,12.1,48
10/15/2024 12:00,657,13.6,0,14.7,46
10/15/2024 13:00,892,12.6,0,15.4,50
10/15/2024 14:00,812,13.2,0,13.2,50
10/15/2024 15:00,973,13.8,0,15.3,49
10/15/2024 16:00,1387,13.8,0,14.6,48
10/15/2024 17:00,1730,13.5,0,12.9,47
10/15/2024 18:00,2642,12.7,0,7.7,52
10/15/2024 19:00,2110,10.5,0,6.7,61
10/15/2024 20:00,1445,9.4,0,6.8,69
10/15/2024 21:00,1039,9.2,0,9.7,68
10/15/2024 22:00,827,8.7,0,11.4,69
10/15/2024 23:00,541,8.3,0,13.9,68
10/16/2024 0:00,287,8,0,15.7,68
10/16/2024 1:00,138,7.6,0,15,69
10/16/2024 2:00,48,7.1,0,14.3,70
10/16/2024 3:00,23,6.5,0,12.8,72
10/16/2024 4:00,12,5.8,0,11.7,77
10/16/2024 5:00,35,5.7,0,13.1,78
10/16/2024 6:00,152,5.7,0,13.7,80
10/16/2024 7:00,378,5.6,0,14.1,82
10/16/2024 8:00,1084,5.9,0,14.4,81
10/16/2024 9:00,1981,7.9,0,13.9,74
10/16/2024 10:00,1128,9.7,0,15.3,66
10/16/2024 11:00,675,11.3,0,15.2,60
10/16/2024 12:00,745,12.9,0,19.4,49
10/16/2024 13:00,930,12.8,0,17.6,48
10/16/2024 14:00,912,12.8,0,16.7,49
10/16/2024 15:00,950,13,0,17.3,48
10/16/2024 16:00,1272,12.9,0,16.3,48
10/16/2024 17:00,1781,12.9,0,15.5,46
10/16/2024 18:00,2605,12.2,0,9.2,51
10/16/2024 19:00,2100,10.1,0,6.2,59
10/16/2024 20:00,1483,9.4,0,6.3,63
10/16/2024 21:00,1069,10.1,0,11.5,59
10/16/2024 22:00,815,9.1,0,12,60
10/16/2024 23:00,648,8.1,0,11.4,63
10/17/2024 0:00,387,7.3,0,10.7,67
10/17/2024 1:00,129,6.9,0,11.7,68
10/17/2024 2:00,63,6.7,0,10.5,70
10/17/2024 3:00,23,6.7,0,12.3,70
10/17/2024 4:00,21,5.8,0,10.1,75
10/17/2024 5:00,28,5.6,0,12.6,75
10/17/2024 6:00,148,5.4,0,10.4,76
10/17/2024 7:00,332,4.8,0,10.4,80
10/17/2024 8:00,995,5.2,0,13.2,80
10/17/2024 9:00,1860,7.6,0,13.4,73
10/17/2024 10:00,1112,9.7,0,15,65
10/17/2024 11:00,717,11.2,0,16.3,57
10/17/2024 12:00,778,12.4,0,16,53
10/17/2024 13:00,992,13.4,0,17.3,51
10/17/2024 14:00,1022,14.3,0,16.3,48
10/17/2024 15:00,1052,14.9,0,13.9,47
10/17/2024 16:00,1535,14.9,0,13.5,46
10/17/2024 17:00,1793,14.6,0,14.5,46
10/17/2024 18:00,2644,13.1,0,11.4,52
10/17/2024 19:00,2414,10.6,0,7.9,60
10/17/2024 20:00,1568,9.6,0,9.3,65
10/17/2024 21:00,1049,9,0,9.2,66
10/17/2024 22:00,956,8.4,0,8.1,68
10/17/2024 23:00,667,7.8,0,8.1,71
10/18/2024 0:00,458,7.6,0,9.5,73
10/18/2024 1:00,222,7.7,0,12,71
10/18/2024 2:00,151,7.9,0,12.9,69
10/18/2024 3:00,50,7.9,0,13.3,68
10/18/2024 4:00,17,7.8,0,13.5,68
10/18/2024 5:00,38,7.5,0,12.8,70
10/18/2024 6:00,141,7.3,0,12.9,71
10/18/2024 7:00,337,7,0,11.6,72
10/18/2024 8:00,798,7.2,0,11,72
10/18/2024 9:00,1414,9.6,0,10.9,70
10/18/2024 10:00,1073,12.1,0,10.2,61
10/18/2024 11:00,833,14.4,0,9.4,52
10/18/2024 12:00,993,16.1,0,7.8,46
10/18/2024 13:00,1283,17.3,0,7,42
10/18/2024 14:00,1345,18.2,0,7,40
10/18/2024 15:00,1381,18.8,0,7.1,39
10/18/2024 16:00,1894,19,0,6.8,38
10/18/2024 17:00,2051,18.3,0,5.1,45
10/18/2024 18:00,2551,14.8,0,7.6,63
10/18/2024 19:00,2090,12.7,0,7.9,61
10/18/2024 20:00,1695,11.6,0,7.5,62
10/18/2024 21:00,1121,10.3,0,7.1,65
10/18/2024 22:00,853,9.3,0,6.6,70
10/18/2024 23:00,856,9.1,0,7.2,70
10/19/2024 0:00,720,9.2,0,8.6,67
10/19/2024 1:00,542,9.2,0,8.7,65
10/19/2024 2:00,436,9,0,7.9,69
10/19/2024 3:00,241,8.2,0,6.8,75
10/19/2024 4:00,139,7.7,0,6.6,78
10/19/2024 5:00,63,7.3,0,6.4,81
10/19/2024 6:00,88,7,0,7.4,82
10/19/2024 7:00,158,6.6,0,8,84
10/19/2024 8:00,385,7,0,8.7,83
10/19/2024 9:00,640,9.1,0,8.4,78
10/19/2024 10:00,1143,13.1,0,5.6,68
10/19/2024 11:00,1397,16.3,0,4.7,53
10/19/2024 12:00,1587,18.4,0,3.5,45
10/19/2024 13:00,1878,19.7,0,2,39
10/19/2024 14:00,2084,20.4,0,1.9,37
10/19/2024 15:00,2124,20.7,0,3.6,37
10/19/2024 16:00,2315,20.6,0,3.9,38
10/19/2024 17:00,2153,20,0,3.1,43
10/19/2024 18:00,2084,19.7,0,3.9,41
10/19/2024 19:00,1894,18.3,0,3.5,44
10/19/2024 20:00,1463,16.8,0,4.7,48
10/19/2024 21:00,1166,10.6,0,10.4,69
10/19/2024 22:00,955,10.1,0,7.3,71
10/19/2024 23:00,934,9.4,0,7.7,73
10/20/2024 0:00,787,8.4,0,10.5,76
10/20/2024 1:00,632,7.9,0,8.8,78
10/20/2024 2:00,470,7.7,0,6.5,82
10/20/2024 3:00,337,7,0,6.2,87
10/20/2024 4:00,166,6.4,0,5.9,90
10/20/2024 5:00,62,6.2,0,5.2,91
10/20/2024 6:00,67,6.3,0,6,91
10/20/2024 7:00,135,6.3,0,6.8,91
10/20/2024 8:00,245,6.9,0,7.8,90
10/20/2024 9:00,500,9.5,0,8,80
10/20/2024 10:00,898,13.5,0,3.9,73
10/20/2024 11:00,1329,16.8,0,5.2,61
10/20/2024 12:00,1650,19.1,0,6.8,51
10/20/2024 13:00,1871,20.6,0,8.1,45
10/20/2024 14:00,1903,21.6,0,7.1,40
10/20/2024 15:00,2033,22,0,6.5,38
10/20/2024 16:00,2002,21.9,0,5.7,38
10/20/2024 17:00,2050,21,0,3.3,52
10/20/2024 18:00,1813,17.8,0,6.9,59
10/20/2024 19:00,1557,13.6,0,7.6,71
10/20/2024 20:00,1403,12.3,0,5.1,75
10/20/2024 21:00,836,11.4,0,6.7,75
10/20/2024 22:00,636,11.1,0,7.5,73
10/20/2024 23:00,507,10.8,0,7.2,72
10/21/2024 0:00,344,10.9,0,7.6,72
10/21/2024 1:00,171,10.4,0,7.2,77
10/21/2024 2:00,71,10,0,7.6,79
10/21/2024 3:00,29,9.8,0,8.5,80
10/21/2024 4:00,27,10,0,10.6,80
10/21/2024 5:00,45,10.3,0,12.1,78
10/21/2024 6:00,147,10.6,0,12.7,76
10/21/2024 7:00,379,10.4,0,12.4,75
10/21/2024 8:00,965,10.6,0,13,75
10/21/2024 9:00,1624,12.7,0,14.1,70
10/21/2024 10:00,1007,15.7,0,11,64
10/21/2024 11:00,757,18.6,0,10,56
10/21/2024 12:00,848,20.9,0,9.4,49
10/21/2024 13:00,1053,22.5,0,7.6,44
10/21/2024 14:00,1093,23.5,0,6.4,40
10/21/2024 15:00,1140,24.1,0,5.8,37
10/21/2024 16:00,1570,23.9,0,5.6,38
10/21/2024 17:00,1890,22.7,0,4.2,53
10/21/2024 18:00,2852,18.9,0,8.6,65
10/21/2024 19:00,2345,15.8,0,8.7,72
10/21/2024 20:00,1544,14.5,0,7.6,75
10/21/2024 21:00,1071,13.8,0,8.3,75
10/21/2024 22:00,897,13.5,0,7.4,74
10/21/2024 23:00,601,13.1,0,7,74
10/22/2024 0:00,329,13,0,6.9,73
10/22/2024 1:00,147,12.8,0,6.7,73
10/22/2024 2:00,59,11.9,0,7.4,77
10/22/2024 3:00,39,11.1,0,6.9,81
10/22/2024 4:00,19,10.8,0,5.8,84
10/22/2024 5:00,36,10.8,0,6.8,83
10/22/2024 6:00,172,10.9,0,7.8,79
10/22/2024 7:00,450,10.7,0,6.9,79
10/22/2024 8:00,1193,11,0,5.9,81
10/22/2024 9:00,2191,13.6,0,5.4,75
10/22/2024 10:00,1140,17.7,0,2.3,67
10/22/2024 11:00,695,20.8,0,0.7,58
10/22/2024 12:00,798,22.8,0,1.5,51
10/22/2024 13:00,985,24.3,0,3.6,46
10/22/2024 14:00,987,25.3,0,4.6,42
10/22/2024 15:00,1155,25.8,0,5.6,40
10/22/2024 16:00,1653,25.4,0,5.4,42
10/22/2024 17:00,1937,24,0,4.4,53
10/22/2024 18:00,3067,20,0,9.2,61
10/22/2024 19:00,2595,18.6,0,8.7,57
10/22/2024 20:00,1640,16.3,0,8,62
10/22/2024 21:00,1247,16.1,0,10.1,57
10/22/2024 22:00,925,14.8,0,9.9,66
10/22/2024 23:00,651,13.7,0,9.3,74
10/23/2024 0:00,347,12.7,0,8,77
10/23/2024 1:00,121,12,0,8.3,78
10/23/2024 2:00,52,11.4,0,8.1,80
10/23/2024 3:00,16,10.8,0,7.5,82
10/23/2024 4:00,16,10.2,0,7.4,86
10/23/2024 5:00,39,9.8,0,7.4,88
10/23/2024 6:00,159,9.6,0,7.4,89
10/23/2024 7:00,452,9.3,0,8.3,90
10/23/2024 8:00,1278,9.6,0,9.1,89
10/23/2024 9:00,2147,12.3,0,9.3,81
10/23/2024 10:00,1157,15.4,0,6.7,71
10/23/2024 11:00,747,18.1,0,7,63
10/23/2024 12:00,866,20.5,0,7.9,57
10/23/2024 13:00,1073,22.4,0,8.1,52
10/23/2024 14:00,1084,23.6,0,8.7,49
10/23/2024 15:00,1129,24.2,0,8.7,47
10/23/2024 16:00,1685,24,0,9,47
10/23/2024 17:00,1888,23,0,5.6,55
10/23/2024 18:00,3015,19.8,0,7.4,62
10/23/2024 19:00,2521,18.5,0,8.8,62
10/23/2024 20:00,1888,17.7,0,9.3,65
10/23/2024 21:00,1310,16.7,0,7.9,69
10/23/2024 22:00,994,16.1,0,7.8,72
10/23/2024 23:00,866,15.7,0,7.5,74
10/24/2024 0:00,437,14.8,0,7.1,77
10/24/2024 1:00,183,15.3,0,11.5,73
10/24/2024 2:00,61,16.7,0,16.6,67
10/24/2024 3:00,45,16.7,0,16.2,67
10/24/2024 4:00,22,16.9,0,19,66
10/24/2024 5:00,41,16.7,0,18.9,68
10/24/2024 6:00,151,15.3,0,17.8,75
10/24/2024 7:00,437,14.5,0,17.4,79
10/24/2024 8:00,1176,13.9,0,16.6,79
10/24/2024 9:00,2060,15.3,0,14.9,65
10/24/2024 10:00,1228,16.1,0,18,55
10/24/2024 11:00,774,17.1,0,17.3,53
10/24/2024 12:00,843,17.9,0,16.9,49
10/24/2024 13:00,1074,18.5,0,17,44
10/24/2024 14:00,1050,18.8,0,16.8,40
10/24/2024 15:00,1199,18.9,0,16.5,39
10/24/2024 16:00,1731,18.4,0,17.1,39
10/24/2024 17:00,2055,17.5,0,15.6,41
10/24/2024 18:00,2817,15.7,0,11.5,45
10/24/2024 19:00,2467,13.7,0,10.1,50
10/24/2024 20:00,1708,12.6,0,9.7,54
10/24/2024 21:00,1150,11.6,0,8.2,57
10/24/2024 22:00,1084,10.8,0,8.3,60
10/24/2024 23:00,737,10.4,0,10,62
10/25/2024 0:00,517,10.3,0,11.5,62
10/25/2024 1:00,204,10,0,12.4,62
10/25/2024 2:00,133,9.5,0,11.3,63
10/25/2024 3:00,58,8.7,0,9.9,66
10/25/2024 4:00,15,7.8,0,8.1,72
10/25/2024 5:00,43,7.1,0,7.2,77
10/25/2024 6:00,148,6.4,0,6.2,81
10/25/2024 7:00,371,5.9,0,5.9,84
10/25/2024 8:00,891,6.3,0,6.2,83
10/25/2024 9:00,1469,8.5,0,5.1,74
10/25/2024 10:00,1097,11.1,0,1.6,64
10/25/2024 11:00,900,13.4,0,1,55
10/25/2024 12:00,973,15.1,0,2.9,50
10/25/2024 13:00,1259,16.4,0,4.8,47
10/25/2024 14:00,1259,17.6,0,6.3,46
10/25/2024 15:00,1434,18.2,0,8.7,45
10/25/2024 16:00,1893,18.4,0,10.5,46
10/25/2024 17:00,2082,18,0,9.3,49
10/25/2024 18:00,2428,15.9,0,6.5,58
10/25/2024 19:00,2057,14.3,0,6.9,63
10/25/2024 20:00,1579,14.1,0,8.9,63
10/25/2024 21:00,1200,13.7,0,6.9,64
10/25/2024 22:00,986,13.4,0,7.6,66
10/25/2024 23:00,855,13.7,0,9.5,66
10/26/2024 0:00,711,13.7,0,8.5,69
10/26/2024 1:00,576,13.5,0,8.7,72
10/26/2024 2:00,375,13.4,0,9.3,73
10/26/2024 3:00,219,13.4,0,10.3,73
10/26/2024 4:00,119,13.5,0,10.9,74
10/26/2024 5:00,61,14.4,0,13.2,71
10/26/2024 6:00,72,14.3,0,14.6,73
10/26/2024 7:00,170,13.7,0,14.7,74
10/26/2024 8:00,393,13.2,0,13.3,77
10/26/2024 9:00,719,15,0,10.5,74
10/26/2024 10:00,1184,17.3,0,13.4,63
10/26/2024 11:00,1499,17.7,0,20.5,46
10/26/2024 12:00,1840,18,0,20.7,48
10/26/2024 13:00,1916,18.4,0,20.5,45
10/26/2024 14:00,2046,18.9,0,17.8,42
10/26/2024 15:00,2074,18.7,0,16.3,42
10/26/2024 16:00,2001,17.9,0,16.8,40
10/26/2024 17:00,1984,17.1,0,13.4,43
10/26/2024 18:00,1815,15.5,0,8.5,46
10/26/2024 19:00,1603,13.8,0,10.7,48
10/26/2024 20:00,1218,12.7,0,10.3,49
10/26/2024 21:00,1006,11.2,0,8.2,63
10/26/2024 22:00,817,10.9,0,10.9,59
10/26/2024 23:00,731,10.8,0,13.8,53
10/27/2024 0:00,743,10.4,0,13.4,49
10/27/2024 1:00,496,9.6,0,12,51
10/27/2024 2:00,390,8.9,0,10.8,54
10/27/2024 3:00,260,8.4,0,10.1,57
10/27/2024 4:00,134,7.8,0,9,62
10/27/2024 5:00,67,7.1,0,7.7,66
10/27/2024 6:00,78,6.2,0,7,72
10/27/2024 7:00,226,5.4,0,6.6,77
10/27/2024 8:00,385,5.6,0,6.3,78
10/27/2024 9:00,727,7.9,0,7.4,68
10/27/2024 10:00,1145,9.7,0,7.4,58
10/27/2024 11:00,1409,10.9,0,7,51
10/27/2024 12:00,1523,12.2,0,5,40
10/27/2024 13:00,1743,13.1,0,3.3,38
10/27/2024 14:00,1812,13.7,0,1.8,38
10/27/2024 15:00,1806,14,0,1.5,37
10/27/2024 16:00,1910,14,0,1.8,37
10/27/2024 17:00,1877,13.5,0,3,40
10/27/2024 18:00,1616,10.4,0,6.8,56
10/27/2024 19:00,1351,8.4,0,9.8,59
10/27/2024 20:00,933,8.9,0,8.5,50
10/27/2024 21:00,699,6.3,0,9.2,64
10/27/2024 22:00,565,5.5,0,9.9,71
10/27/2024 23:00,433,5.7,0,8.7,70
10/28/2024 0:00,267,6,0,7.5,67
10/28/2024 1:00,104,4.8,0,8.7,75
10/28/2024 2:00,70,4.6,0,7.4,75
10/28/2024 3:00,27,4.2,0,9.2,80
10/28/2024 4:00,28,4.8,0,8.2,81
10/28/2024 5:00,31,5.4,0,6.7,81
10/28/2024 6:00,120,6.3,0,4.1,78
10/28/2024 7:00,320,6.3,0,2.4,80
10/28/2024 8:00,869,6.4,0,2.7,81
10/28/2024 9:00,1507,6.9,0,2.3,83
10/28/2024 10:00,972,10.1,0,2.8,72
10/28/2024 11:00,700,12.7,0,4.2,61
10/28/2024 12:00,798,14.4,0,6.4,53
10/28/2024 13:00,1091,15.5,0,6,51
10/28/2024 14:00,1005,16.2,0,6.9,49
10/28/2024 15:00,1165,16.8,0,7.7,47
10/28/2024 16:00,1455,16.8,0,8.4,47
10/28/2024 17:00,1814,16.1,0,8.3,50
10/28/2024 18:00,2489,13.3,0,8.1,55
10/28/2024 19:00,2090,11.5,0,8.1,55
10/28/2024 20:00,1348,10.4,0,8.9,56
10/28/2024 21:00,1044,10,0,8.7,55
10/28/2024 22:00,693,9.1,0,7.7,54
10/28/2024 23:00,447,8.3,0,7.6,57
10/29/2024 0:00,304,8,0,7.8,63
10/29/2024 1:00,139,7.5,0,7.1,72
10/29/2024 2:00,58,6.5,0,8.3,83
10/29/2024 3:00,23,5.9,0,9.7,87
10/29/2024 4:00,21,6.6,0,8.3,84
10/29/2024 5:00,59,6.1,0,7.6,86
10/29/2024 6:00,144,7,0,7,82
10/29/2024 7:00,430,5.9,0,8.2,86
10/29/2024 8:00,1083,5.4,0,7.4,91
10/29/2024 9:00,2019,8.8,0,5,84
10/29/2024 10:00,1069,11.8,0,4.3,76
10/29/2024 11:00,697,14.1,0,5.7,70
10/29/2024 12:00,803,15.8,0,9.2,60
10/29/2024 13:00,959,17.5,0,11.2,54
10/29/2024 14:00,1038,18.4,0,12.2,53
10/29/2024 15:00,1178,18.6,0,10.6,53
10/29/2024 16:00,1650,18.5,0,9.5,54
10/29/2024 17:00,2263,17.8,0,8.5,57
10/29/2024 18:00,3032,15.7,0,7.3,63
10/29/2024 19:00,2379,14.1,0,7.9,68
10/29/2024 20:00,1658,13.3,0,7.6,71
10/29/2024 21:00,2141,12.7,0,8.5,78
10/29/2024 22:00,1077,11.9,0,7.1,83
10/29/2024 23:00,776,11.5,0,7.6,87
10/30/2024 0:00,401,11.4,0,8.1,90
10/30/2024 1:00,138,11.4,0,8.3,91
10/30/2024 2:00,55,11.5,0,8.7,92
10/30/2024 3:00,22,11.4,0,8.6,94
10/30/2024 4:00,26,11.3,0,8.3,96
10/30/2024 5:00,47,11.3,0,7.8,96
10/30/2024 6:00,144,11.1,0,7.2,97
10/30/2024 7:00,427,10.9,0,6.9,97
10/30/2024 8:00,1173,11.1,0,7.8,97
10/30/2024 9:00,2078,12.8,0,8.3,92
10/30/2024 10:00,1196,15.4,0,6.5,84
10/30/2024 11:00,830,17.9,0,5.9,76
10/30/2024 12:00,862,20.5,0,4.5,67
10/30/2024 13:00,1092,22.5,0,3.8,60
10/30/2024 14:00,1113,23.8,0,3.2,54
10/30/2024 15:00,1256,24.6,0,4.8,51
10/30/2024 16:00,1611,24.4,0,7.2,52
10/30/2024 17:00,1909,23,0,6.1,61
10/30/2024 18:00,2994,19.3,0,7.7,74
10/30/2024 19:00,2518,18.2,0,8.5,78
10/30/2024 20:00,1650,18.3,0,10.7,78
10/30/2024 21:00,1189,18.5,0,9.7,79
10/30/2024 22:00,1024,17.9,0,12.2,84
10/30/2024 23:00,674,17.8,0,13.7,85
10/31/2024 0:00,427,17.6,0,13.4,85
10/31/2024 1:00,172,17.2,0,13.7,86
10/31/2024 2:00,93,16.8,0,13.2,87
10/31/2024 3:00,15,16.1,0,11.7,90
10/31/2024 4:00,31,15.6,0,11.3,91
10/31/2024 5:00,45,15.2,0,10.3,92
10/31/2024 6:00,162,14.7,0,9.1,93
10/31/2024 7:00,416,14.4,0,9.2,94
10/31/2024 8:00,1049,14.2,0,9.2,94
10/31/2024 9:00,1972,16.6,0,11.3,86
10/31/2024 10:00,1241,18.9,0,10.1,77
10/31/2024 11:00,808,21.1,0,9.1,69
10/31/2024 12:00,856,23.2,0,9.1,63
10/31/2024 13:00,1220,24.8,0,10.8,58
10/31/2024 14:00,1110,25.8,0,11.9,55
10/31/2024 15:00,1307,26.3,0,12.9,52
10/31/2024 16:00,1750,26.2,0,14.5,51
10/31/2024 17:00,2158,25,0,14.5,56
10/31/2024 18:00,2861,23.2,0,14.7,60
10/31/2024 19:00,2452,22.1,0,17.7,64
10/31/2024 20:00,1563,21.7,0,18.8,65
10/31/2024 21:00,1251,22.2,0,20.4,61
10/31/2024 22:00,1185,21.8,0,20.4,61
10/31/2024 23:00,941,21.4,0,20.9,61
11/1/2024 0:00,632,21.2,0,20.5,60
11/1/2024 1:00,433,21,0,21.3,60
11/1/2024 2:00,292,20.5,0,20.4,62
11/1/2024 3:00,156,19.9,0,18.8,64
11/1/2024 4:00,70,19.4,0,17,66
11/1/2024 5:00,55,19,0,15.4,67
11/1/2024 6:00,165,18.7,0,13.9,68
11/1/2024 7:00,387,17.9,0,12,72
11/1/2024 8:00,758,18.1,0.4,11.1,74
11/1/2024 9:00,1354,19.8,0,13.1,68
11/1/2024 10:00,1035,20.8,0,9.3,66
11/1/2024 11:00,918,21.8,0,9,64
11/1/2024 12:00,1029,23.5,0,8.1,60
11/1/2024 13:00,1241,24.6,0,14.8,55
11/1/2024 14:00,1347,25.1,0,17.1,53
11/1/2024 15:00,1523,25.5,0,17.2,48
11/1/2024 16:00,1828,25,0,17.3,40
11/1/2024 17:00,2023,23.8,0,12.5,43
11/1/2024 18:00,2431,20.9,0,9.4,45
11/1/2024 19:00,2134,19.1,0,12.9,38
11/1/2024 20:00,1636,18.2,0,14.8,33
11/1/2024 21:00,1190,17.9,0,12.9,41
11/1/2024 22:00,1043,16.8,0,14.7,36
11/1/2024 23:00,902,15.4,0,16.1,41
11/2/2024 0:00,712,14.2,0,17.5,46
11/2/2024 1:00,517,13.1,0,17.4,52
11/2/2024 2:00,377,11.9,0,15.3,57
11/2/2024 3:00,286,11,0,13.4,61
11/2/2024 4:00,106,10.2,0,11.9,65
11/2/2024 5:00,62,9.5,0,11.6,68
11/2/2024 6:00,80,9,0,11.3,71
11/2/2024 7:00,148,8.5,0,10.3,73
11/2/2024 8:00,375,8.3,0,9.9,75
11/2/2024 9:00,611,10.1,0,10.7,69
11/2/2024 10:00,994,12,0,11.2,62
11/2/2024 11:00,1382,13.5,0,10.9,55
11/2/2024 12:00,1489,14.6,0,9,52
11/2/2024 13:00,1701,15.6,0,9.5,49
11/2/2024 14:00,1817,16.4,0,9.2,47
11/2/2024 15:00,1885,16.9,0,9.1,45
11/2/2024 16:00,2138,17,0,8.9,44
11/2/2024 17:00,1993,16.4,0,8,45
11/2/2024 18:00,1888,13.5,0,6,56
11/2/2024 19:00,1672,12.3,0,6.7,59
11/2/2024 20:00,1367,11.2,0,6.5,63
11/2/2024 21:00,1016,9.6,0,6.4,67
11/2/2024 22:00,837,9.5,0,7.6,65
11/2/2024 23:00,787,9,0,7.3,64
11/3/2024 0:00,642,8.1,0,6.5,66
11/3/2024 1:00,460,7.7,0,6.9,65
11/3/2024 2:00,645,7.5,0,8.4,64
11/3/2024 3:00,94,7.1,0,8,67
11/3/2024 4:00,54,6.6,0,8.4,69
11/3/2024 5:00,38,6.2,0,8.5,68
11/3/2024 6:00,48,6,0,8.9,68
11/3/2024 7:00,158,5.6,0,8.6,68
11/3/2024 8:00,318,5.5,0,9.1,69
11/3/2024 9:00,640,7,0,8.1,68
11/3/2024 10:00,1004,9.2,0,8.5,58
11/3/2024 11:00,1366,10.9,0,7.9,52
11/3/2024 12:00,1525,12.5,0,6.8,46
11/3/2024 13:00,1644,13.7,0,6,43
11/3/2024 14:00,1702,14.5,0,5.7,41
11/3/2024 15:00,1727,14.9,0,5,40
11/3/2024 16:00,1802,14.9,0,5,41
11/3/2024 17:00,1716,14.2,0,6.4,43
11/3/2024 18:00,1389,11.6,0,7.6,48
11/3/2024 19:00,1015,10.1,0,7.9,49
11/3/2024 20:00,798,7.6,0,9.6,65
11/3/2024 21:00,628,6.6,0,9.2,63
11/3/2024 22:00,482,6.1,0,9.9,67
11/3/2024 23:00,351,6.8,0,7.1,66
11/4/2024 0:00,248,6.2,0,7.5,77
11/4/2024 1:00,129,6.3,0,6.9,86
11/4/2024 2:00,43,6,0,7.4,92
11/4/2024 3:00,21,5.5,0,9.7,94
11/4/2024 4:00,20,5.8,0,7.4,95
11/4/2024 5:00,39,5,0,9.7,95
11/4/2024 6:00,136,5.3,0,7.7,94
11/4/2024 7:00,423,5.2,0,6.1,95
11/4/2024 8:00,942,5.4,0,5.6,94
11/4/2024 9:00,1428,7.4,0,7.7,89
11/4/2024 10:00,888,9.9,0,5.3,82
11/4/2024 11:00,687,11.9,0,5.8,77
11/4/2024 12:00,838,14.3,0,9,66
11/4/2024 13:00,1027,15.2,0,8.1,60
11/4/2024 14:00,1004,16,0,8.6,59
11/4/2024 15:00,1019,16.9,0,9,57
11/4/2024 16:00,1334,16.9,0,9.5,58
11/4/2024 17:00,1720,16,0,7.5,63
11/4/2024 18:00,2271,13.9,0,6.5,71
11/4/2024 19:00,1645,12.6,0,6.6,77
11/4/2024 20:00,1181,12.2,0,7.8,80
11/4/2024 21:00,897,11.6,0,6.4,84
11/4/2024 22:00,792,11.2,0,6.4,87
11/4/2024 23:00,519,10.9,0,6.1,91
11/5/2024 0:00,261,11.2,0,7.9,94
11/5/2024 1:00,119,11.1,0,7.6,95
11/5/2024 2:00,59,11,0,8.1,96
11/5/2024 3:00,23,10.7,0,7.5,97
11/5/2024 4:00,20,10.6,0,8,97
11/5/2024 5:00,44,10.7,0,8.6,97
11/5/2024 6:00,171,10.7,0,8.4,97
11/5/2024 7:00,465,10.8,0,7.9,97
11/5/2024 8:00,1095,10.9,0,8.1,97
11/5/2024 9:00,1805,13,0,10.4,92
11/5/2024 10:00,1156,14.9,0,8.2,87
11/5/2024 11:00,860,17.5,0,10.3,79
11/5/2024 12:00,945,19.9,0,12.5,72
11/5/2024 13:00,1189,21.7,0,14.4,66
11/5/2024 14:00,1183,22.8,0,15.8,63
11/5/2024 15:00,1398,23.4,0,17.3,61
11/5/2024 16:00,1667,23.4,0,17.3,60
11/5/2024 17:00,2082,22.9,0,14.2,61
11/5/2024 18:00,2613,21,0,11.4,66
11/5/2024 19:00,2033,19.5,0,11.8,73
11/5/2024 20:00,1628,18.5,0,11.7,78
11/5/2024 21:00,1167,18.7,0,12.8,76
11/5/2024 22:00,902,18.6,0,13.6,76
11/5/2024 23:00,899,18.8,0,14.6,74
11/6/2024 0:00,767,18.4,0,17.3,75
11/6/2024 1:00,535,17.8,0,17.9,76
11/6/2024 2:00,238,17.1,0,17.3,78
11/6/2024 3:00,67,16.5,0,16,81
11/6/2024 4:00,45,16,0,15.3,84
11/6/2024 5:00,63,15.5,0,14.5,87
11/6/2024 6:00,153,15.2,0,16.1,88
11/6/2024 7:00,429,15.2,0,16.3,89
11/6/2024 8:00,1139,15,0,14.3,90
11/6/2024 9:00,1778,17.6,0,11.3,84
11/6/2024 10:00,1154,19.6,0,11.9,77
11/6/2024 11:00,792,21.8,0,13.7,71
11/6/2024 12:00,873,23.6,0,14.1,65
11/6/2024 13:00,1084,25.1,0,14.8,59
11/6/2024 14:00,1134,26.1,0,15.4,56
11/6/2024 15:00,1247,26.6,0,15.6,55
11/6/2024 16:00,1733,26.5,0,13.9,56
11/6/2024 17:00,1930,25.5,0,11.2,61
11/6/2024 18:00,2577,23.8,0,10.5,67
11/6/2024 19:00,1998,22.2,0,11,74
11/6/2024 20:00,1379,22,0,13.9,73
11/6/2024 21:00,1083,21.9,0,11.1,76
11/6/2024 22:00,894,21,0,8.2,77
11/6/2024 23:00,658,20.4,0,8.2,79
11/7/2024 0:00,347,19.7,0,7.8,81
11/7/2024 1:00,135,18.9,0,6.4,85
11/7/2024 2:00,71,18.5,0,6.6,87
11/7/2024 3:00,29,18.2,0,7.3,89
11/7/2024 4:00,28,18.4,0,9.3,89
11/7/2024 5:00,48,18.5,0,9.3,89
11/7/2024 6:00,168,18.3,0,8.9,90
11/7/2024 7:00,477,18.1,0,7,91
11/7/2024 8:00,1229,17.6,0,6.1,92
11/7/2024 9:00,2004,20,0,8.9,84
11/7/2024 10:00,1130,22.1,0,8,77
11/7/2024 11:00,752,24.3,0,10.8,67
11/7/2024 12:00,764,25,0,13.8,61
11/7/2024 13:00,1031,25.9,0,14.4,57
11/7/2024 14:00,1011,25.9,0,15.8,56
11/7/2024 15:00,1150,25.3,0,17,56
11/7/2024 16:00,1708,24.6,0,15.6,56
11/7/2024 17:00,1960,23.3,0,12.3,58
11/7/2024 18:00,2626,21.2,0,10.2,61
11/7/2024 19:00,2145,20.3,0,12.9,61
11/7/2024 20:00,1516,19.1,0,10.5,60
11/7/2024 21:00,1191,18.7,0,9.2,63
11/7/2024 22:00,984,18,0,10.6,61
11/7/2024 23:00,738,17.8,0,8.7,58
11/8/2024 0:00,427,16.9,0,6.7,59
11/8/2024 1:00,203,15.9,0,9,60
11/8/2024 2:00,98,14.6,0,9,64
11/8/2024 3:00,49,13.9,0,9.1,66
11/8/2024 4:00,30,13.2,0,9,67
11/8/2024 5:00,34,13.9,0,8.1,64
11/8/2024 6:00,129,13.4,0,7.7,67
11/8/2024 7:00,408,11.8,0,8.2,74
11/8/2024 8:00,944,11.3,0,8.9,76
11/8/2024 9:00,1621,14.1,0,10.5,71
11/8/2024 10:00,1134,16.3,0,10.7,62
11/8/2024 11:00,944,17.6,0,15.2,53
11/8/2024 12:00,1098,18.9,0,13.6,44
11/8/2024 13:00,1271,20.1,0,14.3,34
11/8/2024 14:00,1333,20.8,0,13.8,31
11/8/2024 15:00,1423,21.1,0,14.1,31
11/8/2024 16:00,1951,21.4,0,14.2,27
11/8/2024 17:00,2139,20.6,0,11.8,29
11/8/2024 18:00,2328,18.7,0,12.2,28
11/8/2024 19:00,1830,17.5,0,14.2,30
11/8/2024 20:00,1478,17.3,0,17.3,30
11/8/2024 21:00,1140,17.2,0,16.1,32
11/8/2024 22:00,914,16.9,0,19.1,32
11/8/2024 23:00,867,16.3,0,19.1,31
11/9/2024 0:00,797,15.4,0,19.2,32
11/9/2024 1:00,482,14.2,0,20.5,41
11/9/2024 2:00,303,12.6,0,17.9,52
11/9/2024 3:00,156,11.6,0,15.6,55
11/9/2024 4:00,77,10.9,0,15.4,56
11/9/2024 5:00,51,10.4,0,15.6,55
11/9/2024 6:00,73,9.7,0,13.3,56
11/9/2024 7:00,171,8.8,0,13.4,56
11/9/2024 8:00,377,7.8,0,13.4,53
11/9/2024 9:00,699,9.1,0,16.4,47
11/9/2024 10:00,1072,9.9,0,16.4,41
11/9/2024 11:00,1386,11,0,13.6,36
11/9/2024 12:00,1611,12.2,0,9.9,33
11/9/2024 13:00,1786,13.2,0,7.4,31
11/9/2024 14:00,1922,13.9,0,5.4,29
11/9/2024 15:00,2014,14.3,0,5,29
11/9/2024 16:00,2056,14.4,0,4.5,29
11/9/2024 17:00,1827,13.7,0,1.4,42
11/9/2024 18:00,1593,11.3,0,5.8,43
11/9/2024 19:00,1194,9.4,0,8.8,51
11/9/2024 20:00,1022,8.3,0,9.9,56
11/9/2024 21:00,811,8.1,0,6.1,52
11/9/2024 22:00,756,6.5,0,8.5,64
11/9/2024 23:00,620,5.5,0,9,71
11/10/2024 0:00,598,5.6,0,8.4,71
11/10/2024 1:00,434,6,0,6.2,68
11/10/2024 2:00,310,5.6,0,6.1,67
11/10/2024 3:00,186,5.6,0,5.8,67
11/10/2024 4:00,93,4,0,9.1,81
11/10/2024 5:00,37,4.6,0,7.3,84
11/10/2024 6:00,45,5.3,0,6.3,78
11/10/2024 7:00,123,5.4,0,6,69
11/10/2024 8:00,253,5.7,0,6.4,65
11/10/2024 9:00,506,6.6,0,8.3,65
11/10/2024 10:00,813,7.8,0,9.1,65
11/10/2024 11:00,1196,9.1,0,9.2,63
11/10/2024 12:00,1367,9.6,0,7.7,65
11/10/2024 13:00,1419,10.8,0,9.2,63
11/10/2024 14:00,1405,12.1,0,12.2,62
11/10/2024 15:00,1413,12.6,0,12.8,63
11/10/2024 16:00,1612,14.1,0,15,61
11/10/2024 17:00,1444,14.1,0,15.7,64
11/10/2024 18:00,1017,13.7,0,14.3,67
11/10/2024 19:00,422,13.6,0,13.6,71
11/10/2024 20:00,318,13.4,0.5,17.1,80
11/10/2024 21:00,298,12.3,1.6,17.5,93
11/10/2024 22:00,265,12.6,1.8,21.3,93
11/10/2024 23:00,327,13.1,2,24,92
11/11/2024 0:00,235,13.4,0,22.9,92
11/11/2024 1:00,143,13.8,0.1,23.1,91
11/11/2024 2:00,57,14.1,0.2,23.1,91
11/11/2024 3:00,38,14.2,0.9,20.8,92
11/11/2024 4:00,35,14.2,3,18.8,92
11/11/2024 5:00,38,14.2,0,17.5,93
11/11/2024 6:00,105,14,0.1,16.7,94
11/11/2024 7:00,291,13.9,0,15.9,95
11/11/2024 8:00,563,13.7,0,13,95
11/11/2024 9:00,918,15.1,0,12.6,93
11/11/2024 10:00,880,16.7,0,11.2,89
11/11/2024 11:00,1060,18.2,0,9.5,85
11/11/2024 12:00,1247,20.4,0,8.9,73
11/11/2024 13:00,1528,21.8,0,10.9,62
11/11/2024 14:00,1611,22.4,0,15.1,57
11/11/2024 15:00,1747,22.9,0,15.7,51
11/11/2024 16:00,1845,22.9,0,14.1,47
11/11/2024 17:00,1945,21.5,0,8.2,51
11/11/2024 18:00,2075,17.9,0,8.4,59
11/11/2024 19:00,1593,17.6,0,13,57
11/11/2024 20:00,1170,17.2,0,13.3,57
11/11/2024 21:00,880,16.2,0,15.3,50
11/11/2024 22:00,768,15.5,0,14.6,51
11/11/2024 23:00,511,15.8,0,17.8,52
11/12/2024 0:00,279,15.5,0,16.5,55
11/12/2024 1:00,146,14.7,0,16.5,59
11/12/2024 2:00,56,13.9,0,16.3,60
11/12/2024 3:00,24,13.2,0,14.2,62
11/12/2024 4:00,20,12.5,0,15,63
11/12/2024 5:00,38,12.2,0,16.9,64
11/12/2024 6:00,173,11.4,0,17.3,66
11/12/2024 7:00,504,10.6,0,19.4,58
11/12/2024 8:00,1292,9.5,0,15.8,59
11/12/2024 9:00,2015,11,0,11.6,61
11/12/2024 10:00,1045,12.1,0,13.6,57
11/12/2024 11:00,628,13,0,20,54
11/12/2024 12:00,751,13.7,0,19.7,50
11/12/2024 13:00,910,14,0,19.1,51
11/12/2024 14:00,933,13.6,0,18.3,47
11/12/2024 15:00,999,13.2,0,18.4,45
11/12/2024 16:00,1407,12.4,0,18.1,46
11/12/2024 17:00,1773,11.5,0,16.3,48
11/12/2024 18:00,2298,10.1,0,15.5,51
11/12/2024 19:00,1836,8.9,0,14.6,54
11/12/2024 20:00,1185,8.1,0,14.1,54
11/12/2024 21:00,873,8.5,0,13.6,52
11/12/2024 22:00,757,7.8,0,14.5,49
11/12/2024 23:00,477,7,0,13,51
11/13/2024 0:00,239,6.2,0,11.7,54
11/13/2024 1:00,114,5.3,0,10,59
11/13/2024 2:00,41,4.6,0,11.2,61
11/13/2024 3:00,26,4.1,0,9.7,64
11/13/2024 4:00,12,3.5,0,9.6,67
11/13/2024 5:00,39,3,0,9.9,68
11/13/2024 6:00,150,2.5,0,9.3,70
11/13/2024 7:00,415,2,0,7.7,72
11/13/2024 8:00,1131,1.7,0,7.1,74
11/13/2024 9:00,1930,2.3,0,6.9,76
11/13/2024 10:00,1040,4.3,0,6.5,65
11/13/2024 11:00,603,5.9,0,6.5,56
11/13/2024 12:00,722,7.2,0,4.8,51
11/13/2024 13:00,872,8.2,0,4.5,47
11/13/2024 14:00,863,8.9,0,5.2,45
11/13/2024 15:00,911,9.4,0,5.8,44
11/13/2024 16:00,1346,9.5,0,5.5,44
11/13/2024 17:00,1652,8.9,0,5.5,46
11/13/2024 18:00,2187,7.2,0,5.3,56
11/13/2024 19:00,1789,6.4,0,6.4,59
11/13/2024 20:00,1295,5.4,0,4.5,67
11/13/2024 21:00,907,4.7,0,4.4,67
11/13/2024 22:00,690,4.7,0,2.4,66
11/13/2024 23:00,583,4.1,0,4.8,71
11/14/2024 0:00,308,4.2,0,5.4,73
11/14/2024 1:00,171,4.1,0,4.9,79
11/14/2024 2:00,49,4,0,3.6,83
11/14/2024 3:00,31,4.3,0,4.5,84
11/14/2024 4:00,34,4.3,0,1.5,85
11/14/2024 5:00,39,4.5,0,4.8,83
11/14/2024 6:00,130,4.5,0,5.4,77
11/14/2024 7:00,390,4.9,0,7,75
11/14/2024 8:00,1073,5,0,6.5,79
11/14/2024 9:00,1862,5.4,0,4.7,82
11/14/2024 10:00,1054,6.3,0,5.4,77
11/14/2024 11:00,675,7.2,0,7.9,73
11/14/2024 12:00,689,8.4,0,8.5,70
11/14/2024 13:00,761,8.9,0,9,69
11/14/2024 14:00,750,9.2,0,8.7,70
11/14/2024 15:00,865,9.4,0,9.1,71
11/14/2024 16:00,1294,9.6,0,6.5,75
11/14/2024 17:00,740,10.2,0.3,10.1,77
11/14/2024 18:00,910,9.7,0.9,7.6,81
11/14/2024 19:00,854,8.9,1.3,7.9,92
11/14/2024 20:00,593,8.6,1.1,9.5,94
11/14/2024 21:00,499,8.4,0.7,6.6,97
11/14/2024 22:00,502,8.4,0.8,8.4,97
11/14/2024 23:00,410,8.4,0.7,6.8,97
11/15/2024 0:00,216,8.3,0.7,6.5,97
11/15/2024 1:00,111,8.2,0.5,8.2,97
11/15/2024 2:00,70,7.9,0.5,10.6,97
11/15/2024 3:00,35,7.7,0.2,11.2,96
11/15/2024 4:00,17,7.6,0.1,10.6,96
11/15/2024 5:00,31,7.5,0.1,9.6,96
11/15/2024 6:00,136,7.4,0.3,8.4,97
11/15/2024 7:00,339,7.3,0.4,8.8,97
11/15/2024 8:00,767,7.1,0.3,8,97
11/15/2024 9:00,1410,7.2,0.1,8,95
11/15/2024 10:00,963,7.8,0,6,90
11/15/2024 11:00,757,9.1,0,6.7,85
11/15/2024 12:00,870,10.7,0,9,79
11/15/2024 13:00,1005,11.3,0,14,75
11/15/2024 14:00,1147,11.6,0,13.6,73
11/15/2024 15:00,1141,12.6,0,15.9,70
11/15/2024 16:00,1661,12.8,0,17.5,70
11/15/2024 17:00,1707,12.7,0,12.6,72
11/15/2024 18:00,1947,11.8,0,9.9,78
11/15/2024 19:00,1688,11.1,0,10.1,81
11/15/2024 20:00,1291,11,0,12,83
11/15/2024 21:00,783,10,0,12.2,89
11/15/2024 22:00,821,10.6,0,13.6,87
11/15/2024 23:00,651,10.6,0,13.9,88
11/16/2024 0:00,528,10.7,0,16.1,87
11/16/2024 1:00,513,10.7,0,17.1,85
11/16/2024 2:00,336,10.4,0,17,84
11/16/2024 3:00,201,10.1,0,16,84
11/16/2024 4:00,82,9.8,0,16.1,84
11/16/2024 5:00,40,9.7,0,16.6,84
11/16/2024 6:00,62,9.8,0,16.8,83
11/16/2024 7:00,146,9.8,0,16,83
11/16/2024 8:00,313,10.2,0,15.3,81
11/16/2024 9:00,595,11.9,0,16.2,71
11/16/2024 10:00,974,12.9,0,21.9,64
11/16/2024 11:00,1433,12.8,0,22,61
11/16/2024 12:00,1576,13.6,0,20.8,58
11/16/2024 13:00,1658,14,0,19.9,57
11/16/2024 14:00,1702,14.4,0,19.4,54
11/16/2024 15:00,1800,14.6,0,19,53
11/16/2024 16:00,2053,14.5,0,16.9,51
11/16/2024 17:00,1895,13.9,0,13.9,55
11/16/2024 18:00,1589,12.5,0,11.9,59
11/16/2024 19:00,1280,11.4,0,11,64
11/16/2024 20:00,1083,10.7,0,11.1,66
11/16/2024 21:00,788,9.9,0,11.1,67
11/16/2024 22:00,766,9.1,0,10.7,70
11/16/2024 23:00,728,8.3,0,11.3,73
11/17/2024 0:00,690,7.7,0,12.1,76
11/17/2024 1:00,453,7.1,0,11.6,78
11/17/2024 2:00,353,6.5,0,12.2,81
11/17/2024 3:00,226,6.1,0,11.9,83
11/17/2024 4:00,115,5.6,0,11.2,85
11/17/2024 5:00,49,5.2,0,10.4,87
11/17/2024 6:00,63,4.9,0,10.2,88
11/17/2024 7:00,114,4.6,0,9.7,90
11/17/2024 8:00,231,4.3,0,8.7,91
11/17/2024 9:00,474,4.3,0,8.9,90
11/17/2024 10:00,759,6.3,0,4.6,83
11/17/2024 11:00,1221,8.3,0,3.5,77
11/17/2024 12:00,1505,10.3,0,3.8,69
11/17/2024 13:00,1606,11.7,0,3.6,63
11/17/2024 14:00,1629,12.6,0,3.1,59
11/17/2024 15:00,1696,13.1,0,2.7,58
11/17/2024 16:00,1642,13.1,0,2.3,60
11/17/2024 17:00,1717,12.4,0,2.5,71
11/17/2024 18:00,1361,10.6,0,4.2,76
11/17/2024 19:00,1067,9.9,0,4.8,76
11/17/2024 20:00,839,9.6,0,5.8,75
11/17/2024 21:00,667,8.8,0,5.5,77
11/17/2024 22:00,532,8.5,0,5.1,80
11/17/2024 23:00,468,7.9,0,4.8,83
11/18/2024 0:00,244,7.5,0,4.9,86
11/18/2024 1:00,127,7.2,0,5.3,87
11/18/2024 2:00,49,6.9,0,4.9,89
11/18/2024 3:00,21,6.4,0,5.4,90
11/18/2024 4:00,11,6,0,5.1,92
11/18/2024 5:00,34,6.3,0,5.9,91
11/18/2024 6:00,128,7,0,7.8,87
11/18/2024 7:00,363,7.8,0,9.4,80
11/18/2024 8:00,986,8.2,0,9.1,77
11/18/2024 9:00,1732,8.9,0,11.8,75
11/18/2024 10:00,1024,12.2,0,12,70
11/18/2024 11:00,688,14.3,0,8.9,67
11/18/2024 12:00,791,16.1,0,10.3,64
11/18/2024 13:00,1030,17.4,0,9.9,62
11/18/2024 14:00,978,18.5,0,8.4,62
11/18/2024 15:00,1116,19.1,0,8.5,61
11/18/2024 16:00,1630,19.4,0,8.6,61
11/18/2024 17:00,1833,18.4,0,4.8,69
11/18/2024 18:00,2324,16,0,6.1,75
11/18/2024 19:00,1921,15.8,0,11.2,73
11/18/2024 20:00,1318,14.8,0,9.4,76
11/18/2024 21:00,945,14.6,0,8.4,74
11/18/2024 22:00,775,14.4,0,7.8,76
11/18/2024 23:00,524,14.4,0,6.4,77
11/19/2024 0:00,335,14.2,0,6.8,79
11/19/2024 1:00,138,13.5,0,6.1,82
11/19/2024 2:00,72,12.5,0,7.2,85
11/19/2024 3:00,40,12.3,0,7,86
11/19/2024 4:00,29,12.2,0,8.6,83
11/19/2024 5:00,31,11.4,0,8,80
11/19/2024 6:00,174,10.6,0,9.2,74
11/19/2024 7:00,433,9.7,0,9.1,72
11/19/2024 8:00,1191,9,0,9.3,72
11/19/2024 9:00,2265,10.4,0,6.6,75
11/19/2024 10:00,1150,11.6,0,4.7,71
11/19/2024 11:00,707,12.3,0,5.1,68
11/19/2024 12:00,733,12.9,0,2.6,67
11/19/2024 13:00,960,14.2,0,2.5,63
11/19/2024 14:00,845,15,0,4.2,60
11/19/2024 15:00,981,15.1,0,4.2,60
11/19/2024 16:00,1528,15.3,0,3.6,59
11/19/2024 17:00,1898,15,0,2.5,65
11/19/2024 18:00,2354,13.6,0,3.8,71
11/19/2024 19:00,1950,12.7,0,5.9,70
11/19/2024 20:00,1383,12.1,0,4.4,72
11/19/2024 21:00,994,11.8,0,5.5,72
11/19/2024 22:00,600,11.4,1.9,1.8,74
11/19/2024 23:00,493,11.3,3.4,2.3,87
11/20/2024 0:00,268,11.3,0,3.4,87
11/20/2024 1:00,137,11.4,0,3.4,88
11/20/2024 2:00,89,11.5,0,1.3,88
11/20/2024 3:00,18,10.8,6,1.3,91
11/20/2024 4:00,17,11.1,0.2,3.2,94
11/20/2024 5:00,35,10.3,0,3.5,96
11/20/2024 6:00,149,10.3,0,3.7,96
11/20/2024 7:00,408,10.1,0,3.6,95
11/20/2024 8:00,1232,10.5,0,3.1,95
11/20/2024 9:00,2113,10.9,0,1.5,92
11/20/2024 10:00,1213,12.2,0,1.2,89
11/20/2024 11:00,672,13.8,0,4,84
11/20/2024 12:00,752,15.4,0,4,77
11/20/2024 13:00,980,16.4,0,4.1,74
11/20/2024 14:00,893,16.9,0,5.5,73
11/20/2024 15:00,1082,16.7,0,5,74
11/20/2024 16:00,1495,16.8,0,5.5,74
11/20/2024 17:00,1909,16.4,0,6.3,77
11/20/2024 18:00,2530,15.6,0.1,7.1,82
11/20/2024 19:00,2134,15.1,0.2,10.9,85
11/20/2024 20:00,1403,14.3,0,7.9,90
11/20/2024 21:00,367,14.5,5.8,3.1,93
11/20/2024 22:00,290,14.2,7.1,7.6,94
11/20/2024 23:00,329,10,4.9,27.2,85
11/21/2024 0:00,188,9.4,0,28.8,70
11/21/2024 1:00,71,6.3,3.4,29.3,88
11/21/2024 2:00,36,6.7,0.5,22.3,87
11/21/2024 3:00,40,6.8,0,20,80
11/21/2024 4:00,20,6.2,0,18.6,73
11/21/2024 5:00,36,5.7,0,17.3,69
11/21/2024 6:00,155,5.3,0,14.8,69
11/21/2024 7:00,382,4.9,0,14.4,72
11/21/2024 8:00,996,4.8,0,13.7,75
11/21/2024 9:00,1901,4.9,0,9.8,79
11/21/2024 10:00,1039,6.8,0,9.1,74
11/21/2024 11:00,677,8.7,0,9.4,68
11/21/2024 12:00,660,9.2,0,14.9,58
11/21/2024 13:00,857,9.4,0.1,16.1,58
11/21/2024 14:00,888,9.4,0.1,15.1,57
11/21/2024 15:00,869,8.8,0,15.1,58
11/21/2024 16:00,1335,8.3,0,12.9,63
11/21/2024 17:00,1585,7.4,0.3,14.2,67
11/21/2024 18:00,2088,5.9,0.4,11.4,79
11/21/2024 19:00,1578,5.6,0.2,7.4,83
11/21/2024 20:00,1037,4.8,0.5,10.6,89
11/21/2024 21:00,784,5.2,0,13.6,79
11/21/2024 22:00,631,4.4,0,15.7,81
11/21/2024 23:00,583,4.5,0,17.3,77
11/22/2024 0:00,281,3.9,0,17.3,74
11/22/2024 1:00,165,3.2,0,16.8,72
11/22/2024 2:00,63,2.4,0,16.4,69
11/22/2024 3:00,52,1.7,0,17.1,68
11/22/2024 4:00,18,1.4,0,16.5,69
11/22/2024 5:00,35,1.2,0,15.8,70
11/22/2024 6:00,119,1.1,0,15.4,71
11/22/2024 7:00,335,0.8,0,15.7,72
11/22/2024 8:00,782,0.7,0,16,71
11/22/2024 9:00,1256,1.6,0,17.1,68
11/22/2024 10:00,858,3.1,0,16.6,64
11/22/2024 11:00,580,4.4,0,16.7,62
11/22/2024 12:00,393,4.7,0.1,17.5,66
11/22/2024 13:00,399,3.5,1,15.9,86
11/22/2024 14:00,427,3.3,1,18.3,86
11/22/2024 15:00,506,3.7,0.6,17.9,84
11/22/2024 16:00,721,3.4,0.8,17.4,87
11/22/2024 17:00,726,2.8,1,18.3,95
11/22/2024 18:00,718,3.2,0.7,22.3,88
11/22/2024 19:00,615,3.8,0.6,23,86
11/22/2024 20:00,420,4.5,0.7,23.3,85
11/22/2024 21:00,362,4.7,0.4,22.1,86
11/22/2024 22:00,359,5.1,0.5,22.1,87
11/22/2024 23:00,396,5.3,0.2,21,87
11/23/2024 0:00,393,5.4,0,19.9,86
11/23/2024 1:00,269,5.6,0,20.9,83
11/23/2024 2:00,191,5.9,0,22.2,79
11/23/2024 3:00,117,5.9,0,21.3,77
11/23/2024 4:00,58,5.8,0,20.5,77
11/23/2024 5:00,42,5.7,0,19.9,77
11/23/2024 6:00,51,5.3,0,20.6,77
11/23/2024 7:00,135,4.9,0,20.1,77
11/23/2024 8:00,241,4.5,0,17.7,78
11/23/2024 9:00,452,5.9,0,15.5,76
11/23/2024 10:00,837,7.3,0,14,73
11/23/2024 11:00,1053,8.9,0,17.3,69
11/23/2024 12:00,1290,10.6,0,23.3,58
11/23/2024 13:00,1406,11.4,0,27.6,53
11/23/2024 14:00,1324,11.5,0,28.7,56
11/23/2024 15:00,1524,11.3,0,29.2,60
11/23/2024 16:00,1576,11.1,0,18.1,62
11/23/2024 17:00,1505,10.9,0,18.8,63
11/23/2024 18:00,1219,10.1,0,17.5,66
11/23/2024 19:00,994,9.4,0,17.1,69
11/23/2024 20:00,918,9.1,0,17.3,70
11/23/2024 21:00,674,9.5,0,17.5,66
11/23/2024 22:00,626,9.7,0,14.6,67
11/23/2024 23:00,619,9.2,0,16,69
11/24/2024 0:00,578,9.1,0,16.3,69
11/24/2024 1:00,376,8.9,0,14.1,70
11/24/2024 2:00,243,8.4,0,14.5,71
11/24/2024 3:00,173,8.3,0,14.1,70
11/24/2024 4:00,95,7.9,0,14.6,73
11/24/2024 5:00,45,7.6,0,14.7,73
11/24/2024 6:00,62,7.6,0,16.9,72
11/24/2024 7:00,127,7.5,0,14.2,72
11/24/2024 8:00,216,7,0,12.3,74
11/24/2024 9:00,421,8.3,0,8.6,72
11/24/2024 10:00,702,8.9,0,8.3,71
11/24/2024 11:00,1003,10.1,0,9.6,67
11/24/2024 12:00,1157,11,0,11.3,64
11/24/2024 13:00,1300,11.7,0,10.4,61
11/24/2024 14:00,1341,12.3,0,8.5,60
11/24/2024 15:00,1430,12.7,0,8,59
11/24/2024 16:00,1521,12.7,0,8,60
11/24/2024 17:00,1469,11.9,0,5.8,66
11/24/2024 18:00,1204,10,0,5.6,73
11/24/2024 19:00,968,9.5,0,7.2,72
11/24/2024 20:00,739,8.4,0,6.9,73
11/24/2024 21:00,601,8,0,7.2,70
11/24/2024 22:00,470,7.2,0,7.7,73
11/24/2024 23:00,372,6.7,0,7.1,76
11/25/2024 0:00,238,5.9,0,5.7,79
11/25/2024 1:00,108,5.3,0,5.2,82
11/25/2024 2:00,45,4.9,0,3.5,84
11/25/2024 3:00,31,5.1,0,1.8,84
11/25/2024 4:00,24,4.8,0,3.2,86
11/25/2024 5:00,41,4.6,0,2,86
11/25/2024 6:00,107,4.1,0,1.3,86
11/25/2024 7:00,311,3.7,0,2.4,88
11/25/2024 8:00,766,3.5,0,1.4,88
11/25/2024 9:00,1340,2.9,0,4.5,92
11/25/2024 10:00,894,5.4,0,2.6,84
11/25/2024 11:00,602,7.5,0,1.8,76
11/25/2024 12:00,769,9.2,0,3.7,69
11/25/2024 13:00,868,10.7,0,5.3,65
11/25/2024 14:00,896,12.1,0,6,61
11/25/2024 15:00,1020,13,0,6.6,57
11/25/2024 16:00,1461,13.3,0,7.7,56
11/25/2024 17:00,1536,12.5,0,6.5,63
11/25/2024 18:00,1860,10.6,0,6.7,71
11/25/2024 19:00,1468,9.6,0,5.2,77
11/25/2024 20:00,1034,9.7,0,7.4,77
11/25/2024 21:00,790,10.3,0,6,76
11/25/2024 22:00,603,10.6,0,6.8,76
11/25/2024 23:00,492,10.5,0,7.7,76
11/26/2024 0:00,262,10.2,0.2,8.5,78
11/26/2024 1:00,146,10.6,0,9.2,77
11/26/2024 2:00,59,9.7,0,9.1,79
11/26/2024 3:00,19,9.5,0,9.3,80
11/26/2024 4:00,15,9.7,0,8.4,79
11/26/2024 5:00,37,10,0.1,7.9,79
11/26/2024 6:00,93,10.4,0,11.4,76
11/26/2024 7:00,228,10.9,1.4,19.5,80
11/26/2024 8:00,550,10.6,0,14.3,87
11/26/2024 9:00,1041,10.9,1.3,13,88
11/26/2024 10:00,816,11.8,0.1,12.5,88
11/26/2024 11:00,672,14.4,0,19.3,84
11/26/2024 12:00,813,15.8,0,20.6,66
11/26/2024 13:00,1006,16.1,0,21.5,63
11/26/2024 14:00,1053,15.5,0,19.6,56
11/26/2024 15:00,1125,14.7,0,18.9,53
11/26/2024 16:00,1550,13.8,0,18.1,53
11/26/2024 17:00,1560,12.6,0,15.1,55
11/26/2024 18:00,1755,10.8,0,11.1,59
11/26/2024 19:00,1427,9.4,0,8.4,64
11/26/2024 20:00,1014,8.3,0,9.3,67
11/26/2024 21:00,765,8,0,5,68
11/26/2024 22:00,638,7.6,0,6.2,69
11/26/2024 23:00,483,7.3,0,8.7,68
11/27/2024 0:00,266,6.9,0,10.8,68
11/27/2024 1:00,131,6.7,0,12.1,68
11/27/2024 2:00,75,6.3,0,12.7,67
11/27/2024 3:00,43,6,0,13.4,67
11/27/2024 4:00,19,5.6,0,13,68
11/27/2024 5:00,40,5.1,0,13.1,70
11/27/2024 6:00,107,4.6,0,11.2,72
11/27/2024 7:00,242,4.2,0,11.1,73
11/27/2024 8:00,408,4,0,10,73
11/27/2024 9:00,742,4.9,0,9.6,69
11/27/2024 10:00,698,7,0,9.2,69
11/27/2024 11:00,692,8.5,0,5.4,64
11/27/2024 12:00,792,10.4,0,4.3,57
11/27/2024 13:00,930,11.2,0,4.8,55
11/27/2024 14:00,1013,11,0,6.5,56
11/27/2024 15:00,1259,10.9,0,6.5,55
11/27/2024 16:00,1346,10.6,0,5,56
11/27/2024 17:00,1297,9.9,0,3.7,63
11/27/2024 18:00,1224,8,0,4.7,71
11/27/2024 19:00,938,7.3,0,4.8,72
11/27/2024 20:00,715,7.5,0,6.4,69
11/27/2024 21:00,612,8.5,0,6.5,67
11/27/2024 22:00,587,8.3,0,6.7,67
11/27/2024 23:00,464,7.9,0,8.8,66
11/28/2024 0:00,282,7.9,0,7.7,65
11/28/2024 1:00,212,7.9,0,8.9,69
11/28/2024 2:00,135,8,0.5,7.8,75
11/28/2024 3:00,74,8.3,0.2,9.7,83
11/28/2024 4:00,25,8.7,0.3,8.9,88
11/28/2024 5:00,14,9,0.5,6.6,93
11/28/2024 6:00,33,8.9,0.9,5.5,95
11/28/2024 7:00,58,9.2,1.8,5.8,95
11/28/2024 8:00,96,9.5,0.6,10.2,96
11/28/2024 9:00,159,9.4,1.1,10.3,98
11/28/2024 10:00,196,9.9,0.3,10.7,98
11/28/2024 11:00,317,10.2,0.8,12.4,97
11/28/2024 12:00,457,10.8,0,13.5,93
11/28/2024 13:00,603,10.7,0,12.2,89
11/28/2024 14:00,586,12,0,21.3,72
11/28/2024 15:00,661,12.4,0,25.4,60
11/28/2024 16:00,663,11.6,0,26,58
11/28/2024 17:00,516,10.2,0,24.7,60
11/28/2024 18:00,419,8.4,0,24.1,64
11/28/2024 19:00,306,7.8,0,21,65
11/28/2024 20:00,267,7.1,0,18,66
11/28/2024 21:00,235,7,0,13.5,69
11/28/2024 22:00,271,6.4,0,12.7,72
11/28/2024 23:00,224,5.9,0,11.4,76
11/29/2024 0:00,202,5.2,0,10,80
11/29/2024 1:00,102,4.9,0,11.6,81
11/29/2024 2:00,68,4.7,0,13.2,80
11/29/2024 3:00,21,4.4,0,13.7,79
11/29/2024 4:00,27,4,0,14.5,74
11/29/2024 5:00,33,3.6,0,14.2,69
11/29/2024 6:00,68,3.2,0,10.4,69
11/29/2024 7:00,135,2.1,0,4.9,77
11/29/2024 8:00,205,1.7,0,5.5,80
11/29/2024 9:00,267,2.8,0,9.6,76
11/29/2024 10:00,403,3.7,0,9.3,76
11/29/2024 11:00,508,4.7,0,6.9,74
11/29/2024 12:00,570,6.6,0,9.4,66
11/29/2024 13:00,700,7.3,0,15.4,59
11/29/2024 14:00,693,7.4,0.1,18.4,58
11/29/2024 15:00,733,7.1,0,13.4,52
11/29/2024 16:00,850,6.4,0,15,52
11/29/2024 17:00,741,5.2,0,18,52
11/29/2024 18:00,614,3.1,0,18.3,56
11/29/2024 19:00,477,1.6,0,18.1,57
11/29/2024 20:00,386,1,0,15.5,58
11/29/2024 21:00,329,1.2,0,14.7,56
11/29/2024 22:00,325,1,0,14,57
11/29/2024 23:00,286,0.5,0,11,61
11/30/2024 0:00,194,0.5,0,10.3,62
11/30/2024 1:00,153,-0.2,0,10.4,65
11/30/2024 2:00,84,-0.8,0,9.6,65
11/30/2024 3:00,47,-1.2,0,9.3,63
11/30/2024 4:00,35,-1.6,0,9.5,63
11/30/2024 5:00,19,-1.9,0,9.4,65
11/30/2024 6:00,47,-2,0,8.7,67
11/30/2024 7:00,97,-1.3,0,9.5,66
11/30/2024 8:00,160,-0.9,0,10.3,66
11/30/2024 9:00,252,-0.5,0,12.8,57
11/30/2024 10:00,407,0.7,0,17.9,43
11/30/2024 11:00,460,1.5,0,18,41
11/30/2024 12:00,566,1.9,0,20,42
11/30/2024 13:00,630,1.8,0,19.6,42
11/30/2024 14:00,702,1.7,0,17.8,43
11/30/2024 15:00,801,1.7,0,15.7,45
11/30/2024 16:00,859,1.4,0,13.9,47
11/30/2024 17:00,780,0.7,0,10.7,52
11/30/2024 18:00,635,-0.8,0,7.7,60
11/30/2024 19:00,558,-1.4,0,6.8,66
11/30/2024 20:00,499,-1.8,0,6.1,68
11/30/2024 21:00,322,-1.7,0,6.5,66
11/30/2024 22:00,301,-2.3,0,4.6,70
11/30/2024 23:00,315,-2.6,0,4.3,72
12/1/2024 0:00,284,-2.7,0,2.9,73
12/1/2024 1:00,181,-2.5,0,1.1,73
12/1/2024 2:00,124,-2.3,0,3.4,75
12/1/2024 3:00,75,-2.3,0,5.9,76
12/1/2024 4:00,40,-1.9,0,5,79
12/1/2024 5:00,33,-2,0,5.8,81
12/1/2024 6:00,51,-2,0,5.7,72
12/1/2024 7:00,89,-2.1,0,5.6,74
12/1/2024 8:00,135,-1.8,0,6.4,73
12/1/2024 9:00,237,-1.7,0,6.1,76
12/1/2024 10:00,423,0,0,3.6,62
12/1/2024 11:00,561,1.6,0,4.1,51
12/1/2024 12:00,695,2.9,0,3.5,45
12/1/2024 13:00,769,5.2,0,10.3,41
12/1/2024 14:00,833,5.5,0,15,42
12/1/2024 15:00,960,5.3,0,14.7,43
12/1/2024 16:00,982,5.1,0,8.7,49
12/1/2024 17:00,846,3.6,0,10.8,56
12/1/2024 18:00,702,1.5,0,8,66
12/1/2024 19:00,571,0.6,0,7.9,69
12/1/2024 20:00,510,0,0,9.8,69
12/1/2024 21:00,310,0.8,0,9.4,77
12/1/2024 22:00,335,0.2,0,10.6,76
12/1/2024 23:00,297,-0.4,0,12.1,71
12/2/2024 0:00,157,-0.5,0,11.7,65
12/2/2024 1:00,84,-0.6,0,11.1,60
12/2/2024 2:00,30,-1.5,0,11.9,61
12/2/2024 3:00,17,-2.2,0,12,62
12/2/2024 4:00,12,-2.5,0,11,62
12/2/2024 5:00,16,-2.7,0,11.1,62
12/2/2024 6:00,112,-2.9,0,11.3,61
12/2/2024 7:00,290,-3.1,0,11.2,62
12/2/2024 8:00,683,-3.3,0,11.2,62
12/2/2024 9:00,1120,-2.5,0,10.9,60
12/2/2024 10:00,699,-1,0,11.7,54
12/2/2024 11:00,443,0.5,0,13.2,50
12/2/2024 12:00,497,1.7,0,12.7,49
12/2/2024 13:00,668,2.7,0,12.1,46
12/2/2024 14:00,644,3.5,0,11.6,45
12/2/2024 15:00,683,3.8,0,12.1,43
12/2/2024 16:00,1116,3.6,0,12.6,44
12/2/2024 17:00,1156,2.8,0,9,49
12/2/2024 18:00,1426,0.8,0,8.8,57
12/2/2024 19:00,1135,0.1,0,11.2,58
12/2/2024 20:00,788,-0.2,0,13.1,59
12/2/2024 21:00,652,-0.9,0,9.8,67
12/2/2024 22:00,504,-1.3,0,10.9,68
12/2/2024 23:00,301,-1.7,0,12,67
12/3/2024 0:00,170,-1.9,0,12.7,67
12/3/2024 1:00,75,-1.9,0,13.9,66
12/3/2024 2:00,36,-2,0,13.8,66
12/3/2024 3:00,23,-2.1,0,13.6,66
12/3/2024 4:00,12,-2.2,0,14.3,67
12/3/2024 5:00,30,-2.3,0,14.8,66
12/3/2024 6:00,113,-2.4,0,14.7,66
12/3/2024 7:00,315,-2.4,0,14.7,66
12/3/2024 8:00,824,-2.3,0,14.7,65
12/3/2024 9:00,1558,-1.8,0,14.9,57
12/3/2024 10:00,868,-0.3,0,13.5,51
12/3/2024 11:00,512,1.6,0,15.7,45
12/3/2024 12:00,521,3,0,16.8,42
12/3/2024 13:00,654,4,0,16.7,40
12/3/2024 14:00,632,4.5,0,16.5,40
12/3/2024 15:00,723,4.7,0,17.1,40
12/3/2024 16:00,1177,4.2,0,15.6,42
12/3/2024 17:00,1334,3.2,0,12.9,45
12/3/2024 18:00,1622,1.3,0,11.2,50
12/3/2024 19:00,1346,0.3,0,11.6,53
12/3/2024 20:00,865,0,0,14.7,53
12/3/2024 21:00,646,-0.2,0,15.3,59
12/3/2024 22:00,576,-0.5,0,15.7,60
12/3/2024 23:00,373,-0.8,0,13.9,61
12/4/2024 0:00,188,-1.3,0,11.1,64
12/4/2024 1:00,98,-1.8,0,8.3,68
12/4/2024 2:00,38,-2.1,0,8,70
12/4/2024 3:00,18,-2.1,0,8.6,71
12/4/2024 4:00,18,-2.2,0,8.3,72
12/4/2024 5:00,28,-2.3,0,7.8,72
12/4/2024 6:00,104,-2.4,0,6.8,73
12/4/2024 7:00,304,-2.8,0,3.6,78
12/4/2024 8:00,905,-3,0,3.2,80
12/4/2024 9:00,1562,-3.3,0,6.8,70
12/4/2024 10:00,871,-1.8,0,7.7,59
12/4/2024 11:00,532,0.3,0,11.2,48
12/4/2024 12:00,542,2.2,0,15.2,42
12/4/2024 13:00,722,3.7,0,17.4,34
12/4/2024 14:00,675,4.5,0,18.7,32
12/4/2024 15:00,745,4.8,0,17.9,32
12/4/2024 16:00,1108,4.6,0,16.6,35
12/4/2024 17:00,1209,3.9,0,15.6,38
12/4/2024 18:00,1661,3.5,0,17.5,39
12/4/2024 19:00,1300,3.3,0,18.7,42
12/4/2024 20:00,955,3.2,0,19.3,43
12/4/2024 21:00,711,3.3,0,19,49
12/4/2024 22:00,616,3.8,0,19.2,51
12/4/2024 23:00,428,4.5,0,22.5,50
12/5/2024 0:00,260,4.8,0,22.4,50
12/5/2024 1:00,125,4.8,0,21.6,51
12/5/2024 2:00,44,4.7,0,21.2,52
12/5/2024 3:00,38,4.3,0,21.1,54
12/5/2024 4:00,22,4.2,0,21.6,55
12/5/2024 5:00,34,4.4,0,21.6,54
12/5/2024 6:00,120,5.1,0,19,54
12/5/2024 7:00,264,4.1,0.3,18.2,65
12/5/2024 8:00,793,3,0.5,20.2,73
12/5/2024 9:00,1424,3.2,0.2,17.1,78
12/5/2024 10:00,844,4,0.1,24.9,61
12/5/2024 11:00,499,3.1,0,31.7,29
12/5/2024 12:00,502,1.8,0,27.2,40
12/5/2024 13:00,630,1.6,0,28,43
12/5/2024 14:00,569,1.2,0,28,43
12/5/2024 15:00,631,1.7,0,29.7,40
12/5/2024 16:00,996,0.8,0,25.2,43
12/5/2024 17:00,1122,-0.1,0,20.2,45
12/5/2024 18:00,1502,-1.1,0,21.6,46
12/5/2024 19:00,1268,-2,0,24.3,48
12/5/2024 20:00,770,-2.5,0,25.2,49
12/5/2024 21:00,531,-2.5,0,21.8,50
12/5/2024 22:00,467,-2.6,0,20.6,52
12/5/2024 23:00,371,-2.6,0,21.2,55
12/6/2024 0:00,305,-2.6,0,21.8,58
12/6/2024 1:00,107,-2.5,0,21.8,61
12/6/2024 2:00,64,-2.3,0,20.7,62
12/6/2024 3:00,31,-2.2,0,20.6,63
12/6/2024 4:00,16,-2.3,0,20.1,64
12/6/2024 5:00,19,-2.3,0,19.4,65
12/6/2024 6:00,90,-2.3,0,19.1,65
12/6/2024 7:00,239,-2.4,0,18.3,65
12/6/2024 8:00,581,-2.4,0,17.3,65
12/6/2024 9:00,1043,-1.2,0,17.8,59
12/6/2024 10:00,649,-0.2,0,18.5,55
12/6/2024 11:00,500,0.8,0,25,50
12/6/2024 12:00,570,1.5,0,25.5,44
12/6/2024 13:00,681,1.6,0,23.2,48
12/6/2024 14:00,709,1.1,0,21.4,51
12/6/2024 15:00,761,0.8,0,20.6,51
12/6/2024 16:00,1091,0.9,0,19.6,50
12/6/2024 17:00,1161,0.5,0,13.1,52
12/6/2024 18:00,1264,-0.8,0,9,56
12/6/2024 19:00,1072,-1.5,0,8.9,59
12/6/2024 20:00,733,-2.1,0,8,61
12/6/2024 21:00,611,-2.3,0,8,62
12/6/2024 22:00,447,-2.6,0,6.8,65
12/6/2024 23:00,435,-2.6,0,7.9,65
12/7/2024 0:00,389,-2.7,0,7.9,65
12/7/2024 1:00,295,-2.7,0,7.8,65
12/7/2024 2:00,236,-2.7,0,8.5,64
12/7/2024 3:00,125,-2.7,0,9.8,63
12/7/2024 4:00,43,-2.8,0,10.2,61
12/7/2024 5:00,33,-2.9,0,10.4,60
12/7/2024 6:00,48,-2.9,0,9.6,60
12/7/2024 7:00,93,-3,0,8.7,60
12/7/2024 8:00,190,-2.9,0,8.1,59
12/7/2024 9:00,341,-3,0,9.3,54
12/7/2024 10:00,583,-1,0,8.2,46
12/7/2024 11:00,816,1.6,0,10.4,37
12/7/2024 12:00,968,3.3,0,13,30
12/7/2024 13:00,1007,4.4,0,12.2,27
12/7/2024 14:00,1100,4.9,0,11.2,26
12/7/2024 15:00,1151,5.2,0,8.4,30
12/7/2024 16:00,1190,4.8,0,6,36
12/7/2024 17:00,1141,3.3,0,5.5,47
12/7/2024 18:00,1047,1.7,0,6.5,51
12/7/2024 19:00,912,0.8,0,7.1,50
12/7/2024 20:00,742,0.8,0,9.6,46
12/7/2024 21:00,632,1.2,0,11.3,50
12/7/2024 22:00,514,0.5,0,12.3,53
12/7/2024 23:00,472,0.7,0,12.9,52
12/8/2024 0:00,479,0.8,0,13.9,51
12/8/2024 1:00,400,1,0,13.9,52
12/8/2024 2:00,265,1,0,14.5,52
12/8/2024 3:00,179,1.3,0,12.7,54
12/8/2024 4:00,68,1.2,0,12.3,56
12/8/2024 5:00,40,1.7,0,12.4,57
12/8/2024 6:00,51,1.8,0,12.3,59
12/8/2024 7:00,85,1.4,0,11.9,62
12/8/2024 8:00,186,1.5,0,11.5,65
12/8/2024 9:00,352,3.5,0,13.1,60
12/8/2024 10:00,565,6.2,0,12.9,58
12/8/2024 11:00,878,9.5,0,13.6,60
12/8/2024 12:00,1103,13.5,0,9.6,52
12/8/2024 13:00,1416,15.1,0,13.8,45
12/8/2024 14:00,1505,15.2,0,15.2,41
12/8/2024 15:00,1524,15.1,0,17.4,41
12/8/2024 16:00,1727,14.5,0,12.1,45
12/8/2024 17:00,1654,13.4,0,10.9,49
12/8/2024 18:00,1238,11.1,0,8.5,56
12/8/2024 19:00,1077,9.6,0,8.2,62
12/8/2024 20:00,822,8.8,0,8.4,64
12/8/2024 21:00,565,8.4,0,5.3,65
12/8/2024 22:00,534,7.8,0,3.4,66
12/8/2024 23:00,441,7.2,0,2.2,67
12/9/2024 0:00,265,6.6,0,2.9,68
12/9/2024 1:00,112,6.4,0,0.9,68
12/9/2024 2:00,58,5.2,0,4.3,75
12/9/2024 3:00,30,4.6,0,3.5,78
12/9/2024 4:00,25,4,0,3.5,81
12/9/2024 5:00,21,3.5,0,2.5,82
12/9/2024 6:00,132,3.6,0,4.7,84
12/9/2024 7:00,331,3.9,0,6.5,84
12/9/2024 8:00,830,4.8,0,8.8,82
12/9/2024 9:00,1322,5.7,0,8.2,80
12/9/2024 10:00,431,7.4,0.1,10.2,79
12/9/2024 11:00,295,8.1,0.5,12.7,82
12/9/2024 12:00,431,8.4,0.7,15.4,89
12/9/2024 13:00,586,11.4,0,23.4,83
12/9/2024 14:00,718,11.9,0,13.5,86
12/9/2024 15:00,780,12.2,0,13,85
12/9/2024 16:00,1298,12.9,0,9.4,84
12/9/2024 17:00,1452,12.7,0,10.4,84
12/9/2024 18:00,1828,11.3,0,9.8,88
12/9/2024 19:00,1577,10.6,0,9.7,91
12/9/2024 20:00,1119,10,0,8.8,93
12/9/2024 21:00,822,8.9,0,6,95
12/9/2024 22:00,638,8.6,0,6.2,95
12/9/2024 23:00,433,8.5,0,8.8,95
12/10/2024 0:00,252,8.1,0,8.2,95
12/10/2024 1:00,136,7.6,0,6,96
12/10/2024 2:00,62,6.1,0,5,98
12/10/2024 3:00,17,5.7,0,4.1,100
12/10/2024 4:00,14,5.6,0,4.7,100
12/10/2024 5:00,30,5,0,5.1,100
12/10/2024 6:00,124,4.5,0,6.2,100
12/10/2024 7:00,359,4.2,0,5.5,100
12/10/2024 8:00,976,4.1,0,5.4,100
12/10/2024 9:00,1775,5.4,0,3.8,100
12/10/2024 10:00,1007,7.3,0,2.6,97
12/10/2024 11:00,599,8.5,0,4.4,97
12/10/2024 12:00,640,9.9,0,6.7,92
12/10/2024 13:00,811,11.1,0,7.8,92
12/10/2024 14:00,694,13.7,0,9.3,80
12/10/2024 15:00,839,14.8,0,13.5,77
12/10/2024 16:00,1299,13.9,0.1,10.4,84
12/10/2024 17:00,1443,13,0,10.2,91
12/10/2024 18:00,1475,12.7,0.1,10.5,96
12/10/2024 19:00,1297,13,0.1,9.3,96
12/10/2024 20:00,1005,13.4,0.1,8.9,96
12/10/2024 21:00,743,10.2,0,9.5,99
12/10/2024 22:00,545,11.1,0.1,9.8,99
12/10/2024 23:00,364,11.9,2.9,11.9,99
12/11/2024 0:00,243,13.1,3.1,14,98
12/11/2024 1:00,103,14.2,0.8,16.5,95
12/11/2024 2:00,51,14.3,0,17.8,92
12/11/2024 3:00,19,14.1,0.1,14.8,96
12/11/2024 4:00,19,14.6,0.3,17.7,97
12/11/2024 5:00,20,15.2,0.4,20,97
12/11/2024 6:00,72,15.2,0.2,19.3,98
12/11/2024 7:00,215,15.5,0.6,21.1,97
12/11/2024 8:00,495,15.8,1.6,19.7,97
12/11/2024 9:00,926,16.2,1.7,22.6,96
12/11/2024 10:00,531,15.9,1.7,21.8,97
12/11/2024 11:00,316,15.7,1.8,14.8,96
12/11/2024 12:00,249,15.8,2.1,18.7,97
12/11/2024 13:00,384,16.7,2.2,22.6,94
12/11/2024 14:00,490,16.3,2.6,23.1,97
12/11/2024 15:00,250,14.6,3.7,23.1,97
12/11/2024 16:00,459,10.8,3.6,25.6,95
12/11/2024 17:00,437,7.3,2.9,31.9,92
12/11/2024 18:00,762,5.6,2.8,33.6,92
12/11/2024 19:00,987,4.8,1.2,32.3,88
12/11/2024 20:00,768,4.4,0.3,23.8,81
12/11/2024 21:00,588,5.5,0,24.1,64
12/11/2024 22:00,550,4.8,0,24.1,61
12/11/2024 23:00,422,3.3,0,24.6,64
12/12/2024 0:00,236,2.3,0,22.1,63
12/12/2024 1:00,94,1.6,0,18.4,64
12/12/2024 2:00,54,1.2,0,15.3,64
12/12/2024 3:00,24,0.9,0,12.9,63
12/12/2024 4:00,28,0.9,0,13.3,62
12/12/2024 5:00,25,0.7,0,11.8,64
12/12/2024 6:00,117,0.4,0,11.6,65
12/12/2024 7:00,300,0.4,0,13.4,65
12/12/2024 8:00,807,0.5,0,14.2,64
12/12/2024 9:00,1637,1.3,0,12.3,68
12/12/2024 10:00,1037,2.7,0,10.5,67
12/12/2024 11:00,651,4.4,0,13.4,57
12/12/2024 12:00,682,5.2,0,17,46
12/12/2024 13:00,740,5.7,0,19.7,37
12/12/2024 14:00,699,5.2,0,19.4,32
12/12/2024 15:00,794,4.7,0,18.4,33
12/12/2024 16:00,1201,4.2,0,16.8,34
12/12/2024 17:00,1375,3.5,0,12.7,40
12/12/2024 18:00,1668,2.1,0,10.4,44
12/12/2024 19:00,1477,1.3,0,10.9,44
12/12/2024 20:00,1012,0.7,0,11.8,43
12/12/2024 21:00,747,1.5,0,9.7,43
12/12/2024 22:00,660,0.7,0,7.5,49
12/12/2024 23:00,544,0,0,6.2,55
12/13/2024 0:00,389,-0.8,0,5.7,59
12/13/2024 1:00,157,-1.5,0,3.2,64
12/13/2024 2:00,112,-1.8,0,3.8,66
12/13/2024 3:00,33,-1.9,0,4,66
12/13/2024 4:00,23,-2.2,0,3.5,69
12/13/2024 5:00,26,-2.1,0,1.7,69
12/13/2024 6:00,107,-2.2,0,2.8,72
12/13/2024 7:00,253,-2.3,0,4.1,72
12/13/2024 8:00,647,-2.4,0,3.7,73
12/13/2024 9:00,1154,-1.7,0,5.4,62
12/13/2024 10:00,784,-0.2,0,4,54
12/13/2024 11:00,571,1.3,0,4.3,53
12/13/2024 12:00,672,2.5,0,4.6,50
12/13/2024 13:00,760,3.1,0,4.8,47
12/13/2024 14:00,801,3.7,0,4.8,46
12/13/2024 15:00,981,3.8,0,4.7,46
12/13/2024 16:00,1365,3.6,0,4.9,47
12/13/2024 17:00,1412,2.4,0,3.6,62
12/13/2024 18:00,1469,0.6,0,5.2,64
12/13/2024 19:00,1221,0.3,0,6.4,67
12/13/2024 20:00,941,-0.3,0,5.9,71
12/13/2024 21:00,638,-0.2,0,5.4,72
12/13/2024 22:00,541,-0.5,0,6.2,74
12/13/2024 23:00,503,-0.7,0,8.3,72
12/14/2024 0:00,476,-0.9,0,8.1,70
12/14/2024 1:00,358,-1.2,0,7.2,69
12/14/2024 2:00,231,-1.3,0,7.6,69
12/14/2024 3:00,152,-1.4,0,8,70
12/14/2024 4:00,72,-1.5,0,7.7,71
12/14/2024 5:00,36,-2,0,7.9,73
12/14/2024 6:00,69,-2.4,0,8.1,73
12/14/2024 7:00,112,-2.6,0,8.4,72
12/14/2024 8:00,205,-2.9,0,8.9,71
12/14/2024 9:00,353,-2.8,0,8.5,67
12/14/2024 10:00,640,-1.7,0,8.4,61
12/14/2024 11:00,864,-0.3,0,8.3,56
12/14/2024 12:00,961,0.9,0,7.8,52
12/14/2024 13:00,1137,1.8,0,7.9,51
12/14/2024 14:00,1163,2.5,0,7.1,51
12/14/2024 15:00,1192,2.9,0,7.1,52
12/14/2024 16:00,1284,2.9,0,7.8,54
12/14/2024 17:00,1128,2.4,0,6.9,60
12/14/2024 18:00,929,0.9,0,7.6,68
12/14/2024 19:00,838,0.2,0,8.7,71
12/14/2024 20:00,770,-0.2,0,8,73
12/14/2024 21:00,587,-0.5,0,8.8,77
12/14/2024 22:00,534,-0.5,0,8.9,80
12/14/2024 23:00,482,-0.6,0,8.8,82
12/15/2024 0:00,507,-0.9,0,8.8,84
12/15/2024 1:00,373,-1,0,9,84
12/15/2024 2:00,289,-1.1,0,8.8,84
12/15/2024 3:00,200,-1.1,0,8.5,83
12/15/2024 4:00,72,-1.2,0,8.1,84
12/15/2024 5:00,37,-1.1,0,7.9,84
12/15/2024 6:00,54,-1.1,0,7.3,85
12/15/2024 7:00,107,-1.2,0,8.6,85
12/15/2024 8:00,184,-1,0,10.3,84
12/15/2024 9:00,302,-0.8,0,7.3,85
12/15/2024 10:00,520,-0.3,0,6.8,85
12/15/2024 11:00,695,1.1,0,7.7,81
12/15/2024 12:00,797,2.2,0,6.7,78
12/15/2024 13:00,951,2.8,0.1,6.1,78
12/15/2024 14:00,940,3.7,0.2,6.3,77
12/15/2024 15:00,898,4.4,0,5.7,76
12/15/2024 16:00,889,4.2,0.2,6.9,79
12/15/2024 17:00,585,3.9,1.3,11,82
12/15/2024 18:00,526,3.8,0.1,8.3,84
12/15/2024 19:00,459,3.8,0,9,85
12/15/2024 20:00,342,3.5,0.8,8.8,92
12/15/2024 21:00,230,2.7,0.6,6,96
12/15/2024 22:00,141,2.8,1.6,6.2,95
12/15/2024 23:00,182,3.3,0.8,9.4,97
12/16/2024 0:00,138,3.5,0.6,9.2,97
12/16/2024 1:00,66,3.7,0.7,6.1,97
12/16/2024 2:00,32,3.5,1.3,10.4,99
12/16/2024 3:00,11,3.3,1,9.5,99
12/16/2024 4:00,13,3.4,1.5,6.2,98
12/16/2024 5:00,11,3.7,0.5,5,98
12/16/2024 6:00,63,3.8,0,7.7,98
12/16/2024 7:00,268,3.5,0,4.4,99
12/16/2024 8:00,620,3.1,0,4,99
12/16/2024 9:00,1088,3.9,0,5.8,99
12/16/2024 10:00,683,4.9,0,2.4,97
12/16/2024 11:00,433,6.2,0,1.5,94
12/16/2024 12:00,548,7.1,0,3.5,93
12/16/2024 13:00,649,8.2,0,5.1,88
12/16/2024 14:00,626,9.1,0,7.1,84
12/16/2024 15:00,684,9.4,0,6.9,82
12/16/2024 16:00,1017,10.3,0,8.6,78
12/16/2024 17:00,1171,10.2,0,3.9,82
12/16/2024 18:00,1302,9.5,0.4,8.8,85
12/16/2024 19:00,1165,8.3,0.2,5.8,91
12/16/2024 20:00,655,8.5,0,7.6,91
12/16/2024 21:00,587,7.2,1.5,9.6,96
12/16/2024 22:00,410,7.7,0.1,15.9,97
12/16/2024 23:00,320,8.3,0,19.4,95
12/17/2024 0:00,207,8.7,0,20.5,96
12/17/2024 1:00,100,9.3,0.1,22.5,96
12/17/2024 2:00,46,9.6,0,20.9,96
12/17/2024 3:00,29,9.8,0,21,96
12/17/2024 4:00,17,10,0,19.6,96
12/17/2024 5:00,28,10,0,18.4,97
12/17/2024 6:00,157,10.1,0,16.6,97
12/17/2024 7:00,346,10.2,0,13,97
12/17/2024 8:00,881,9.8,0,10.7,97
12/17/2024 9:00,1608,10.5,0,10.7,98
12/17/2024 10:00,929,11.5,0,12.2,95
12/17/2024 11:00,609,12.8,0,11.4,89
12/17/2024 12:00,666,14.1,0,7.9,87
12/17/2024 13:00,760,15.4,0,6.4,83
12/17/2024 14:00,823,17,0,4.9,77
12/17/2024 15:00,953,17.5,0,4.5,72
12/17/2024 16:00,1471,17.3,0,7.3,68
12/17/2024 17:00,1707,16.2,0,5.5,72
12/17/2024 18:00,2128,13.8,0,9.1,68
12/17/2024 19:00,1681,11.6,0,8.8,53
12/17/2024 20:00,1192,10.2,0,9.9,51
12/17/2024 21:00,924,9.3,0,5.2,89
12/17/2024 22:00,661,8.4,0,6,76
12/17/2024 23:00,457,8,0,7.2,61
12/18/2024 0:00,279,7.6,0,7.6,58
12/18/2024 1:00,111,7,0,7.8,62
12/18/2024 2:00,66,6.3,0,6.9,65
12/18/2024 3:00,45,5.8,0,8.3,67
12/18/2024 4:00,24,5.2,0,6.8,69
12/18/2024 5:00,31,4.3,0,5.3,73
12/18/2024 6:00,124,3.6,0,4.4,76
12/18/2024 7:00,319,3.2,0,3,76
12/18/2024 8:00,894,2.7,0,5.2,78
12/18/2024 9:00,1534,3,0,6.8,82
12/18/2024 10:00,964,4.9,0,5,79
12/18/2024 11:00,568,7.2,0,2.7,74
12/18/2024 12:00,722,9,0,6.1,71
12/18/2024 13:00,738,10,0,5,71
12/18/2024 14:00,798,10.7,0,4.5,70
12/18/2024 15:00,919,11.1,0,3.3,70
12/18/2024 16:00,1282,11.6,0,9.9,70
12/18/2024 17:00,1434,11.2,0.1,10.4,74
12/18/2024 18:00,1701,11.2,0,15.2,77
12/18/2024 19:00,1363,11.7,0,15.2,81
12/18/2024 20:00,636,10.5,1.8,14,91
12/18/2024 21:00,330,10.6,0.2,14.7,82
12/18/2024 22:00,303,9.4,1.6,18.8,93
12/18/2024 23:00,310,7.8,0.8,24.5,90
12/19/2024 0:00,228,6.6,0.7,23.7,90
12/19/2024 1:00,109,6,0,19.8,87
12/19/2024 2:00,75,5.5,0,19.3,83
12/19/2024 3:00,25,5,0,20.2,80
12/19/2024 4:00,22,4,0,19.9,79
12/19/2024 5:00,25,3.4,0,18,78
12/19/2024 6:00,109,2.9,0,16,77
12/19/2024 7:00,296,2.5,0,13.9,77
12/19/2024 8:00,758,2.3,0,13.2,77
12/19/2024 9:00,1417,3.7,0,7.6,77
12/19/2024 10:00,796,5,0,9.7,70
12/19/2024 11:00,570,6,0,11.2,62
12/19/2024 12:00,594,6.8,0,10.9,55
12/19/2024 13:00,736,7.4,0,9.9,52
12/19/2024 14:00,749,7.7,0,7.4,50
12/19/2024 15:00,859,7.8,0,6.1,50
12/19/2024 16:00,1262,7.6,0,4.4,51
12/19/2024 17:00,1355,7,0,3.4,58
12/19/2024 18:00,1593,5.6,0,4.4,66
12/19/2024 19:00,1348,5,0,6,68
12/19/2024 20:00,918,4,0,4.6,72
12/19/2024 21:00,631,4,0,4.8,76
12/19/2024 22:00,586,3.1,0,4.2,81
12/19/2024 23:00,471,2.7,0,5.6,82
12/20/2024 0:00,266,2.1,0,5.2,82
12/20/2024 1:00,156,1.7,0,7.1,82
12/20/2024 2:00,82,1.4,0,7.8,82
12/20/2024 3:00,39,1.1,0,8.6,83
12/20/2024 4:00,19,0.8,0,7.9,86
12/20/2024 5:00,32,0.6,0,6.9,86
12/20/2024 6:00,109,0.6,0,7.3,86
12/20/2024 7:00,273,0.8,0,8.2,84
12/20/2024 8:00,541,1.2,0,7,82
12/20/2024 9:00,967,2.1,0.1,3.5,83
12/20/2024 10:00,675,1.9,0.2,5.5,87
12/20/2024 11:00,464,3,0.2,3.1,85
12/20/2024 12:00,394,3.3,0,4.8,84
12/20/2024 13:00,567,3.7,0,5.6,83
12/20/2024 14:00,632,3.8,0.1,6.7,83
12/20/2024 15:00,782,3.8,0.1,7.8,84
12/20/2024 16:00,1123,4,0,8.1,84
12/20/2024 17:00,1083,3.9,0,9.4,85
12/20/2024 18:00,1141,3.2,0,9.4,89
12/20/2024 19:00,967,2.3,0,8.6,91
12/20/2024 20:00,806,1.9,0,10.5,91
12/20/2024 21:00,480,2.4,0.1,10.2,87
12/20/2024 22:00,457,1.8,0,9.8,90
12/20/2024 23:00,434,1.7,0,10.4,90
12/21/2024 0:00,355,1.2,0,10.9,91
12/21/2024 1:00,211,1.2,0,13.7,89
12/21/2024 2:00,165,1.2,0,16.3,86
12/21/2024 3:00,118,1.1,0,16.9,83
12/21/2024 4:00,60,0.8,0,16.7,81
12/21/2024 5:00,30,0.6,0,16.3,80
12/21/2024 6:00,65,0.5,0,18.4,77
12/21/2024 7:00,91,0,0,19.3,74
12/21/2024 8:00,188,-0.5,0,18.7,71
12/21/2024 9:00,281,1,0,16.4,64
12/21/2024 10:00,508,1.7,0,16.9,60
12/21/2024 11:00,595,1.9,0,23.1,50
12/21/2024 12:00,694,2,0,22.9,46
12/21/2024 13:00,765,2.2,0,23.1,43
12/21/2024 14:00,729,2.1,0,23,44
12/21/2024 15:00,751,1.2,0,22,47
12/21/2024 16:00,796,1,0,22.2,45
12/21/2024 17:00,752,0.7,0,19.3,44
12/21/2024 18:00,630,0,0,18.3,46
12/21/2024 19:00,529,-1,0,17.4,48
12/21/2024 20:00,442,-1.5,0,16.6,50
12/21/2024 21:00,352,-1.2,0,16.1,48
12/21/2024 22:00,308,-1.9,0,12.5,51
12/21/2024 23:00,289,-2.5,0,11.5,54
12/22/2024 0:00,242,-2.8,0,10.6,56
12/22/2024 1:00,179,-3,0,9.8,57
12/22/2024 2:00,118,-3.3,0,9.4,58
12/22/2024 3:00,66,-3.8,0,5.8,62
12/22/2024 4:00,42,-4.2,0,3.7,68
12/22/2024 5:00,31,-4,0,2.4,70
12/22/2024 6:00,39,-3.5,0,3.1,64
12/22/2024 7:00,83,-3.5,0,4.4,60
12/22/2024 8:00,130,-3.6,0,6,57
12/22/2024 9:00,216,-4.4,0,5.8,55
12/22/2024 10:00,337,-3.3,0,5.4,48
12/22/2024 11:00,433,-2.1,0,12.7,41
12/22/2024 12:00,477,-1.3,0,14.4,32
12/22/2024 13:00,560,-1,0,13.4,29
12/22/2024 14:00,596,-0.7,0,12.2,29
12/22/2024 15:00,648,-0.7,0,11.5,30
12/22/2024 16:00,653,-0.9,0,9.7,30
12/22/2024 17:00,640,-1.4,0,7.1,32
12/22/2024 18:00,490,-3.2,0,4.7,47
12/22/2024 19:00,413,-3.4,0,6,44
12/22/2024 20:00,352,-3.7,0,6.9,40
12/22/2024 21:00,261,-3.3,0,5.4,64
12/22/2024 22:00,267,-3.8,0,8.7,66
12/22/2024 23:00,207,-4.6,0,7.2,67
12/23/2024 0:00,138,-5,0,6.5,64
12/23/2024 1:00,68,-5.3,0,5.8,62
12/23/2024 2:00,31,-5.5,0,5.3,61
12/23/2024 3:00,13,-5.6,0,5,61
12/23/2024 4:00,11,-5.7,0,4.6,62
12/23/2024 5:00,15,-5.6,0,5.1,64
12/23/2024 6:00,61,-5.6,0,5.7,65
12/23/2024 7:00,136,-5.5,0,5.8,64
12/23/2024 8:00,219,-5.5,0,5.4,64
12/23/2024 9:00,309,-7.1,0,5.6,73
12/23/2024 10:00,299,-5.8,0,5,64
12/23/2024 11:00,334,-4.1,0,4.8,55
12/23/2024 12:00,430,-2.3,0,5.1,48
12/23/2024 13:00,492,-0.9,0,6.4,43
12/23/2024 14:00,573,0.3,0,6.6,39
12/23/2024 15:00,628,1,0,8.5,38
12/23/2024 16:00,713,1,0,8.6,41
12/23/2024 17:00,729,0.5,0,8.3,45
12/23/2024 18:00,627,-0.9,0,8.5,52
12/23/2024 19:00,523,-1.1,0,8.1,53
12/23/2024 20:00,364,-1.6,0,8.1,54
12/23/2024 21:00,326,-2.3,0,8.7,66
12/23/2024 22:00,247,-2.6,0,9.4,66
12/23/2024 23:00,224,-2.7,0,9.6,66
12/24/2024 0:00,167,-2.7,0,10.5,68
12/24/2024 1:00,85,-2.5,0,12.1,66
12/24/2024 2:00,45,-2.4,0,12.5,59
12/24/2024 3:00,22,-2.5,0,10.6,57
12/24/2024 4:00,11,-2.6,0,8.3,57
12/24/2024 5:00,16,-2.5,0,9,57
12/24/2024 6:00,46,-2.3,0,7.6,58
12/24/2024 7:00,97,-1.2,0,8.3,54
12/24/2024 8:00,128,-1.2,0,7.1,55
12/24/2024 9:00,161,-1.6,0.2,7.2,66
12/24/2024 10:00,191,-0.9,0.3,4.4,70
12/24/2024 11:00,280,0.3,0.1,4.2,69
12/24/2024 12:00,332,1.4,0.1,4.2,69
12/24/2024 13:00,432,2.2,0,4,70
12/24/2024 14:00,465,3.8,0,3.7,66
12/24/2024 15:00,582,5.7,0,4.9,61
12/24/2024 16:00,544,5.8,0,5.2,66
12/24/2024 17:00,559,4.3,0,3.7,76
12/24/2024 18:00,459,1.9,0,5.6,79
12/24/2024 19:00,377,1.8,0,6,82
12/24/2024 20:00,286,2.4,0,5.9,83
12/24/2024 21:00,236,3,0,4.8,82
12/24/2024 22:00,216,3.1,0,5.7,82
12/24/2024 23:00,228,3.1,0,6.1,82
12/25/2024 0:00,153,2.5,0,6.1,85
12/25/2024 1:00,87,2,0,5.7,88
12/25/2024 2:00,76,1.6,0,4.5,90
12/25/2024 3:00,46,1.2,0,4.5,91
12/25/2024 4:00,28,1.4,0,5.3,91
12/25/2024 5:00,19,1.3,0,5.4,92
12/25/2024 6:00,46,1.2,0,5.5,92
12/25/2024 7:00,61,1.4,0,6.4,92
12/25/2024 8:00,52,1.3,0,5.2,91
12/25/2024 9:00,92,2.2,0,2.4,88
12/25/2024 10:00,142,2.8,0,0.4,83
12/25/2024 11:00,206,3.8,0,0.5,77
12/25/2024 12:00,241,4.7,0,1.2,72
12/25/2024 13:00,333,5.4,0,0.7,69
12/25/2024 14:00,362,6.2,0,4.7,66
12/25/2024 15:00,447,6.7,0,6.7,64
12/25/2024 16:00,444,6.7,0,6.8,62
12/25/2024 17:00,480,6.4,0,2.4,71
12/25/2024 18:00,393,5.3,0,7.2,74
12/25/2024 19:00,304,4.9,0,5.7,75
12/25/2024 20:00,229,4.2,0,7.5,79
12/25/2024 21:00,159,2.6,0,7.1,77
12/25/2024 22:00,146,2.2,0,6,79
12/25/2024 23:00,145,1.7,0,4.6,83
12/26/2024 0:00,113,1.6,0,3.9,85
12/26/2024 1:00,52,1,0,2.2,86
12/26/2024 2:00,29,0.3,0,1.5,87
12/26/2024 3:00,17,0,0,2,89
12/26/2024 4:00,13,0,0,5.7,91
12/26/2024 5:00,12,-0.4,0,6.5,94
12/26/2024 6:00,68,-0.6,0,7.5,95
12/26/2024 7:00,135,-0.9,0,5.1,94
12/26/2024 8:00,186,-1.1,0,5.3,93
12/26/2024 9:00,218,-0.4,0,7,92
12/26/2024 10:00,299,0.8,0,5.9,88
12/26/2024 11:00,318,2.1,0,6.3,79
12/26/2024 12:00,348,3.5,0,6,71
12/26/2024 13:00,408,4.1,0,4.6,69
12/26/2024 14:00,501,4.8,0,3.1,68
12/26/2024 15:00,596,5.1,0,2.6,68
12/26/2024 16:00,710,5.2,0,2.9,68
12/26/2024 17:00,708,5,0,2.5,68
12/26/2024 18:00,655,3.8,0,2.8,78
12/26/2024 19:00,497,3.3,0,7.7,75
12/26/2024 20:00,356,2.1,0,6,76
12/26/2024 21:00,324,1.3,0,6,80
12/26/2024 22:00,252,0.6,0,4.7,82
12/26/2024 23:00,231,0.5,0,5.2,81
12/27/2024 0:00,184,0.2,0,5.1,81
12/27/2024 1:00,101,-0.3,0,4.1,84
12/27/2024 2:00,54,-0.6,0,3.3,85
12/27/2024 3:00,28,-0.7,0,3.5,86
12/27/2024 4:00,16,-0.9,0,3.3,87
12/27/2024 5:00,23,-1,0,2.2,86
12/27/2024 6:00,82,-1.1,0,3.7,86
12/27/2024 7:00,132,-1,0,4.2,85
12/27/2024 8:00,203,-0.9,0,5.4,85
12/27/2024 9:00,299,-0.5,0,3.5,90
12/27/2024 10:00,333,0.7,0,2.1,86
12/27/2024 11:00,410,2.3,0,2.9,79
12/27/2024 12:00,507,3.9,0,3.6,73
12/27/2024 13:00,629,5.1,0,3.4,72
12/27/2024 14:00,647,6.2,0,3.5,71
12/27/2024 15:00,765,7.1,0,5.6,69
12/27/2024 16:00,899,7.8,0,6.5,67
12/27/2024 17:00,894,7.7,0,5.3,70
12/27/2024 18:00,781,6.1,0,6,78
12/27/2024 19:00,615,4.8,0,4.4,84
12/27/2024 20:00,460,4.9,0,4.8,84
12/27/2024 21:00,350,5.3,0.5,9.3,82
12/27/2024 22:00,343,5.3,0.1,8.2,85
12/27/2024 23:00,272,5.2,0.7,7.7,89
12/28/2024 0:00,240,5,0.5,8.5,95
12/28/2024 1:00,124,5,0.1,7.9,96
12/28/2024 2:00,66,5.1,0.7,8.9,97
12/28/2024 3:00,40,5.2,0.5,8.3,98
12/28/2024 4:00,46,5.4,0.7,5.9,97
12/28/2024 5:00,11,5.7,1,9.3,97
12/28/2024 6:00,47,5.9,2.1,9.4,98
12/28/2024 7:00,47,5.9,2.3,4.3,98
12/28/2024 8:00,65,6.1,1.1,6.3,97
12/28/2024 9:00,102,6.1,1.5,8.5,97
12/28/2024 10:00,241,6.7,0.4,8.4,97
12/28/2024 11:00,316,7.4,0.7,9.2,96
12/28/2024 12:00,347,9.2,0,6.9,93
12/28/2024 13:00,293,10.6,0,11,89
12/28/2024 14:00,241,11,0.5,9.8,87
12/28/2024 15:00,302,10.9,0.5,12.1,90
12/28/2024 16:00,435,11.4,0,13.6,89
12/28/2024 17:00,497,11.2,0.9,15.3,91
12/28/2024 18:00,475,11,0,13.6,92
12/28/2024 19:00,411,10.7,0,12.9,94
12/28/2024 20:00,397,10.4,0,11.3,95
12/28/2024 21:00,264,10,0,11.5,98
12/28/2024 22:00,258,10.6,0,11,97
12/28/2024 23:00,294,10.7,0,9.6,97
12/29/2024 0:00,221,10.8,0,10.8,98
12/29/2024 1:00,121,10.8,0,9.2,98
12/29/2024 2:00,121,10.8,0,8.1,98
12/29/2024 3:00,88,10.7,0.1,6.6,99
12/29/2024 4:00,52,10.8,0,5.5,99
12/29/2024 5:00,36,11.2,0.3,8.1,99
12/29/2024 6:00,38,12,0.5,10.9,99
12/29/2024 7:00,61,13,0.4,13.1,98
12/29/2024 8:00,141,13.4,0,15.3,97
12/29/2024 9:00,234,13.6,0,16.6,97
12/29/2024 10:00,361,14.6,0,18.5,95
12/29/2024 11:00,538,15.9,0,19,90
12/29/2024 12:00,740,17.1,0,16.6,84
12/29/2024 13:00,997,18.6,0,18.8,75
12/29/2024 14:00,1006,19.5,0,21.7,67
12/29/2024 15:00,1039,19.8,0,19.4,66
12/29/2024 16:00,1094,19.2,0,23.1,65
12/29/2024 17:00,1045,19.1,0,22.8,64
12/29/2024 18:00,794,18.2,0,21.3,68
12/29/2024 19:00,455,17.5,0.1,21.8,74
12/29/2024 20:00,309,16.9,0.3,21.7,80
12/29/2024 21:00,304,16.1,0.3,21.7,88
12/29/2024 22:00,320,15.8,0,23.2,90
12/29/2024 23:00,302,15.7,0,21.3,91
12/30/2024 0:00,233,15,0.3,22.1,89
12/30/2024 1:00,145,14.4,0.2,18.8,89
12/30/2024 2:00,73,13.8,0,16.7,87
12/30/2024 3:00,25,13.2,0,15.6,87
12/30/2024 4:00,29,12.4,0,14,86
12/30/2024 5:00,32,11.5,0,11.7,82
12/30/2024 6:00,84,11,0,9.8,79
12/30/2024 7:00,198,10.5,0,9.6,78
12/30/2024 8:00,315,10.2,0,8.8,79
12/30/2024 9:00,542,10.8,0,12.9,73
12/30/2024 10:00,493,11.5,0,10.6,69
12/30/2024 11:00,595,12.5,0,14.9,58
12/30/2024 12:00,747,12.7,0,17,51
12/30/2024 13:00,928,13.4,0,20,47
12/30/2024 14:00,990,13.7,0,16.6,47
12/30/2024 15:00,1105,14.1,0,15.1,45
12/30/2024 16:00,1320,14.1,0,13.7,43
12/30/2024 17:00,1361,13.4,0,10.5,47
12/30/2024 18:00,1283,11.3,0,8.5,54
12/30/2024 19:00,1008,10,0,8.8,58
12/30/2024 20:00,724,8.7,0,7.2,63
12/30/2024 21:00,508,8.8,0,6.9,61
12/30/2024 22:00,482,8.3,0,7.4,61
12/30/2024 23:00,378,8.1,0,8.5,60
12/31/2024 0:00,272,7.2,0,6.5,65
12/31/2024 1:00,128,6.4,0,5.4,69
12/31/2024 2:00,103,5.5,0,4.2,72
12/31/2024 3:00,33,5.1,0,1.2,73
12/31/2024 4:00,19,4.5,0,0.4,75
12/31/2024 5:00,23,3.8,0,1.8,79
12/31/2024 6:00,88,3,0,4.3,83
12/31/2024 7:00,186,2.9,0,5.1,84
12/31/2024 8:00,277,3.3,0,6.2,82
12/31/2024 9:00,545,2.4,0,6.8,86
12/31/2024 10:00,577,4.7,0,8.8,79
12/31/2024 11:00,604,7.6,0,8,72
12/31/2024 12:00,799,10.3,0,8.9,66
12/31/2024 13:00,997,12.4,0,11.3,60
12/31/2024 14:00,1174,13.8,0,15.2,53
12/31/2024 15:00,1261,14.2,0,16.4,52
12/31/2024 16:00,1342,13.7,0,15.4,57
12/31/2024 17:00,1188,12.8,0,14.2,65
12/31/2024 18:00,578,11.6,0.3,11.1,75
12/31/2024 19:00,320,11,1.9,11.2,82
12/31/2024 20:00,436,10.4,2.4,11.3,88
12/31/2024 21:00,417,10.4,1.4,15.1,93
12/31/2024 22:00,400,10.6,0,15.4,91
12/31/2024 23:00,375,9.4,0,13.6,94
1/1/2025 0:00,310,8.8,0,11.8,93
1/1/2025 1:00,431,8.4,0,11.7,92
1/1/2025 2:00,513,8.2,0,13,91
1/1/2025 3:00,368,8.2,0,13.6,85
1/1/2025 4:00,161,7.6,0,14.3,86
1/1/2025 5:00,88,7.3,0,15.2,82
1/1/2025 6:00,65,6.9,0,15.9,81
1/1/2025 7:00,102,7,0,20.1,71
1/1/2025 8:00,112,6.6,0,23.1,64
1/1/2025 9:00,159,7.1,0,23.4,63
1/1/2025 10:00,244,7.3,0,24.9,61
1/1/2025 11:00,322,7.5,0,28.3,60
1/1/2025 12:00,506,7.6,0,25.6,57
1/1/2025 13:00,570,7.5,0,29.2,57
1/1/2025 14:00,686,7.6,0,31.6,53
1/1/2025 15:00,711,7.4,0,28.9,52
1/1/2025 16:00,757,7.2,0,25.9,51
1/1/2025 17:00,683,6.6,0,21.3,52
1/1/2025 18:00,609,5.7,0,18.8,55
1/1/2025 19:00,547,5.1,0,16.9,58
1/1/2025 20:00,415,4.7,0,15.7,58
1/1/2025 21:00,320,4.8,0,15.1,58
1/1/2025 22:00,287,4.7,0,16.2,60
1/1/2025 23:00,216,4.2,0,17.5,62
1/2/2025 0:00,148,3.5,0,22,61
1/2/2025 1:00,68,2.3,0,23.9,55
1/2/2025 2:00,31,1.6,0,18.8,55
1/2/2025 3:00,20,1.2,0,16.5,55
1/2/2025 4:00,16,0.7,0,17.5,55
1/2/2025 5:00,26,0.2,0,15.4,58
1/2/2025 6:00,98,-0.2,0,14.5,61
1/2/2025 7:00,199,-0.5,0,15.3,63
1/2/2025 8:00,466,-0.6,0,16.4,63
1/2/2025 9:00,760,1.3,0,15.9,56
1/2/2025 10:00,564,2.3,0,21.1,52
1/2/2025 11:00,369,2.8,0,19.5,51
1/2/2025 12:00,528,2.9,0,20.5,51
1/2/2025 13:00,612,3.3,0,22.4,47
1/2/2025 14:00,576,4.3,0,26.1,40
1/2/2025 15:00,714,4.3,0,24.6,44
1/2/2025 16:00,958,3.7,0,23.1,48
1/2/2025 17:00,993,3.4,0,16.8,50
1/2/2025 18:00,1153,2.5,0,13.3,55
1/2/2025 19:00,905,1.9,0,11.4,58
1/2/2025 20:00,611,1.2,0,8.9,62
1/2/2025 21:00,452,0.9,0,5.9,67
1/2/2025 22:00,419,0.4,0,5.5,69
1/2/2025 23:00,312,0.4,0,5.6,70
1/3/2025 0:00,197,0.3,0,10.5,68
1/3/2025 1:00,102,1,0,16.1,61
1/3/2025 2:00,45,0.7,0,14.8,61
1/3/2025 3:00,29,0,0,13.5,63
1/3/2025 4:00,12,-0.7,0,11.8,66
1/3/2025 5:00,21,-1.4,0,8.8,69
1/3/2025 6:00,103,-2,0,5.2,73
1/3/2025 7:00,220,-1.9,0,3.1,76
1/3/2025 8:00,430,-1.7,0,5.2,78
1/3/2025 9:00,736,-1.4,0,8.2,77
1/3/2025 10:00,525,-0.4,0,6.5,77
1/3/2025 11:00,454,1,0,7.7,74
1/3/2025 12:00,501,2.9,0,8.7,67
1/3/2025 13:00,605,4.8,0,10.4,61
1/3/2025 14:00,729,6.3,0,14.5,53
1/3/2025 15:00,746,5.6,0.1,16.5,57
1/3/2025 16:00,712,5,0.1,13.7,63
1/3/2025 17:00,582,2.8,0.7,19.6,79
1/3/2025 18:00,575,2.8,0.1,18.7,72
1/3/2025 19:00,611,1.8,0,23.4,59
1/3/2025 20:00,489,0.3,0,21,58
1/3/2025 21:00,301,-0.5,0,20.9,59
1/3/2025 22:00,280,-1.1,0,22.2,56
1/3/2025 23:00,251,-1.8,0,21.7,56
1/4/2025 0:00,275,-2.2,0,22.2,58
1/4/2025 1:00,139,-2.3,0,22.8,59
1/4/2025 2:00,74,-2.7,0,22.9,60
1/4/2025 3:00,49,-2.8,0,22.1,59
1/4/2025 4:00,30,-3.3,0,19.4,61
1/4/2025 5:00,27,-3.4,0,17.9,62
1/4/2025 6:00,45,-3.4,0,17.6,62
1/4/2025 7:00,70,-3.3,0,16.8,62
1/4/2025 8:00,141,-3.3,0,18.1,61
1/4/2025 9:00,231,-2.5,0,20.5,54
1/4/2025 10:00,439,-2.2,0,24.4,50
1/4/2025 11:00,502,-1.9,0,26.9,49
1/4/2025 12:00,595,-1.7,0,24.5,49
1/4/2025 13:00,580,-1.8,0,24.4,47
1/4/2025 14:00,657,-1.6,0,24.9,45
1/4/2025 15:00,654,-1.7,0,24,44
1/4/2025 16:00,714,-1.8,0,23.4,45
1/4/2025 17:00,653,-2.1,0,22.5,45
1/4/2025 18:00,570,-2.4,0,18.3,47
1/4/2025 19:00,487,-3,0,16,51
1/4/2025 20:00,375,-3.5,0,15.4,53
1/4/2025 21:00,294,-3.7,0,15,53
1/4/2025 22:00,320,-3.9,0,15.2,55
1/4/2025 23:00,279,-4.1,0,15.4,56
1/5/2025 0:00,240,-4.3,0,15.4,57
1/5/2025 1:00,151,-4.5,0,13.2,58
1/5/2025 2:00,75,-4.6,0,11.8,60
1/5/2025 3:00,56,-4.7,0,11.8,60
1/5/2025 4:00,49,-4.8,0,12.3,59
1/5/2025 5:00,23,-5,0,12.5,58
1/5/2025 6:00,37,-5.2,0,14.2,57
1/5/2025 7:00,74,-5.3,0,15.8,53
1/5/2025 8:00,117,-5.4,0,16.6,52
1/5/2025 9:00,242,-4.8,0,11.1,49
1/5/2025 10:00,334,-3.6,0,9.3,45
1/5/2025 11:00,502,-2.4,0,14.6,38
1/5/2025 12:00,521,-1.6,0,16.1,35
1/5/2025 13:00,682,-0.9,0,16.9,31
1/5/2025 14:00,682,-0.2,0,16.7,28
1/5/2025 15:00,686,0.6,0,15.6,26
1/5/2025 16:00,789,0.7,0,14,25
1/5/2025 17:00,792,0.5,0,12.1,29
1/5/2025 18:00,618,-0.1,0,11.6,32
1/5/2025 19:00,531,-0.3,0,9.6,35
1/5/2025 20:00,461,-0.8,0,9.3,37
1/5/2025 21:00,343,-0.5,0,4.3,38
1/5/2025 22:00,278,-0.7,0,3.9,38
1/5/2025 23:00,221,-0.6,0,3.6,39
1/6/2025 0:00,160,-1,0.2,4.3,44
1/6/2025 1:00,78,-1.6,0.5,0.4,54
1/6/2025 2:00,28,-2.3,0.7,1.3,72
1/6/2025 3:00,14,-2.6,0.8,1.9,79
1/6/2025 4:00,14,-3,1.1,5.5,86
1/6/2025 5:00,9,-3.2,1.7,5.6,90
1/6/2025 6:00,23,-3.4,2,7.9,92
1/6/2025 7:00,26,-3.7,1.7,9.9,93
1/6/2025 8:00,50,-3.6,1.4,8.4,93
1/6/2025 9:00,55,-3.4,1.7,10.9,96
1/6/2025 10:00,32,-3,1.7,11.2,95
1/6/2025 11:00,65,-2.8,1.3,13.1,94
1/6/2025 12:00,58,-2.8,2,12.3,93
1/6/2025 13:00,92,-2.8,0.9,12.2,92
1/6/2025 14:00,139,-2.5,0.2,12.7,90
1/6/2025 15:00,170,-2.4,0.1,12.6,90
1/6/2025 16:00,167,-2.4,0.2,11.8,89
1/6/2025 17:00,154,-2.6,0.2,12.7,90
1/6/2025 18:00,181,-2.6,0.1,11.9,89
1/6/2025 19:00,140,-2.7,0.1,13.2,89
1/6/2025 20:00,99,-2.8,0.1,13.8,88
1/6/2025 21:00,76,-2.3,1,18.8,89
1/6/2025 22:00,84,-2.1,1.5,19.7,88
1/6/2025 23:00,61,-1.9,0.4,17.6,88
1/7/2025 0:00,35,-2.6,0.1,21.7,80
1/7/2025 1:00,22,-4,0,19.2,79
1/7/2025 2:00,8,-4.5,0,21.4,77
1/7/2025 3:00,4,-5.8,0,19.3,78
1/7/2025 4:00,8,-6.5,0,21.3,77
1/7/2025 5:00,2,-6.8,0,21,78
1/7/2025 6:00,22,-6.9,0,23.8,79
1/7/2025 7:00,45,-7,0,24.1,77
1/7/2025 8:00,70,-7.4,0,19,77
1/7/2025 9:00,126,-5.7,0,19.9,73
1/7/2025 10:00,105,-4.9,0,20,73
1/7/2025 11:00,104,-4,0,19.3,71
1/7/2025 12:00,132,-3.2,0,17,72
1/7/2025 13:00,173,-2.5,0,17,73
1/7/2025 14:00,211,-1.6,0,22.6,72
1/7/2025 15:00,273,-1.3,0,18,71
1/7/2025 16:00,336,-1.2,0,18.8,72
1/7/2025 17:00,312,-1.4,0,18.7,75
1/7/2025 18:00,356,-1.6,0,21.7,77
1/7/2025 19:00,328,-1.8,0,23.7,76
1/7/2025 20:00,245,-2.5,0,23.8,75
1/7/2025 21:00,176,-2,0,23.7,72
1/7/2025 22:00,149,-2.6,0,25.9,71
1/7/2025 23:00,133,-3.4,0,27.1,70
1/8/2025 0:00,99,-4.2,0,26.4,71
1/8/2025 1:00,58,-4.7,0,24.3,71
1/8/2025 2:00,20,-5,0,23.2,71
1/8/2025 3:00,10,-5,0,21.4,72
1/8/2025 4:00,8,-5,0,19.4,72
1/8/2025 5:00,15,-5.2,0,18,73
1/8/2025 6:00,80,-4.9,0,16,75
1/8/2025 7:00,136,-4.7,0,14.5,77
1/8/2025 8:00,248,-4.7,0,14.1,78
1/8/2025 9:00,482,-4.2,0,15,75
1/8/2025 10:00,302,-3.7,0,15.7,74
1/8/2025 11:00,202,-3.1,0,17.7,71
1/8/2025 12:00,224,-2.9,0,19.3,73
1/8/2025 13:00,238,-2.8,0,19.6,72
1/8/2025 14:00,324,-2.6,0,17.8,72
1/8/2025 15:00,333,-2.5,0,18,72
1/8/2025 16:00,480,-2.5,0,15.7,71
1/8/2025 17:00,502,-2.8,0,16.7,69
1/8/2025 18:00,584,-3.5,0,18.1,69
1/8/2025 19:00,528,-4.1,0,19.1,72
1/8/2025 20:00,308,-4.9,0,21.9,69
1/8/2025 21:00,240,-4.5,0,20,65
1/8/2025 22:00,203,-5.3,0,23.3,63
1/8/2025 23:00,192,-6.1,0,24.1,63
1/9/2025 0:00,123,-6.4,0,25.1,62
1/9/2025 1:00,52,-7,0,24.3,63
1/9/2025 2:00,27,-7.4,0,23,64
1/9/2025 3:00,13,-7.8,0,20.2,66
1/9/2025 4:00,13,-8,0,20.5,69
1/9/2025 5:00,22,-7.8,0,20.8,70
1/9/2025 6:00,77,-7.7,0,21.8,71
1/9/2025 7:00,138,-7.4,0,22.1,71
1/9/2025 8:00,233,-7.5,0,22.6,70
1/9/2025 9:00,463,-6.4,0,26,64
1/9/2025 10:00,329,-6.3,0,27.4,63
1/9/2025 11:00,250,-6,0,27.5,62
1/9/2025 12:00,241,-5.4,0,26.8,63
1/9/2025 13:00,295,-4.6,0,25.7,61
1/9/2025 14:00,313,-4,0,26.1,61
1/9/2025 15:00,357,-3.6,0,25.9,61
1/9/2025 16:00,560,-3.4,0,24,61
1/9/2025 17:00,533,-3.7,0,23.7,61
1/9/2025 18:00,606,-4.2,0,23.5,63
1/9/2025 19:00,512,-4.8,0,24.2,66
1/9/2025 20:00,395,-5.3,0,24.3,69
1/9/2025 21:00,260,-4.1,0,26.1,62
1/9/2025 22:00,195,-4.8,0,25.9,65
1/9/2025 23:00,188,-5.4,0,25.8,67
1/10/2025 0:00,129,-5.6,0,26.2,67
1/10/2025 1:00,57,-6,0,24.2,67
1/10/2025 2:00,29,-6.2,0,23.9,68
1/10/2025 3:00,22,-6.5,0,22.7,68
1/10/2025 4:00,15,-6.8,0,20.8,69
1/10/2025 5:00,15,-7.1,0,21.7,69
1/10/2025 6:00,67,-7.1,0,21.7,67
1/10/2025 7:00,130,-7.4,0,19.2,66
1/10/2025 8:00,311,-7.7,0,18,65
1/10/2025 9:00,533,-7.1,0,17.6,64
1/10/2025 10:00,349,-6.5,0,16.9,63
1/10/2025 11:00,258,-5.2,0,10.7,63
1/10/2025 12:00,310,-4,0,9.1,60
1/10/2025 13:00,341,-2.8,0,8.9,57
1/10/2025 14:00,373,-2,0,8.1,55
1/10/2025 15:00,479,-1.5,0,5.4,54
1/10/2025 16:00,706,-1.2,0,6.7,55
1/10/2025 17:00,719,-1.7,0,3.3,62
1/10/2025 18:00,671,-1.9,0,4.8,62
1/10/2025 19:00,571,-2.4,0,5.7,69
1/10/2025 20:00,467,-2,0,1.5,71
1/10/2025 21:00,319,-2,0,1.9,70
1/10/2025 22:00,253,-1.9,0,4.8,67
1/10/2025 23:00,246,-1.9,0,7.3,69
1/11/2025 0:00,271,-2.2,0.4,8.8,75
1/11/2025 1:00,109,-2.7,1,8.5,85
1/11/2025 2:00,69,-2.9,0.9,8.3,91
1/11/2025 3:00,47,-2.9,0.8,7.6,93
1/11/2025 4:00,18,-2.7,0.4,7.3,94
1/11/2025 5:00,14,-2.7,0.2,3.3,94
1/11/2025 6:00,22,-2.6,0.1,3.2,94
1/11/2025 7:00,51,-3.2,0,4.2,95
1/11/2025 8:00,64,-4.2,0,6.4,95
1/11/2025 9:00,141,-3.3,0,12,93
1/11/2025 10:00,237,-3.3,0,14.8,87
1/11/2025 11:00,287,-2.6,0,14.5,82
1/11/2025 12:00,371,-1.8,0,15.4,76
1/11/2025 13:00,415,-1.3,0,17.3,73
1/11/2025 14:00,463,-0.9,0,21.5,71
1/11/2025 15:00,482,-0.4,0,21.5,69
1/11/2025 16:00,573,-0.4,0,19.7,69
1/11/2025 17:00,581,-1,0,19.1,70
1/11/2025 18:00,475,-1.7,0,18.8,72
1/11/2025 19:00,419,-2.4,0,19.3,74
1/11/2025 20:00,389,-2.8,0,17.6,75
1/11/2025 21:00,308,-2.3,0,15.2,74
1/11/2025 22:00,265,-2.5,0,15.2,77
1/11/2025 23:00,243,-2.7,0,15.7,79
1/12/2025 0:00,230,-2.5,0,17.8,79
1/12/2025 1:00,192,-2.5,0,18.1,78
1/12/2025 2:00,99,-2.7,0,16.5,79
1/12/2025 3:00,57,-3,0,13.8,80
1/12/2025 4:00,39,-3.7,0,8.9,82
1/12/2025 5:00,27,-4.5,0,9.3,84
1/12/2025 6:00,32,-4.8,0,10,85
1/12/2025 7:00,60,-4.7,0,9.9,86
1/12/2025 8:00,82,-5,0,7.8,86
1/12/2025 9:00,180,-4.4,0,8.5,82
1/12/2025 10:00,291,-3.2,0,9.5,81
1/12/2025 11:00,479,-1.3,0,10.3,79
1/12/2025 12:00,564,0.1,0,9.3,75
1/12/2025 13:00,619,1.1,0,9.6,71
1/12/2025 14:00,637,1.5,0,8.4,68
1/12/2025 15:00,627,1.7,0,6.4,66
1/12/2025 16:00,717,1.4,0,4.3,67
1/12/2025 17:00,777,0.1,0,2.8,66
1/12/2025 18:00,585,-1.9,0,3.3,68
1/12/2025 19:00,479,-3.5,0,6.1,72
1/12/2025 20:00,409,-4,0,6.6,73
1/12/2025 21:00,310,-1.5,0,7.2,71
1/12/2025 22:00,250,-2.8,0,7,73
1/12/2025 23:00,199,-3,0,8.5,75
1/13/2025 0:00,162,-3.4,0,8.6,77
1/13/2025 1:00,49,-3.9,0,8.1,78
1/13/2025 2:00,29,-2.5,0,9.3,78
1/13/2025 3:00,21,-2.3,0,8.9,80
1/13/2025 4:00,17,-2.2,0,6.9,81
1/13/2025 5:00,20,-4.2,0,6.5,83
1/13/2025 6:00,103,-5.9,0,5.9,86
1/13/2025 7:00,205,-6.5,0,5.9,86
1/13/2025 8:00,513,-6.6,0,6,86
1/13/2025 9:00,942,-5.4,0,5.8,82
1/13/2025 10:00,503,-3.5,0,5.2,78
1/13/2025 11:00,355,-0.8,0,3.9,70
1/13/2025 12:00,388,1,0,5.1,69
1/13/2025 13:00,544,2.2,0,3.5,70
1/13/2025 14:00,504,3.8,0,4.1,61
1/13/2025 15:00,591,4.5,0,4.4,61
1/13/2025 16:00,863,5.1,0,9.9,61
1/13/2025 17:00,982,4.4,0,11.3,63
1/13/2025 18:00,1255,2.4,0,8.5,70
1/13/2025 19:00,1040,0.3,0,7.6,76
1/13/2025 20:00,662,-0.4,0,7.8,77
1/13/2025 21:00,480,0.4,0,9.1,72
1/13/2025 22:00,403,-0.7,0,7.6,73
1/13/2025 23:00,310,-1.8,0,7.3,75
1/14/2025 0:00,144,-0.8,0,11.6,72
1/14/2025 1:00,58,0,0,17.2,63
1/14/2025 2:00,34,-1,0,14.7,62
1/14/2025 3:00,18,-2.2,0,14.3,62
1/14/2025 4:00,3,-3.6,0,13,62
1/14/2025 5:00,19,-4.7,0,11.8,61
1/14/2025 6:00,109,-5.5,0,12.7,60
1/14/2025 7:00,246,-6,0,14.4,60
1/14/2025 8:00,570,-6.7,0,15.2,61
1/14/2025 9:00,1254,-4.9,0,15.6,55
1/14/2025 10:00,677,-4.6,0,17.4,54
1/14/2025 11:00,402,-4.5,0,16,52
1/14/2025 12:00,362,-3.8,0,13,50
1/14/2025 13:00,466,-2.9,0,12,47
1/14/2025 14:00,491,-2,0,12.6,43
1/14/2025 15:00,521,-1.5,0,10.7,42
1/14/2025 16:00,849,-1.3,0,6.9,43
1/14/2025 17:00,1051,-2,0,4.2,48
1/14/2025 18:00,1293,-3.5,0,2.2,47
1/14/2025 19:00,1126,-2.8,0,4.9,54
1/14/2025 20:00,716,-2.2,0,6.5,56
1/14/2025 21:00,489,-1.5,0,13.1,56
1/14/2025 22:00,400,-1.8,0,18,60
1/14/2025 23:00,235,-2.6,0.1,16.3,64
1/15/2025 0:00,129,-3.3,0,19.9,62
1/15/2025 1:00,51,-4.7,0,19.3,61
1/15/2025 2:00,25,-5.9,0,19.5,65
1/15/2025 3:00,4,-6.5,0,17.5,66
1/15/2025 4:00,6,-7,0,16.6,67
1/15/2025 5:00,17,-7.3,0,17.9,67
1/15/2025 6:00,97,-7.6,0,16.6,66
1/15/2025 7:00,238,-7.9,0,15.8,66
1/15/2025 8:00,618,-8.3,0,15.3,67
1/15/2025 9:00,1107,-7.5,0,14.3,65
1/15/2025 10:00,620,-6.8,0,12.8,65
1/15/2025 11:00,357,-5.9,0,16.6,62
1/15/2025 12:00,388,-5.1,0,17,60
1/15/2025 13:00,452,-4.3,0,16.5,58
1/15/2025 14:00,514,-3.4,0,15.9,56
1/15/2025 15:00,526,-2.9,0,16.5,55
1/15/2025 16:00,739,-2.6,0,16.9,54
1/15/2025 17:00,819,-2.9,0,15.9,56
1/15/2025 18:00,1143,-4,0,15.1,60
1/15/2025 19:00,976,-4.8,0,14.8,62
1/15/2025 20:00,682,-5.3,0,14.3,63
1/15/2025 21:00,453,-5.3,0,9.5,65
1/15/2025 22:00,375,-5.9,0,10.1,67
1/15/2025 23:00,246,-6.3,0,9.7,68
1/16/2025 0:00,122,-7.4,0,6.6,71
1/16/2025 1:00,51,-8.3,0,6.6,73
1/16/2025 2:00,29,-9.1,0,6.3,74
1/16/2025 3:00,10,-9.9,0,6.2,75
1/16/2025 4:00,20,-10.1,0,6,75
1/16/2025 5:00,23,-10.2,0,2.7,73
1/16/2025 6:00,85,-10.5,0,1.6,75
1/16/2025 7:00,212,-11,0,2.1,77
1/16/2025 8:00,498,-11.4,0,4.5,78
1/16/2025 9:00,999,-8.6,0,6.6,77
1/16/2025 10:00,653,-7.2,0,8.4,76
1/16/2025 11:00,355,-5.9,0.1,9,78
1/16/2025 12:00,335,-4.5,0.1,10.7,75
1/16/2025 13:00,386,-3.4,0.1,9.9,72
1/16/2025 14:00,397,-2.2,0.1,8.8,69
1/16/2025 15:00,518,-1.2,0.1,8.5,67
1/16/2025 16:00,815,-0.2,0,7.7,65
1/16/2025 17:00,897,-0.2,0,5.1,68
1/16/2025 18:00,1178,-1.6,0,6.1,68
1/16/2025 19:00,941,-0.8,0,4.9,68
1/16/2025 20:00,579,0,0,4.5,69
1/16/2025 21:00,359,-0.4,0,5.4,78
1/16/2025 22:00,318,-0.5,0,5.2,79
1/16/2025 23:00,287,-2.6,0,6.8,83
1/17/2025 0:00,195,-1,0,10.2,84
1/17/2025 1:00,72,-1.2,0,11.8,85
1/17/2025 2:00,50,-0.5,0,16.6,76
1/17/2025 3:00,27,-1,0,17.7,75
1/17/2025 4:00,16,-1.4,0,15.1,76
1/17/2025 5:00,18,-1.7,0,11.3,77
1/17/2025 6:00,87,-3.8,0,5.4,81
1/17/2025 7:00,206,-4.5,0,6.4,84
1/17/2025 8:00,423,-3.9,0,6.3,84
1/17/2025 9:00,677,-1.1,0,7,78
1/17/2025 10:00,542,0.4,0,6.2,77
1/17/2025 11:00,430,2.2,0,9.4,66
1/17/2025 12:00,437,2.8,0,5.8,63
1/17/2025 13:00,594,3.5,0,7.7,53
1/17/2025 14:00,639,4,0,7.1,51
1/17/2025 15:00,733,3.9,0,4.7,52
1/17/2025 16:00,914,3.5,0,2.8,57
1/17/2025 17:00,977,2.7,0,4.4,61
1/17/2025 18:00,1072,0.7,0,3.8,64
1/17/2025 19:00,937,-1.2,0,7,71
1/17/2025 20:00,637,-1.1,0,7.1,75
1/17/2025 21:00,454,-0.1,0,10,71
1/17/2025 22:00,399,-0.4,0,10.8,74
1/17/2025 23:00,348,-0.9,0,11.1,79
1/18/2025 0:00,299,-1.1,0,12.5,80
1/18/2025 1:00,178,-0.9,0,13.4,81
1/18/2025 2:00,147,-0.6,0,13.9,81
1/18/2025 3:00,82,-0.6,0,14,82
1/18/2025 4:00,52,-0.8,0,12.8,83
1/18/2025 5:00,28,-0.5,0,11.7,84
1/18/2025 6:00,58,-0.8,0,9.9,85
1/18/2025 7:00,90,-0.2,0,12.1,84
1/18/2025 8:00,163,0.4,0,13.9,83
1/18/2025 9:00,237,1.1,0,13.7,83
1/18/2025 10:00,421,1.5,0.2,11.2,84
1/18/2025 11:00,582,2,0,10.1,84
1/18/2025 12:00,571,2.6,0,11.3,81
1/18/2025 13:00,726,3.5,0,8,80
1/18/2025 14:00,731,4.3,0,15.5,77
1/18/2025 15:00,750,4.2,0.7,14.1,81
1/18/2025 16:00,882,4.4,0,7.4,86
1/18/2025 17:00,822,5.9,0,11.3,78
1/18/2025 18:00,798,4.9,0,9.3,81
1/18/2025 19:00,659,4,0,9,83
1/18/2025 20:00,620,3.9,0,7.3,86
1/18/2025 21:00,443,1.7,0,4.8,86
1/18/2025 22:00,354,1.1,0,5.1,88
1/18/2025 23:00,310,1,0,6.4,89
1/19/2025 0:00,442,1.7,0,7.2,88
1/19/2025 1:00,300,2.7,0,8,87
1/19/2025 2:00,169,2.5,0,8.5,88
1/19/2025 3:00,104,1.8,0,9.7,89
1/19/2025 4:00,58,1.3,0,10.1,91
1/19/2025 5:00,34,1.2,0,9.3,92
1/19/2025 6:00,36,1.3,0,9.6,92
1/19/2025 7:00,86,1.8,0,10.3,92
1/19/2025 8:00,125,1.9,0,9,91
1/19/2025 9:00,242,2.9,0.2,8.6,89
1/19/2025 10:00,305,3,0.2,8.1,89
1/19/2025 11:00,275,2.4,0.4,7.8,95
1/19/2025 12:00,406,2.5,0.2,9.9,96
1/19/2025 13:00,475,2.5,0.2,11.8,96
1/19/2025 14:00,450,2,0.5,12.1,99
1/19/2025 15:00,350,1.7,0.4,11.5,99
1/19/2025 16:00,296,1.2,1.3,14.8,99
1/19/2025 17:00,211,0,2.1,23.7,93
1/19/2025 18:00,197,-2,0.7,17.9,89
1/19/2025 19:00,206,-2.1,0.3,18.8,88
1/19/2025 20:00,229,-2.3,0.2,20.4,88
1/19/2025 21:00,195,-1.5,0,20.5,86
1/19/2025 22:00,192,-2.4,0,20.4,85
1/19/2025 23:00,170,-2.8,0,20.6,82
1/20/2025 0:00,144,-3.3,0,21.5,78
1/20/2025 1:00,108,-4.4,0,20.9,76
1/20/2025 2:00,32,-5.1,0,18.5,75
1/20/2025 3:00,21,-5.6,0,14.7,75
1/20/2025 4:00,13,-6.2,0,12.4,79
1/20/2025 5:00,19,-6.5,0,11.4,81
1/20/2025 6:00,48,-6.5,0,11.6,80
1/20/2025 7:00,74,-6.7,0,12.4,80
1/20/2025 8:00,121,-7.1,0,12.9,78
1/20/2025 9:00,173,-6,0,16.8,72
1/20/2025 10:00,211,-5.4,0,15.9,71
1/20/2025 11:00,284,-4.5,0,14.9,66
1/20/2025 12:00,399,-4.4,0,20.5,60
1/20/2025 13:00,353,-4.6,0,19.1,60
1/20/2025 14:00,446,-5,0.1,17.8,61
1/20/2025 15:00,501,-5.5,0,18.4,58
1/20/2025 16:00,503,-6.4,0,18.8,54
1/20/2025 17:00,504,-7.4,0,15.7,54
1/20/2025 18:00,447,-8.5,0,12.2,58
1/20/2025 19:00,378,-9.7,0,9.9,63
1/20/2025 20:00,290,-10.6,0,9.7,65
1/20/2025 21:00,211,-9.6,0,10.4,60
1/20/2025 22:00,165,-10.2,0,9.2,61
1/20/2025 23:00,153,-10.8,0,8.9,62
1/21/2025 0:00,137,-11.1,0,10.5,63
1/21/2025 1:00,79,-11.5,0,11.1,64
1/21/2025 2:00,26,-11.4,0,11.8,64
1/21/2025 3:00,18,-11.5,0,11.6,64
1/21/2025 4:00,10,-11.7,0,8.8,65
1/21/2025 5:00,22,-12.1,0,7.7,67
1/21/2025 6:00,81,-12.4,0,8.5,68
1/21/2025 7:00,167,-12.6,0,7.1,68
1/21/2025 8:00,410,-12.8,0,7.6,68
1/21/2025 9:00,756,-12.5,0,5.9,67
1/21/2025 10:00,461,-10.7,0,5.3,60
1/21/2025 11:00,281,-9.6,0,5.9,52
1/21/2025 12:00,281,-8.7,0,6.2,48
1/21/2025 13:00,303,-7.9,0,5.9,46
1/21/2025 14:00,301,-7.5,0,5.2,45
1/21/2025 15:00,364,-7.1,0,3.8,43
1/21/2025 16:00,539,-6.9,0,2.9,43
1/21/2025 17:00,561,-7.1,0,3.6,47
1/21/2025 18:00,834,-7.4,0.1,1.9,55
1/21/2025 19:00,662,-7.5,0.1,0.7,57
1/21/2025 20:00,482,-7.8,0.1,1.3,61
1/21/2025 21:00,314,-8.1,0.1,2.7,63
1/21/2025 22:00,263,-8.4,0.1,2,68
1/21/2025 23:00,163,-8.4,0,0.7,65
1/22/2025 0:00,105,-9.5,0,2.5,67
1/22/2025 1:00,38,-9.5,0,3.1,70
1/22/2025 2:00,9,-9.4,0,4.7,70
1/22/2025 3:00,9,-11.4,0,4.8,73
1/22/2025 4:00,12,-10.4,0,12,70
1/22/2025 5:00,12,-11.4,0,12.3,72
1/22/2025 6:00,85,-12.3,0,12.8,73
1/22/2025 7:00,162,-13.1,0,12.2,73
1/22/2025 8:00,452,-13.7,0,14.1,73
1/22/2025 9:00,816,-13,0,10,67
1/22/2025 10:00,470,-11.9,0,8.7,62
1/22/2025 11:00,278,-10.9,0,8.7,54
1/22/2025 12:00,314,-10.2,0,7.4,48
1/22/2025 13:00,345,-9.6,0,5.7,45
1/22/2025 14:00,400,-9,0,5.6,44
1/22/2025 15:00,361,-8.4,0,6.4,43
1/22/2025 16:00,624,-8.2,0,5.9,42
1/22/2025 17:00,641,-8.4,0,3.1,46
1/22/2025 18:00,893,-9.8,0,1.2,45
1/22/2025 19:00,724,-9.8,0,1.3,47
1/22/2025 20:00,475,-11,0,1.2,47
1/22/2025 21:00,340,-10.8,0,3.5,48
1/22/2025 22:00,278,-11.3,0,2.3,48
1/22/2025 23:00,202,-11.8,0,3.9,50
1/23/2025 0:00,109,-11.8,0,4.8,51
1/23/2025 1:00,52,-11.9,0,4.8,52
1/23/2025 2:00,20,-11.4,0,5.5,56
1/23/2025 3:00,12,-11.5,0,4.5,59
1/23/2025 4:00,10,-11.8,0,2.5,62
1/23/2025 5:00,17,-12.2,0,2,65
1/23/2025 6:00,83,-12.4,0,2.8,69
1/23/2025 7:00,189,-12.7,0,2.9,72
1/23/2025 8:00,466,-13.2,0,5.1,74
1/23/2025 9:00,945,-14.3,0,4.4,79
1/23/2025 10:00,581,-11.3,0,3.8,73
1/23/2025 11:00,325,-8.6,0,4.1,62
1/23/2025 12:00,335,-6.7,0,5.4,58
1/23/2025 13:00,450,-4.9,0,6.3,55
1/23/2025 14:00,416,-3.2,0,6.4,51
1/23/2025 15:00,440,-1.8,0,4.2,49
1/23/2025 16:00,722,-1.3,0,2.7,51
1/23/2025 17:00,816,-2,0,2.5,53
1/23/2025 18:00,1046,-3.3,0,0.7,46
1/23/2025 19:00,888,-4.5,0,0.6,47
1/23/2025 20:00,610,-5.2,0,0.5,49
1/23/2025 21:00,402,-6,0,7.5,57
1/23/2025 22:00,375,-6.1,0,7.2,57
1/23/2025 23:00,246,-5.8,0,7.9,60
1/24/2025 0:00,147,-5.2,0,10.3,66
1/24/2025 1:00,66,-4.6,0,11.6,74
1/24/2025 2:00,41,-4.6,0,11.6,77
1/24/2025 3:00,19,-4.9,0,10.1,78
1/24/2025 4:00,13,-5.1,0,9.3,78
1/24/2025 5:00,21,-5.9,0,7.1,78
1/24/2025 6:00,90,-7.1,0,4.7,78
1/24/2025 7:00,193,-6.7,0,8.1,78
1/24/2025 8:00,407,-4.7,0,11.7,76
1/24/2025 9:00,793,-4.7,0,7.6,75
1/24/2025 10:00,595,-3.1,0,6.6,73
1/24/2025 11:00,372,-1.8,0,6.1,72
1/24/2025 12:00,433,-0.3,0,8.4,67
1/24/2025 13:00,583,0,0,9.9,64
1/24/2025 14:00,596,0.3,0,8.9,59
1/24/2025 15:00,634,0.5,0,9.1,57
1/24/2025 16:00,936,0.3,0,10.8,56
1/24/2025 17:00,934,-0.1,0,8.2,59
1/24/2025 18:00,1110,-0.8,0,5.7,63
1/24/2025 19:00,886,-2,0,5.4,68
1/24/2025 20:00,632,-2.3,0,5.4,70
1/24/2025 21:00,449,-1.4,0,5.9,65
1/24/2025 22:00,359,-3.4,0,5.4,70
1/24/2025 23:00,318,-2.9,0,3.1,69
1/25/2025 0:00,305,-2.4,0,6.3,68
1/25/2025 1:00,217,-3,0,7.1,69
1/25/2025 2:00,151,-5.3,0,5.9,73
1/25/2025 3:00,83,-6.5,0,5.6,75
1/25/2025 4:00,45,-7.9,0,5.3,77
1/25/2025 5:00,13,-8.7,0,5.5,77
1/25/2025 6:00,38,-9,0,6.1,76
1/25/2025 7:00,92,-9.3,0,5.9,76
1/25/2025 8:00,152,-9.8,0,5.5,77
1/25/2025 9:00,229,-9.5,0,5.1,78
1/25/2025 10:00,441,-5.8,0,1.1,70
1/25/2025 11:00,569,-3.1,0,3.6,60
1/25/2025 12:00,689,-1.4,0,6.9,56
1/25/2025 13:00,765,0.1,0,9.9,53
1/25/2025 14:00,831,1.5,0,11.4,48
1/25/2025 15:00,805,2.5,0,11.3,43
1/25/2025 16:00,857,3,0,11.2,42
1/25/2025 17:00,862,2.9,0,7.8,44
1/25/2025 18:00,790,0.9,0,7.1,49
1/25/2025 19:00,642,-0.7,0,7.7,52
1/25/2025 20:00,535,-0.6,0,8.7,52
1/25/2025 21:00,456,-0.2,0,11.7,54
1/25/2025 22:00,349,-0.1,0,13,55
1/25/2025 23:00,356,0.3,0,15.5,55
1/26/2025 0:00,335,0.6,0,16,55
1/26/2025 1:00,248,0.5,0,15.6,55
1/26/2025 2:00,171,0.3,0,15.2,56
1/26/2025 3:00,109,0.2,0,14.8,58
1/26/2025 4:00,56,0.4,0,14.5,58
1/26/2025 5:00,34,0.8,0,14.5,58
1/26/2025 6:00,38,0.7,0,13.5,59
1/26/2025 7:00,66,0.7,0,12,61
1/26/2025 8:00,126,0.3,0,11.2,63
1/26/2025 9:00,289,1.5,0,12.4,59
1/26/2025 10:00,414,2.3,0,10,59
1/26/2025 11:00,631,3.3,0,5.8,61
1/26/2025 12:00,753,4.4,0,4.6,61
1/26/2025 13:00,873,5.4,0,4.9,58
1/26/2025 14:00,995,7.3,0,15.7,46
1/26/2025 15:00,1222,7,0,14.1,48
1/26/2025 16:00,1048,6.6,0,12.8,48
1/26/2025 17:00,880,5.7,0,10.4,52
1/26/2025 18:00,763,3.7,0,7.3,59
1/26/2025 19:00,841,2.1,0,8.1,61
1/26/2025 20:00,560,1.6,0,8.6,61
1/26/2025 21:00,398,-1.3,0,5.9,66
1/26/2025 22:00,304,-1.6,0,1.4,65
1/26/2025 23:00,330,-2.3,0,1.6,67
1/27/2025 0:00,151,-2.7,0,3.1,69
1/27/2025 1:00,81,-2.6,0,5.7,68
1/27/2025 2:00,33,-2.7,0,6.6,65
1/27/2025 3:00,10,-2.3,0,6.8,65
1/27/2025 4:00,14,-1.9,0,7.5,65
1/27/2025 5:00,23,-1.3,0,9.5,65
1/27/2025 6:00,111,-1.1,0,10.3,65
1/27/2025 7:00,252,-1,0,10.6,63
1/27/2025 8:00,581,-1.2,0,10.4,61
1/27/2025 9:00,1024,-1,0,9.1,58
1/27/2025 10:00,590,0.4,0,8.1,58
1/27/2025 11:00,399,2.3,0,8.6,49
1/27/2025 12:00,500,5.1,0,6.9,30
1/27/2025 13:00,642,6.1,0,5.7,32
1/27/2025 14:00,661,6.7,0,7.3,36
1/27/2025 15:00,633,7.3,0,9.9,41
1/27/2025 16:00,924,7.9,0,9.8,43
1/27/2025 17:00,1130,7.4,0,6.8,46
1/27/2025 18:00,1438,4.9,0,10.3,46
1/27/2025 19:00,1118,3.1,0,10.2,49
1/27/2025 20:00,781,2,0,9.3,54
1/27/2025 21:00,588,2.5,0,11.1,60
1/27/2025 22:00,412,2.4,0,11.7,58
1/27/2025 23:00,303,2,0,12.8,58
1/28/2025 0:00,125,1.5,0,11.5,59
1/28/2025 1:00,68,1.3,0,11.8,60
1/28/2025 2:00,34,1.5,0,12.2,57
1/28/2025 3:00,13,0.9,0,11.2,57
1/28/2025 4:00,11,0.7,0,10.3,58
1/28/2025 5:00,28,0.5,0,13.5,50
1/28/2025 6:00,113,1.8,0,15.2,40
1/28/2025 7:00,302,1.7,0,14.7,41
1/28/2025 8:00,729,1.4,0,14.2,43
1/28/2025 9:00,1467,2.3,0,8.7,47
1/28/2025 10:00,849,3.8,0,7.4,46
1/28/2025 11:00,488,5.7,0,8.8,44
1/28/2025 12:00,484,6.6,0,16.6,44
1/28/2025 13:00,645,6.9,0,19.1,44
1/28/2025 14:00,577,7.1,0,15.8,45
1/28/2025 15:00,663,7,0,13.2,45
1/28/2025 16:00,1087,7,0,11.5,46
1/28/2025 17:00,1289,6.6,0,7.6,51
1/28/2025 18:00,1713,4.3,0,3.2,64
1/28/2025 19:00,1443,2.8,0,2,65
1/28/2025 20:00,966,1.9,0,6.5,69
1/28/2025 21:00,707,1.8,0,6.3,66
1/28/2025 22:00,550,3.4,0,12.2,61
1/28/2025 23:00,353,4.7,0,18,56
1/29/2025 0:00,173,5.5,0,17.6,52
1/29/2025 1:00,73,5.6,0,19.1,50
1/29/2025 2:00,42,5.5,0,20.1,49
1/29/2025 3:00,26,5.3,0,19.6,49
1/29/2025 4:00,8,4.8,0,18.6,52
1/29/2025 5:00,27,4.2,0,17.3,55
1/29/2025 6:00,129,3.6,0,15.9,59
1/29/2025 7:00,344,3.2,0,15.4,62
1/29/2025 8:00,811,2.9,0,15.3,64
1/29/2025 9:00,1548,3.9,0,14,61
1/29/2025 10:00,867,5.7,0,14.4,59
1/29/2025 11:00,483,7.9,0,10.6,59
1/29/2025 12:00,546,10.6,0,8,55
1/29/2025 13:00,664,11.6,0,22,41
1/29/2025 14:00,762,11.8,0,29.3,39
1/29/2025 15:00,836,10.6,0,27.3,45
1/29/2025 16:00,1146,10,0,26.6,45
1/29/2025 17:00,1301,8.9,0,22.4,48
1/29/2025 18:00,1796,7.7,0,20.3,51
1/29/2025 19:00,1490,6.4,0,19.4,54
1/29/2025 20:00,1004,5.6,0,19.1,56
1/29/2025 21:00,705,6.1,0,13.2,52
1/29/2025 22:00,630,4.4,0,11.8,59
1/29/2025 23:00,497,3.4,0,13.5,62
1/30/2025 0:00,227,3.3,0,16.3,60
1/30/2025 1:00,115,3.1,0,15.3,61
1/30/2025 2:00,48,2,0,9.3,68
1/30/2025 3:00,27,1.1,0,7.7,73
1/30/2025 4:00,8,0.9,0,10.3,75
1/30/2025 5:00,20,0.8,0,10.2,75
1/30/2025 6:00,128,0.4,0,7.5,76
1/30/2025 7:00,309,-0.4,0,5.6,78
1/30/2025 8:00,736,-1.1,0,4.6,80
1/30/2025 9:00,1582,0.5,0,1.9,79
1/30/2025 10:00,868,2.6,0,3.5,73
1/30/2025 11:00,539,5.2,0,2.4,66
1/30/2025 12:00,594,6.9,0,4.2,56
1/30/2025 13:00,688,8,0,6.1,51
1/30/2025 14:00,688,9.2,0,4.5,45
1/30/2025 15:00,763,9.7,0,6.3,43
1/30/2025 16:00,1129,10.1,0,11.5,40
1/30/2025 17:00,1422,9.4,0,7.2,47
1/30/2025 18:00,1798,7.7,0,8.4,54
1/30/2025 19:00,1496,6.2,0,9.5,58
1/30/2025 20:00,1089,4.8,0,10.9,63
1/30/2025 21:00,732,4.5,0,11,62
1/30/2025 22:00,591,4.5,0,10.5,61
1/30/2025 23:00,465,4.7,0,10.8,60
1/31/2025 0:00,287,4.8,0,10.6,62
1/31/2025 1:00,108,5,0.1,14.2,65
1/31/2025 2:00,52,4.6,1.1,16.5,82
1/31/2025 3:00,22,4.2,1.1,13.8,94
1/31/2025 4:00,14,4.6,0.3,13.4,92
1/31/2025 5:00,27,4.6,0.2,14.2,94
1/31/2025 6:00,115,4.8,0,12,92
1/31/2025 7:00,260,5,0,10.1,91
1/31/2025 8:00,532,4.8,0.5,10.3,94
1/31/2025 9:00,901,5.8,0.2,15.3,95
1/31/2025 10:00,523,6.6,0.5,16.4,96
1/31/2025 11:00,255,7.4,1.1,17.1,95
1/31/2025 12:00,225,8,2.4,18.9,95
1/31/2025 13:00,282,8.5,3.2,23.4,95
1/31/2025 14:00,298,8.9,1.6,22.8,95
1/31/2025 15:00,494,9.1,0.8,20.1,95
1/31/2025 16:00,888,9.9,0.3,19.9,91
1/31/2025 17:00,850,9.8,0.1,13.3,91
1/31/2025 18:00,963,10.1,0,14.3,88
1/31/2025 19:00,689,10.8,0.1,15.7,84
1/31/2025 20:00,398,10.2,1.4,17.1,93
1/31/2025 21:00,351,9.9,2.5,15.6,96
1/31/2025 22:00,235,9.8,2.6,13.3,96
1/31/2025 23:00,177,10,1.5,13.2,95
2/1/2025 0:00,229,9.7,1.3,10.6,96
2/1/2025 1:00,237,9.3,0.9,9.4,96
2/1/2025 2:00,170,8.7,0.3,9.4,97
2/1/2025 3:00,96,9,0.1,14.9,93
2/1/2025 4:00,55,8.1,0,16.1,92
2/1/2025 5:00,40,7.3,0,19.4,92
2/1/2025 6:00,50,7.2,0,22.3,92
2/1/2025 7:00,103,6.4,0,19.5,90
2/1/2025 8:00,219,5,0,18.3,88
2/1/2025 9:00,392,6.3,0,14.4,81
2/1/2025 10:00,628,7,0,14.3,76
2/1/2025 11:00,837,7,0,21.4,62
2/1/2025 12:00,973,6,0,21.3,51
2/1/2025 13:00,1143,6.3,0,19.5,50
2/1/2025 14:00,1161,6.2,0,18.1,49
2/1/2025 15:00,1211,6,0,15.8,47
2/1/2025 16:00,1241,5.6,0,14.4,38
2/1/2025 17:00,1229,4.8,0,14.9,35
2/1/2025 18:00,1062,3.3,0,12.6,40
2/1/2025 19:00,897,1.4,0,11.6,46
2/1/2025 20:00,742,-0.1,0,11.2,49
2/1/2025 21:00,581,1.2,0,6.5,58
2/1/2025 22:00,467,0.2,0,8.5,56
2/1/2025 23:00,411,-1,0,9,54
2/2/2025 0:00,429,-1.9,0,9.4,54
2/2/2025 1:00,302,-2.6,0,9.3,55
2/2/2025 2:00,207,-3.1,0,9.6,57
2/2/2025 3:00,128,-3.6,0,10.3,58
2/2/2025 4:00,66,-4,0,9.6,58
2/2/2025 5:00,19,-4.4,0,8.5,59
2/2/2025 6:00,38,-4.8,0,8.2,60
2/2/2025 7:00,69,-5,0,7.9,61
2/2/2025 8:00,141,-5.1,0,7.6,61
2/2/2025 9:00,298,-4.5,0,7.8,65
2/2/2025 10:00,480,-3.3,0,8.1,62
2/2/2025 11:00,700,-1.6,0,7.7,63
2/2/2025 12:00,763,-0.1,0,7.6,63
2/2/2025 13:00,858,1.1,0,9.3,63
2/2/2025 14:00,861,1.8,0,9.8,63
2/2/2025 15:00,871,2.6,0,9.6,63
2/2/2025 16:00,884,3.3,0,10.3,63
2/2/2025 17:00,841,3.4,0,10.2,65
2/2/2025 18:00,774,3.2,0,12.4,70
2/2/2025 19:00,686,2.6,0,10.9,74
2/2/2025 20:00,482,2.1,0,8.8,78
2/2/2025 21:00,357,1.2,0,7.6,80
2/2/2025 22:00,293,1.3,0,8.7,82
2/2/2025 23:00,266,1.1,0,9,84
2/3/2025 0:00,160,1,0,10.8,85
2/3/2025 1:00,89,1.2,0,11.9,84
2/3/2025 2:00,25,1.2,0,11.8,84
2/3/2025 3:00,13,1.1,0,8,85
2/3/2025 4:00,16,0.8,0,6.4,86
2/3/2025 5:00,25,0.4,0,5.3,87
2/3/2025 6:00,116,0.3,0,5.2,87
2/3/2025 7:00,273,0.3,0,6,87
2/3/2025 8:00,690,0.3,0,5.9,88
2/3/2025 9:00,1165,-0.2,0,5.2,89
2/3/2025 10:00,646,2.2,0,3,77
2/3/2025 11:00,453,4.2,0,2.9,68
2/3/2025 12:00,446,6.1,0,4.4,60
2/3/2025 13:00,630,7.6,0,4.4,61
2/3/2025 14:00,596,8.2,0,5.5,63
2/3/2025 15:00,691,9.6,0,4.3,62
2/3/2025 16:00,1027,11,0,6.5,62
2/3/2025 17:00,1214,10.2,0,8,68
2/3/2025 18:00,1684,10,0,11.1,71
2/3/2025 19:00,1432,10.1,0,15.2,69
2/3/2025 20:00,921,10.1,0,16.3,71
2/3/2025 21:00,701,9.3,0,14.4,71
2/3/2025 22:00,548,9.6,0,15.8,73
2/3/2025 23:00,353,9.4,0,17.1,73
2/4/2025 0:00,203,9.7,0,17.8,73
2/4/2025 1:00,83,9.7,0,17.4,75
2/4/2025 2:00,41,9.4,0,14.9,77
2/4/2025 3:00,17,9,0,13.2,79
2/4/2025 4:00,21,8.5,0,11.5,79
2/4/2025 5:00,33,8.3,0,9.2,79
2/4/2025 6:00,115,8.3,0,9.3,78
2/4/2025 7:00,323,8.2,0,9.2,73
2/4/2025 8:00,986,7.9,0,10.7,72
2/4/2025 9:00,1589,8.2,0,12.6,75
2/4/2025 10:00,919,10.4,0,17,73
2/4/2025 11:00,554,12.6,0,22.2,67
2/4/2025 12:00,635,12.4,0,23.5,61
2/4/2025 13:00,787,11.6,0,25.1,53
2/4/2025 14:00,774,10.6,0,24.4,55
2/4/2025 15:00,845,9.4,0,21.5,51
2/4/2025 16:00,1261,8.8,0,19.3,46
2/4/2025 17:00,1472,8.1,0,17.2,39
2/4/2025 18:00,2055,6.6,0,13.9,44
2/4/2025 19:00,1604,4.6,0,10.3,50
2/4/2025 20:00,1054,3.1,0,8,56
2/4/2025 21:00,727,4.2,0,7.1,57
2/4/2025 22:00,552,3.3,0,9.1,60
2/4/2025 23:00,380,2.4,0,10.2,61
2/5/2025 0:00,182,1.9,0,10.3,59
2/5/2025 1:00,75,1,0,10.2,60
2/5/2025 2:00,31,1,0,10.3,61
2/5/2025 3:00,23,0.7,0,10.6,63
2/5/2025 4:00,17,0.5,0,8.9,65
2/5/2025 5:00,26,0.2,0,7.7,67
2/5/2025 6:00,115,-0.1,0,5.7,69
2/5/2025 7:00,353,-0.4,0,5.7,70
2/5/2025 8:00,869,-0.5,0,6.9,69
2/5/2025 9:00,1472,1,0,7.2,65
2/5/2025 10:00,839,1.9,0,6.2,60
2/5/2025 11:00,514,2.1,0,6.4,56
2/5/2025 12:00,643,2.4,0,5,54
2/5/2025 13:00,704,2.9,0,4.2,53
2/5/2025 14:00,682,3.6,0,3.4,51
2/5/2025 15:00,730,3.9,0,3.7,51
2/5/2025 16:00,1003,3.9,0,4.9,51
2/5/2025 17:00,1132,3.5,0,6.6,53
2/5/2025 18:00,1565,3,0,8.2,56
2/5/2025 19:00,1334,2.4,0,8.6,61
2/5/2025 20:00,863,1.9,0,7.4,63
2/5/2025 21:00,694,1.2,0.1,7.8,66
2/5/2025 22:00,566,1.2,0.1,6,67
2/5/2025 23:00,339,0.4,2.1,7.2,88
2/6/2025 0:00,126,0.2,1.8,8,91
2/6/2025 1:00,42,0.4,0.6,8.5,93
2/6/2025 2:00,17,0.2,2.8,13.4,95
2/6/2025 3:00,7,0.2,2.1,11.8,95
2/6/2025 4:00,5,0.1,2.3,13.4,96
2/6/2025 5:00,13,0.3,0.7,8.1,96
2/6/2025 6:00,51,0.5,0.2,6.5,97
2/6/2025 7:00,111,0.6,1.2,6.9,98
2/6/2025 8:00,287,0.8,0.5,9.6,98
2/6/2025 9:00,628,0.3,0.3,10.5,99
2/6/2025 10:00,529,0.7,0.7,11,98
2/6/2025 11:00,169,1,1.6,8.4,98
2/6/2025 12:00,305,1.9,0.2,13.4,95
2/6/2025 13:00,477,3.1,0,15.7,92
2/6/2025 14:00,536,7.3,0,23.4,79
2/6/2025 15:00,724,8.6,0,17.3,78
2/6/2025 16:00,1004,10.2,0,13.4,76
2/6/2025 17:00,1173,11.1,0,9.6,77
2/6/2025 18:00,1605,11.1,0,14.5,77
2/6/2025 19:00,1330,10,0,14.4,81
2/6/2025 20:00,920,9.4,0,13.6,85
2/6/2025 21:00,739,6.2,0,9.6,91
2/6/2025 22:00,548,6.1,0,9.8,91
2/6/2025 23:00,477,6.2,0,11.1,92
2/7/2025 0:00,259,6,0,10.4,93
2/7/2025 1:00,132,5.7,0,10.8,95
2/7/2025 2:00,75,5.4,0,12.4,95
2/7/2025 3:00,38,6.9,0.1,19,90
2/7/2025 4:00,11,7.1,0,17.5,82
2/7/2025 5:00,26,6.7,0,23.1,56
2/7/2025 6:00,106,7,0,26.7,38
2/7/2025 7:00,276,5.7,0,24.1,40
2/7/2025 8:00,650,4.3,0,17.9,45
2/7/2025 9:00,1131,6.3,0,17.6,41
2/7/2025 10:00,812,7,0,12.6,44
2/7/2025 11:00,586,7.7,0,17.3,40
2/7/2025 12:00,640,7.9,0,17.8,40
2/7/2025 13:00,842,7.7,0,18.6,42
2/7/2025 14:00,863,7.7,0,16.1,43
2/7/2025 15:00,975,8.1,0,15.9,41
2/7/2025 16:00,1423,7.8,0,15.5,42
2/7/2025 17:00,1465,6.9,0,15.3,43
2/7/2025 18:00,1690,5.6,0,12.4,49
2/7/2025 19:00,1393,3.9,0,11.5,54
2/7/2025 20:00,936,3,0,13.8,53
2/7/2025 21:00,660,4.1,0,9.9,49
2/7/2025 22:00,615,3.4,0,7.7,53
2/7/2025 23:00,522,2.2,0,8.8,57
2/8/2025 0:00,468,1.1,0,7,56
2/8/2025 1:00,273,0,0,4.6,63
2/8/2025 2:00,201,-0.1,0,4,63
2/8/2025 3:00,149,-0.2,0,4.3,61
2/8/2025 4:00,82,-1,0,4,67
2/8/2025 5:00,30,-0.4,0,3.6,65
2/8/2025 6:00,47,-0.4,0,6.8,65
2/8/2025 7:00,103,-0.3,0,6,65
2/8/2025 8:00,224,-0.4,0,6.3,66
2/8/2025 9:00,389,0.8,0,6.6,69
2/8/2025 10:00,550,0.9,0,6.4,68
2/8/2025 11:00,668,1.8,0,7.6,57
2/8/2025 12:00,781,1.4,0,9.1,57
2/8/2025 13:00,853,1.9,0,8.8,54
2/8/2025 14:00,844,1.3,0,9.9,55
2/8/2025 15:00,804,2.4,0,10,54
2/8/2025 16:00,830,2.6,0,9.7,56
2/8/2025 17:00,739,1.8,0.4,12.7,67
2/8/2025 18:00,508,1.4,0.2,12.4,73
2/8/2025 19:00,532,1,0,12.2,81
2/8/2025 20:00,442,1.2,0,11.9,88
2/8/2025 21:00,358,0,0,12.6,94
2/8/2025 22:00,324,0.3,0,11,96
2/8/2025 23:00,338,0.7,0,10.5,96
2/9/2025 0:00,313,1.2,0,14.7,96
2/9/2025 1:00,253,1.7,0,17,96
2/9/2025 2:00,198,2.6,0.2,14.2,93
2/9/2025 3:00,146,3.9,0,14.8,91
2/9/2025 4:00,75,3.9,0,11.9,92
2/9/2025 5:00,35,3.8,0,11,91
2/9/2025 6:00,35,4.1,0,11.8,89
2/9/2025 7:00,83,4.8,0,22.4,84
2/9/2025 8:00,151,3.6,0,23.4,77
2/9/2025 9:00,313,3.5,0,20.5,85
2/9/2025 10:00,502,4.5,0,17.6,73
2/9/2025 11:00,759,5.4,0,20.9,59
2/9/2025 12:00,883,6.1,0,20.2,51
2/9/2025 13:00,1000,6.5,0,19.7,47
2/9/2025 14:00,1062,7,0,18.2,44
2/9/2025 15:00,976,7.2,0,17.6,43
2/9/2025 16:00,1080,6.9,0,16,44
2/9/2025 17:00,1057,6.3,0,13,47
2/9/2025 18:00,1138,5.1,0,9.4,53
2/9/2025 19:00,994,2.9,0,7.3,61
2/9/2025 20:00,454,2.1,0,8.6,64
2/9/2025 21:00,382,2.1,0,8.4,68
2/9/2025 22:00,421,2.3,0,8.3,68
2/9/2025 23:00,650,2.2,0,10.3,67
2/10/2025 0:00,230,1.8,0,9.9,67
2/10/2025 1:00,91,1.4,0,10.7,67
2/10/2025 2:00,37,1.2,0,10.6,68
2/10/2025 3:00,27,1,0,8.8,69
2/10/2025 4:00,11,0.8,0,8.6,70
2/10/2025 5:00,21,0.3,0,8.1,73
2/10/2025 6:00,109,0.2,0,8.7,73
2/10/2025 7:00,276,0,0,8,74
2/10/2025 8:00,711,-0.1,0,7.8,74
2/10/2025 9:00,1319,0.6,0,8,72
2/10/2025 10:00,724,1.9,0,8.6,64
2/10/2025 11:00,436,3,0,9.1,58
2/10/2025 12:00,499,3.7,0,10.4,55
2/10/2025 13:00,661,4.5,0,10.2,49
2/10/2025 14:00,646,5.3,0,10.3,47
2/10/2025 15:00,738,5.7,0,10.7,46
2/10/2025 16:00,1138,6.3,0,13,40
2/10/2025 17:00,1251,6.2,0,11.8,39
2/10/2025 18:00,1595,5.2,0,7.8,47
2/10/2025 19:00,1310,3.2,0,7.2,56
2/10/2025 20:00,844,2.2,0,10.8,55
2/10/2025 21:00,653,1.2,0,6.7,60
2/10/2025 22:00,578,0.3,0,5.9,64
2/10/2025 23:00,312,-0.4,0,6.3,65
2/11/2025 0:00,162,-1.2,0,4.9,69
2/11/2025 1:00,76,-1.7,0,3.6,72
2/11/2025 2:00,29,-1.8,0,2.1,73
2/11/2025 3:00,23,-1.8,0,1.3,77
2/11/2025 4:00,16,-2.2,0,1.4,79
2/11/2025 5:00,19,-1.7,0,3.2,77
2/11/2025 6:00,115,-1.5,0,2.3,76
2/11/2025 7:00,288,-1.4,0,3.5,73
2/11/2025 8:00,762,-1.3,0,4.6,71
2/11/2025 9:00,1359,-0.7,0,4.7,68
2/11/2025 10:00,785,-0.3,0,4,67
2/11/2025 11:00,452,-0.1,0,5.3,67
2/11/2025 12:00,524,1.4,0,6.6,60
2/11/2025 13:00,756,2.2,0,7.9,59
2/11/2025 14:00,913,2.4,0.2,8.6,60
2/11/2025 15:00,829,1.9,0.3,8.1,65
2/11/2025 16:00,540,1,0.7,8.3,75
2/11/2025 17:00,341,0.2,1,7.1,84
2/11/2025 18:00,239,-0.3,1.2,6,89
2/11/2025 19:00,164,-0.6,1.4,5.4,94
2/11/2025 20:00,113,-0.9,1.7,7.1,96
2/11/2025 21:00,78,-1.2,1.9,6.6,96
2/11/2025 22:00,61,-1.2,1.9,6,96
2/11/2025 23:00,75,-1.3,2,8.3,96
2/12/2025 0:00,50,-1.3,1.5,9.5,95
2/12/2025 1:00,18,-1.2,0.7,8.2,94
2/12/2025 2:00,10,-1.2,0.5,9.4,94
2/12/2025 3:00,16,-1.1,0.4,8.9,94
2/12/2025 4:00,9,-1.1,0.1,8.6,94
2/12/2025 5:00,8,-1.1,0,8.3,93
2/12/2025 6:00,31,-1,0,8.1,93
2/12/2025 7:00,61,-1.1,0,9.2,93
2/12/2025 8:00,85,-1.1,0.1,9.2,92
2/12/2025 9:00,178,-0.8,0.1,7.2,93
2/12/2025 10:00,173,-0.4,0.1,8.5,91
2/12/2025 11:00,178,0,0.1,10.3,91
2/12/2025 12:00,183,0.5,0.1,11.1,91
2/12/2025 13:00,239,0.8,0.1,10,92
2/12/2025 14:00,268,1,0.1,7.2,92
2/12/2025 15:00,282,1.1,0,6.2,91
2/12/2025 16:00,377,1.3,0,6.4,91
2/12/2025 17:00,410,1.2,0.2,8.3,92
2/12/2025 18:00,422,1.3,0.4,7,93
2/12/2025 19:00,413,1.2,0.7,8.8,95
2/12/2025 20:00,305,1.3,0.8,9.8,95
2/12/2025 21:00,231,1.1,0.8,10.5,97
2/12/2025 22:00,193,1.3,0.6,6.4,96
2/12/2025 23:00,202,1.5,0.4,7.5,96
2/13/2025 0:00,122,1.4,0.3,8.6,97
2/13/2025 1:00,52,1.4,0.3,8.2,98
2/13/2025 2:00,17,1.4,0.5,4,98
2/13/2025 3:00,18,1.4,1.1,3.7,98
2/13/2025 4:00,9,1.3,1.4,5.2,99
2/13/2025 5:00,14,1.2,1.5,3.6,100
2/13/2025 6:00,75,1.4,1,6.4,100
2/13/2025 7:00,227,1.5,4.2,2.2,99
2/13/2025 8:00,526,1.4,1.9,5.4,98
2/13/2025 9:00,974,1.6,0,8.9,98
2/13/2025 10:00,651,2,0,13.7,96
2/13/2025 11:00,421,2.6,0,11.9,93
2/13/2025 12:00,426,4.2,0,10.7,89
2/13/2025 13:00,552,5.5,0,9.6,85
2/13/2025 14:00,629,6.3,0,5.8,82
2/13/2025 15:00,742,7.3,0,5.2,80
2/13/2025 16:00,1214,9.3,0,18.1,66
2/13/2025 17:00,1351,8.6,0,22,61
2/13/2025 18:00,1618,6.9,0,24.7,58
2/13/2025 19:00,1269,4.9,0,23.9,61
2/13/2025 20:00,871,3.6,0,21,63
2/13/2025 21:00,643,3.5,0,26,63
2/13/2025 22:00,489,2.6,0,22.5,64
2/13/2025 23:00,391,2.1,0,19.4,65
2/14/2025 0:00,244,1.5,0,18.2,67
2/14/2025 1:00,133,1,0,21,63
2/14/2025 2:00,64,0.5,0,20.8,64
2/14/2025 3:00,47,0.1,0,20.9,66
2/14/2025 4:00,7,-0.3,0,23.8,62
2/14/2025 5:00,29,-1.2,0,21.8,62
2/14/2025 6:00,92,-2,0,24.2,55
2/14/2025 7:00,245,-3,0,22,53
2/14/2025 8:00,529,-3.7,0,17.8,57
2/14/2025 9:00,970,-1.4,0,14.1,57
2/14/2025 10:00,733,-0.1,0,14.2,55
2/14/2025 11:00,527,0.4,0,16.6,51
2/14/2025 12:00,623,1.1,0,15.2,49
2/14/2025 13:00,749,1.7,0,15.7,47
2/14/2025 14:00,791,2.3,0,13.9,47
2/14/2025 15:00,888,2.8,0,11.9,45
2/14/2025 16:00,1258,3,0,11.3,44
2/14/2025 17:00,1307,2.9,0,10,43
2/14/2025 18:00,1336,2.2,0,4.8,48
2/14/2025 19:00,1022,0.2,0,2,58
2/14/2025 20:00,746,-0.4,0,1,60
2/14/2025 21:00,486,-0.2,0,1.9,56
2/14/2025 22:00,361,-0.2,0,1.7,60
2/14/2025 23:00,332,-0.2,0,5.3,61
2/15/2025 0:00,371,0.1,0,6.2,59
2/15/2025 1:00,268,-0.7,0,4.9,63
2/15/2025 2:00,165,-0.2,0,5.1,63
2/15/2025 3:00,101,-0.1,0,7.5,64
2/15/2025 4:00,45,-0.8,0,6.8,67
2/15/2025 5:00,45,-0.1,0,8.4,68
2/15/2025 6:00,59,0.2,0,7.3,70
2/15/2025 7:00,110,-0.2,0,9.2,72
2/15/2025 8:00,172,0.3,0,10.7,72
2/15/2025 9:00,324,0.4,0.1,11.6,73
2/15/2025 10:00,541,1,0.1,7.7,75
2/15/2025 11:00,720,1.9,0.1,6.6,73
2/15/2025 12:00,846,2.5,0,6.4,72
2/15/2025 13:00,776,3.2,0,7,71
2/15/2025 14:00,535,3.3,0.1,7.3,74
2/15/2025 15:00,326,4,0.7,11.2,72
2/15/2025 16:00,297,2.7,2.8,13,90
2/15/2025 17:00,250,2.9,2.4,9.3,94
2/15/2025 18:00,260,2.8,2.7,11.4,97
2/15/2025 19:00,186,3,2.4,11.4,98
2/15/2025 20:00,227,3.5,0.5,10.8,97
2/15/2025 21:00,249,2.4,1,2.9,98
2/15/2025 22:00,223,2.7,0.8,7.3,98
2/15/2025 23:00,205,3.1,0.6,10.1,98
2/16/2025 0:00,298,3.3,0.1,8.7,98
2/16/2025 1:00,188,3.5,0.1,9.7,98
2/16/2025 2:00,117,4,0,11.2,97
2/16/2025 3:00,81,4.5,1.2,12.8,97
2/16/2025 4:00,53,5.1,0.9,15.3,98
2/16/2025 5:00,40,5.7,0.1,15.9,98
2/16/2025 6:00,44,6,0,16.1,99
2/16/2025 7:00,60,6.6,0,17.2,99
2/16/2025 8:00,117,8,0,19.7,100
2/16/2025 9:00,222,6.6,0.1,21.9,96
2/16/2025 10:00,198,8.3,0,21.8,95
2/16/2025 11:00,141,8.4,3.6,15.2,97
2/16/2025 12:00,361,9.3,4.7,18,96
2/16/2025 13:00,552,10.4,0.8,15.6,92
2/16/2025 14:00,752,12.6,0,22.8,88
2/16/2025 15:00,939,16.2,0.1,26.1,79
2/16/2025 16:00,1018,16.2,0.2,33,75
2/16/2025 17:00,923,13.8,0.1,39.7,62
2/16/2025 18:00,855,8.7,0,33.3,56
2/16/2025 19:00,674,5.7,0,31,57
2/16/2025 20:00,523,4.3,0,28.8,57
2/16/2025 21:00,386,5.3,0,23.8,57
2/16/2025 22:00,310,4.4,0,20.4,62
2/16/2025 23:00,297,3.2,0,26.1,61
2/17/2025 0:00,214,2.1,0,24,61
2/17/2025 1:00,126,1.2,0,23.4,61
2/17/2025 2:00,74,0.6,0,21.7,63
2/17/2025 3:00,31,0.2,0,25.7,60
2/17/2025 4:00,24,-0.5,0,25.6,58
2/17/2025 5:00,23,-1.1,0,22.3,58
2/17/2025 6:00,73,-1.6,0,21.4,58
2/17/2025 7:00,105,-2,0,20.9,59
2/17/2025 8:00,214,-2.4,0,20.8,59
2/17/2025 9:00,341,-0.7,0,16.6,57
2/17/2025 10:00,340,0.3,0,23.3,51
2/17/2025 11:00,451,1.1,0,27.2,49
2/17/2025 12:00,635,1.1,0,23.6,48
2/17/2025 13:00,766,1.9,0,24.4,43
2/17/2025 14:00,829,2.3,0,25.5,36
2/17/2025 15:00,950,2.6,0,24.3,35
2/17/2025 16:00,882,2.8,0,23.5,36
2/17/2025 17:00,923,1.9,0,22.7,39
2/17/2025 18:00,897,1.1,0,20.1,39
2/17/2025 19:00,795,-0.1,0,17.3,43
2/17/2025 20:00,584,-0.9,0,17.1,46
2/17/2025 21:00,428,0,0,14.3,44
2/17/2025 22:00,327,-0.1,0,17.6,42
2/17/2025 23:00,254,-0.5,0,19.2,41
2/18/2025 0:00,150,-1.1,0,19.6,42
2/18/2025 1:00,57,-1.9,0,19.4,43
2/18/2025 2:00,30,-2.7,0,17.9,44
2/18/2025 3:00,14,-3.5,0,15.9,46
2/18/2025 4:00,8,-4.1,0,15.3,46
2/18/2025 5:00,16,-4.6,0,15.3,45
2/18/2025 6:00,113,-4.9,0,13.6,45
2/18/2025 7:00,277,-5.3,0,11.3,46
2/18/2025 8:00,676,-5.7,0,11.2,45
2/18/2025 9:00,1215,-4.4,0,14.1,42
2/18/2025 10:00,686,-4.1,0,16.6,41
2/18/2025 11:00,381,-3.6,0,16.6,39
2/18/2025 12:00,402,-3,0,16.3,38
2/18/2025 13:00,518,-2.1,0,16.9,37
2/18/2025 14:00,506,-1.4,0,16.6,36
2/18/2025 15:00,576,-0.7,0,16.7,35
2/18/2025 16:00,897,-0.6,0,17.2,34
2/18/2025 17:00,1041,-1.1,0,18.2,35
2/18/2025 18:00,1519,-1.1,0,14.4,36
2/18/2025 19:00,1192,-2.5,0,14.3,40
2/18/2025 20:00,708,-3.4,0,14.2,41
2/18/2025 21:00,552,-3.1,0,10.9,43
2/18/2025 22:00,402,-3.8,0,11.7,44
2/18/2025 23:00,272,-4.4,0,14.2,43
2/19/2025 0:00,128,-5.3,0,17,42
2/19/2025 1:00,49,-6.2,0,16.3,42
2/19/2025 2:00,17,-6.6,0,14.5,43
2/19/2025 3:00,6,-7,0,13.4,43
2/19/2025 4:00,5,-7.3,0,12.1,41
2/19/2025 5:00,20,-7.3,0,11.6,38
2/19/2025 6:00,107,-7.2,0,11.2,37
2/19/2025 7:00,254,-7.1,0,10.5,37
2/19/2025 8:00,628,-7,0,9.8,37
2/19/2025 9:00,1179,-6.7,0,10.1,40
2/19/2025 10:00,656,-6,0.1,7.3,40
2/19/2025 11:00,361,-5.4,0.1,7.8,40
2/19/2025 12:00,428,-4.8,0.1,7,41
2/19/2025 13:00,441,-4.1,0.2,6.1,42
2/19/2025 14:00,447,-4,0.1,5.2,44
2/19/2025 15:00,459,-3.9,0.1,5.3,46
2/19/2025 16:00,746,-3.8,0.1,4.5,49
2/19/2025 17:00,842,-3.7,0.1,4.1,50
2/19/2025 18:00,1246,-3.7,0,3.7,50
2/19/2025 19:00,1016,-3.7,0,3.9,51
2/19/2025 20:00,722,-3.7,0,4,51
2/19/2025 21:00,472,-6.8,0,5.2,70
2/19/2025 22:00,397,-7.5,0,5.2,70
2/19/2025 23:00,271,-7.6,0,5.9,68
2/20/2025 0:00,133,-7.1,0,8.4,67
2/20/2025 1:00,60,-7.2,0,8.6,66
2/20/2025 2:00,31,-7.5,0,8.1,67
2/20/2025 3:00,15,-7.6,0,9,68
2/20/2025 4:00,14,-7.6,0,10.1,70
2/20/2025 5:00,23,-7.8,0,9.4,72
2/20/2025 6:00,92,-8,0,10.1,73
2/20/2025 7:00,257,-8.3,0,9.5,73
2/20/2025 8:00,644,-7.9,0,10.6,73
2/20/2025 9:00,1063,-6.8,0,7.1,70
2/20/2025 10:00,635,-6,0.3,10.7,67
2/20/2025 11:00,345,-5.5,0.1,14.5,64
2/20/2025 12:00,378,-5,0.1,18.7,64
2/20/2025 13:00,520,-4.6,0.1,20,64
2/20/2025 14:00,524,-4.1,0,21.3,61
2/20/2025 15:00,494,-3.6,0,23.6,57
2/20/2025 16:00,811,-3.5,0,24.3,56
2/20/2025 17:00,872,-3.7,0,23.7,56
2/20/2025 18:00,1157,-3.9,0,21.6,55
2/20/2025 19:00,979,-4.4,0,19.6,57
2/20/2025 20:00,670,-4.8,0,19.6,59
2/20/2025 21:00,484,-3.9,0,19.8,50
2/20/2025 22:00,352,-4.1,0,21,50
2/20/2025 23:00,280,-4.4,0,21.2,53
2/21/2025 0:00,179,-4.8,0,22.2,56
2/21/2025 1:00,86,-5.1,0,22.3,58
2/21/2025 2:00,45,-5.3,0,21.7,59
2/21/2025 3:00,16,-5.4,0,21.2,60
2/21/2025 4:00,16,-5.5,0,20.3,60
2/21/2025 5:00,21,-5.5,0,21.1,60
2/21/2025 6:00,105,-5.5,0,20,61
2/21/2025 7:00,212,-5.5,0,19.4,63
2/21/2025 8:00,557,-5.5,0,19.1,64
2/21/2025 9:00,832,-3.3,0,19.4,55
2/21/2025 10:00,630,-2,0,25.8,48
2/21/2025 11:00,431,-0.6,0,27,42
2/21/2025 12:00,486,0.2,0,25.7,41
2/21/2025 13:00,600,0.7,0,24.7,39
2/21/2025 14:00,631,0.9,0,24.2,37
2/21/2025 15:00,706,1.2,0,24.1,37
2/21/2025 16:00,1069,1.1,0,23.2,40
2/21/2025 17:00,1084,0.7,0,22.5,42
2/21/2025 18:00,1139,-0.3,0,19.5,46
2/21/2025 19:00,1012,-1.7,0,18.5,51
2/21/2025 20:00,720,-2.4,0,17.8,55
2/21/2025 21:00,513,-1.5,0,14.3,47
2/21/2025 22:00,389,-1.7,0,16.1,48
2/21/2025 23:00,358,-2.2,0,16.5,50
2/22/2025 0:00,298,-2.7,0,14.5,53
2/22/2025 1:00,200,-3,0,13.7,55
2/22/2025 2:00,147,-3.4,0,12.7,57
2/22/2025 3:00,98,-3.6,0,9.8,59
2/22/2025 4:00,52,-3.8,0,7.9,60
2/22/2025 5:00,39,-4.1,0,7.3,62
2/22/2025 6:00,41,-4.4,0,7.5,63
2/22/2025 7:00,102,-4.8,0,6.5,66
2/22/2025 8:00,178,-5.2,0,4.9,69
2/22/2025 9:00,335,-3.9,0,6.2,62
2/22/2025 10:00,567,-1.3,0,5.5,51
2/22/2025 11:00,759,0.8,0,6.1,43
2/22/2025 12:00,916,2.5,0,6.4,36
2/22/2025 13:00,1053,3.8,0,6.6,33
2/22/2025 14:00,1039,4.5,0,7,36
2/22/2025 15:00,1068,5.2,0,8,36
2/22/2025 16:00,1155,5.5,0,8.8,37
2/22/2025 17:00,1106,4.9,0,7.9,42
2/22/2025 18:00,987,3.8,0,5.4,51
2/22/2025 19:00,908,2.3,0,6.3,56
2/22/2025 20:00,671,2,0,7.1,56
2/22/2025 21:00,543,1.1,0,7.2,61
2/22/2025 22:00,446,0.7,0,8,62
2/22/2025 23:00,371,0.6,0,9,63
2/23/2025 0:00,416,0.2,0,9.3,64
2/23/2025 1:00,303,-0.1,0,8.5,66
2/23/2025 2:00,213,-0.4,0,7.2,66
2/23/2025 3:00,136,-0.7,0,7.6,65
2/23/2025 4:00,65,-0.9,0,8.6,63
2/23/2025 5:00,35,-0.7,0,10.8,59
2/23/2025 6:00,59,-0.6,0,11.1,59
2/23/2025 7:00,85,-0.8,0,10.8,61
2/23/2025 8:00,169,-1.1,0,10.1,64
2/23/2025 9:00,330,1.1,0,10.6,51
2/23/2025 10:00,553,3.3,0,10.7,44
2/23/2025 11:00,749,4.6,0,13.7,41
2/23/2025 12:00,941,5.4,0,10.4,42
2/23/2025 13:00,1043,6.4,0,8.9,43
2/23/2025 14:00,1205,7.2,0,8.7,42
2/23/2025 15:00,1257,7.8,0,8,41
2/23/2025 16:00,1310,8.2,0,7.7,41
2/23/2025 17:00,1354,8.2,0,6.9,41
2/23/2025 18:00,1143,7.2,0,3,58
2/23/2025 19:00,811,4.4,0,4.8,60
2/23/2025 20:00,597,3.1,0,5.2,64
2/23/2025 21:00,445,4,0,4.3,58
2/23/2025 22:00,381,3,0,6.1,61
2/23/2025 23:00,283,2.5,0,2.4,59
2/24/2025 0:00,191,2.2,0,1,61
2/24/2025 1:00,72,2.4,0,0.4,61
2/24/2025 2:00,44,1.9,0,1.2,66
2/24/2025 3:00,27,1.8,0,0.2,68
2/24/2025 4:00,16,1.1,0,1.4,71
2/24/2025 5:00,24,-0.4,0,3.9,76
2/24/2025 6:00,112,-1,0,4.3,80
2/24/2025 7:00,311,-1.3,0,3.8,81
2/24/2025 8:00,818,-1.3,0,3.8,81
2/24/2025 9:00,1370,1,0,4.6,64
2/24/2025 10:00,749,3.5,0,1.8,56
2/24/2025 11:00,470,5.6,0,3.6,53
2/24/2025 12:00,577,7.3,0,4.8,53
2/24/2025 13:00,724,8.9,0,7.2,52
2/24/2025 14:00,740,10.3,0,8.2,47
2/24/2025 15:00,826,11.2,0,9.4,44
2/24/2025 16:00,1147,11.7,0,11.1,43
2/24/2025 17:00,1477,11.8,0,11.6,41
2/24/2025 18:00,1936,10.7,0,8.4,47
2/24/2025 19:00,1529,8.3,0,9.8,52
2/24/2025 20:00,1032,7.1,0,11.7,57
2/24/2025 21:00,797,8.6,0,11.6,53
2/24/2025 22:00,601,7.8,0,12,56
2/24/2025 23:00,412,7,0,11.7,60
2/25/2025 0:00,189,6.5,0,12.1,63
2/25/2025 1:00,80,5.7,0,11.6,66
2/25/2025 2:00,39,5.3,0,12,67
2/25/2025 3:00,18,4.9,0,11.4,69
2/25/2025 4:00,14,4.6,0,10.2,71
2/25/2025 5:00,28,4,0,8.4,74
2/25/2025 6:00,135,3.5,0,8.3,76
2/25/2025 7:00,410,2.9,0,6.5,79
2/25/2025 8:00,1060,2,0,5.5,82
2/25/2025 9:00,1763,4.8,0,6.8,72
2/25/2025 10:00,972,7.2,0,4.1,68
2/25/2025 11:00,554,9.9,0,3.5,62
2/25/2025 12:00,677,11.5,0,4.3,61
2/25/2025 13:00,716,11.5,0,5.2,62
2/25/2025 14:00,792,13.2,0,4.9,57
2/25/2025 15:00,862,12.9,0,5.4,58
2/25/2025 16:00,1395,14,0,6.5,52
2/25/2025 17:00,1778,14.3,0,2.2,50
2/25/2025 18:00,2475,13.4,0,2.9,65
2/25/2025 19:00,1920,11.3,0,0.9,62
2/25/2025 20:00,1175,9.6,0,3.6,69
2/25/2025 21:00,875,10.4,0,7.6,62
2/25/2025 22:00,809,9.6,0,8.8,63
2/25/2025 23:00,498,8.1,0,6,71
2/26/2025 0:00,231,6.6,0,4.2,75
2/26/2025 1:00,81,5.8,0,3.9,78
2/26/2025 2:00,39,5.4,0,6.9,80
2/26/2025 3:00,27,4.9,0,8.2,82
2/26/2025 4:00,19,4.6,0,9.2,83
2/26/2025 5:00,44,4.5,0,9.7,84
2/26/2025 6:00,138,4.5,0,9.7,84
2/26/2025 7:00,413,4.2,0,9.8,85
2/26/2025 8:00,1026,4,0,9.9,86
2/26/2025 9:00,1981,5.9,0,10.1,79
2/26/2025 10:00,1053,9.4,0,6.1,75
2/26/2025 11:00,636,12.3,0,4.5,66
2/26/2025 12:00,766,13.9,0,9.2,55
2/26/2025 13:00,848,15.2,0,11,46
2/26/2025 14:00,966,16.1,0,11,45
2/26/2025 15:00,1050,16.5,0,9,44
2/26/2025 16:00,1513,16.9,0,8.9,39
2/26/2025 17:00,1777,16.7,0,5.6,40
2/26/2025 18:00,2570,14.7,0.2,3.3,60
2/26/2025 19:00,2056,12.4,0,6.9,65
2/26/2025 20:00,1396,11.9,0,10,66
2/26/2025 21:00,1065,11.3,0,12.5,63
2/26/2025 22:00,866,9.8,0,10,67
2/26/2025 23:00,552,9,0,7.7,71
2/27/2025 0:00,275,8.4,0,6.2,74
2/27/2025 1:00,121,8.2,0,3.5,75
2/27/2025 2:00,38,8.9,0,7.6,71
2/27/2025 3:00,15,9.1,0,11,69
2/27/2025 4:00,27,10,0,14.1,64
2/27/2025 5:00,28,10.3,0,16.6,61
2/27/2025 6:00,164,10.5,0,18.2,60
2/27/2025 7:00,395,11,0,15.4,59
2/27/2025 8:00,996,10.7,0,9.3,63
2/27/2025 9:00,1716,11,0,10.8,64
2/27/2025 10:00,842,10.8,0,9.2,72
2/27/2025 11:00,495,11.6,0,9.9,79
2/27/2025 12:00,507,13.1,0,12.9,76
2/27/2025 13:00,737,14.3,0,13.5,68
2/27/2025 14:00,826,15.2,0,12.1,64
2/27/2025 15:00,900,16.2,0,8.3,64
2/27/2025 16:00,1349,16.5,0,11.4,64
2/27/2025 17:00,1392,16.6,0,13,56
2/27/2025 18:00,2081,15.1,0,14.3,55
2/27/2025 19:00,1831,13.1,0,19.2,55
2/27/2025 20:00,1201,11.5,0,21.1,57
2/27/2025 21:00,831,11.2,0,18.5,52
2/27/2025 22:00,729,10.1,0,17.4,57
2/27/2025 23:00,549,8.9,0,13.5,62
2/28/2025 0:00,318,8.2,0,14.3,65
2/28/2025 1:00,116,7.4,0,12.2,68
2/28/2025 2:00,104,6.5,0,10.6,71
2/28/2025 3:00,36,5.6,0,10.7,76
2/28/2025 4:00,24,5.8,0,18,73
2/28/2025 5:00,54,5.2,0,19.3,75
2/28/2025 6:00,144,4.7,0,18.8,75
2/28/2025 7:00,332,4.3,0,16.2,74
2/28/2025 8:00,805,3.9,0,16.2,73
2/28/2025 9:00,1284,6.5,0,16.5,58
2/28/2025 10:00,840,7.5,0,19.1,53
2/28/2025 11:00,651,8,0,18.4,51
2/28/2025 12:00,775,8.5,0,16.5,48
2/28/2025 13:00,950,8.8,0,14.5,46
2/28/2025 14:00,1033,9.8,0,13.7,41
2/28/2025 15:00,1071,10.6,0,12.1,39
2/28/2025 16:00,1512,11.3,0,12.3,38
2/28/2025 17:00,1722,11,0,12.7,40
2/28/2025 18:00,1972,10.5,0,10.1,45
2/28/2025 19:00,1605,8.7,0,7.9,53
2/28/2025 20:00,1159,8,0,11.9,55
2/28/2025 21:00,759,8.4,0,15.6,48
2/28/2025 22:00,644,8.4,0,16.2,47
2/28/2025 23:00,569,8.1,0,16.2,48
3/1/2025 0:00,521,7.9,0,16.3,49
3/1/2025 1:00,366,7.8,0,18.6,50
3/1/2025 2:00,239,8,0,18.6,51
3/1/2025 3:00,122,7.8,0,18.1,53
3/1/2025 4:00,60,7.4,0,16.8,56
3/1/2025 5:00,38,7.3,0,15.8,58
3/1/2025 6:00,76,7.4,0,15.1,59
3/1/2025 7:00,137,7.4,0,14.8,59
3/1/2025 8:00,271,7.3,0,14.6,59
3/1/2025 9:00,484,9,0,15.7,53
3/1/2025 10:00,826,11.4,0,12.5,53
3/1/2025 11:00,1138,13.8,0,13.9,48
3/1/2025 12:00,1459,15.7,0,14.8,45
3/1/2025 13:00,1548,15.3,0,26.1,40
3/1/2025 14:00,1517,13.5,0,27.3,44
3/1/2025 15:00,1538,10.7,0,26.3,45
3/1/2025 16:00,1602,9.6,0,27.8,41
3/1/2025 17:00,1312,8.9,0,28.5,35
3/1/2025 18:00,1126,5,0,24.7,46
3/1/2025 19:00,832,3.6,0,26.3,46
3/1/2025 20:00,692,2.3,0,29.5,42
3/1/2025 21:00,418,2,0,35.2,46
3/1/2025 22:00,379,0.6,0,31,47
3/1/2025 23:00,342,-1.1,0,30.1,49
3/2/2025 0:00,339,-2.3,0,28.6,49
3/2/2025 1:00,225,-3.3,0,23.1,47
3/2/2025 2:00,125,-4.5,0,19.2,47
3/2/2025 3:00,75,-5.1,0,15.8,47
3/2/2025 4:00,40,-5.8,0,14,48
3/2/2025 5:00,33,-5.9,0,14.1,49
3/2/2025 6:00,31,-6.1,0,15.4,49
3/2/2025 7:00,69,-6.2,0,13.1,50
3/2/2025 8:00,156,-6,0,11.3,50
3/2/2025 9:00,315,-5,0,14,47
3/2/2025 10:00,480,-3.8,0,14.2,46
3/2/2025 11:00,640,-2.6,0,14.5,44
3/2/2025 12:00,712,-1.1,0,13.5,43
3/2/2025 13:00,785,0.2,0,12.5,41
3/2/2025 14:00,820,1.2,0,12.4,40
3/2/2025 15:00,979,1.9,0,11.6,40
3/2/2025 16:00,930,2.4,0,11.4,39
3/2/2025 17:00,1007,2.5,0,10.8,38
3/2/2025 18:00,928,2.2,0,8.9,39
3/2/2025 19:00,879,0.7,0,3.1,57
3/2/2025 20:00,549,0.3,0,0.9,55
3/2/2025 21:00,378,-0.5,0,5.6,55
3/2/2025 22:00,319,-1.2,0,6.6,57
3/2/2025 23:00,292,-1.7,0,6.3,58
3/3/2025 0:00,139,-2.2,0,4.7,61
3/3/2025 1:00,92,-2.6,0,4,65
3/3/2025 2:00,24,-2.7,0,5.7,64
3/3/2025 3:00,10,-3,0,6.7,65
3/3/2025 4:00,14,-3.1,0,8.1,64
3/3/2025 5:00,17,-3.3,0,7.6,62
3/3/2025 6:00,116,-3.4,0,6.9,62
3/3/2025 7:00,313,-3.5,0,7.3,61
3/3/2025 8:00,724,-3.5,0,7.7,59
3/3/2025 9:00,1169,-2,0,5.7,61
3/3/2025 10:00,655,-0.3,0,8.1,49
3/3/2025 11:00,387,0.9,0,6.4,45
3/3/2025 12:00,525,2,0,6.7,44
3/3/2025 13:00,648,2.9,0,7.2,44
3/3/2025 14:00,642,4,0,7.3,43
3/3/2025 15:00,704,4.7,0,7.2,42
3/3/2025 16:00,1117,5.2,0,6,42
3/3/2025 17:00,1328,5.4,0,5,42
3/3/2025 18:00,1691,5.1,0,2.3,44
3/3/2025 19:00,1414,3.2,0,4.1,61
3/3/2025 20:00,881,2.2,0,4.1,65
3/3/2025 21:00,634,2.7,0,6.2,53
3/3/2025 22:00,532,1.6,0,6.9,57
3/3/2025 23:00,316,0.8,0,7.1,60
3/4/2025 0:00,148,0.5,0,7.2,60
3/4/2025 1:00,57,0.2,0,7.5,63
3/4/2025 2:00,20,0.1,0,8.2,68
3/4/2025 3:00,12,-0.1,0,8.5,73
3/4/2025 4:00,9,-0.2,0,8.1,76
3/4/2025 5:00,25,0.4,0,8.3,76
3/4/2025 6:00,156,0.5,0,8.3,75
3/4/2025 7:00,390,0.2,0,8.5,76
3/4/2025 8:00,979,0.2,0,9.2,75
3/4/2025 9:00,1648,2.7,0,11.2,73
3/4/2025 10:00,861,4.5,0,7.7,67
3/4/2025 11:00,507,7.6,0,11.3,57
3/4/2025 12:00,592,10.3,0,12.4,50
3/4/2025 13:00,728,12.7,0,14.5,44
3/4/2025 14:00,791,14.3,0,17.3,40
3/4/2025 15:00,828,14.4,0,17.9,39
3/4/2025 16:00,1373,14.6,0,16.5,39
3/4/2025 17:00,1665,14.6,0,15.2,40
3/4/2025 18:00,2344,14.3,0,15.2,40
3/4/2025 19:00,1804,12.6,0,14.9,43
3/4/2025 20:00,1234,11.1,0,12.6,49
3/4/2025 21:00,905,10.6,0,11.9,51
3/4/2025 22:00,672,10.5,0,12.6,54
3/4/2025 23:00,466,10.7,0,16.2,60
3/5/2025 0:00,227,11.6,0,18.2,65
3/5/2025 1:00,116,12.2,0,20.2,66
3/5/2025 2:00,47,12.1,0,19,71
3/5/2025 3:00,28,11.8,0,18,76
3/5/2025 4:00,17,12.2,0,19,78
3/5/2025 5:00,44,12.4,0,19.7,80
3/5/2025 6:00,154,12.4,0,20.2,82
3/5/2025 7:00,429,12.7,0,22.2,83
3/5/2025 8:00,1079,12.7,0,21.9,85
3/5/2025 9:00,1746,13.9,0,20,80
3/5/2025 10:00,908,14.7,0,23.4,77
3/5/2025 11:00,475,15.2,0.2,24.8,78
3/5/2025 12:00,571,14.7,0.6,28.9,84
3/5/2025 13:00,387,15.2,1.5,26.7,84
3/5/2025 14:00,305,14.7,2,31.7,90
3/5/2025 15:00,259,15,5.1,38.4,92
3/5/2025 16:00,424,14.7,9.4,25.9,94
3/5/2025 17:00,533,14.4,9.7,15.8,96
3/5/2025 18:00,1495,14.5,6.3,17.1,97
3/5/2025 19:00,1379,14.9,0.8,18.2,97
3/5/2025 20:00,977,14.5,0.1,15.7,98
3/5/2025 21:00,731,14.3,0.1,12.2,93
3/5/2025 22:00,517,12.2,3.3,13.4,95
3/5/2025 23:00,348,12,0.1,13.2,95
3/6/2025 0:00,216,11.2,0.1,12.4,96
3/6/2025 1:00,76,10.9,0.5,21.2,89
3/6/2025 2:00,27,9.6,0,23.8,73
3/6/2025 3:00,28,8.2,0,20.5,63
3/6/2025 4:00,13,7.4,0,16.9,61
3/6/2025 5:00,29,6.4,0,14.2,62
3/6/2025 6:00,132,5.2,0,14.4,64
3/6/2025 7:00,385,4.7,0,15.4,64
3/6/2025 8:00,975,4.5,0,19.1,63
3/6/2025 9:00,1622,5.8,0,19.1,60
3/6/2025 10:00,897,6.4,0,26.4,55
3/6/2025 11:00,516,7.5,0,26.6,50
3/6/2025 12:00,581,7.9,0,26.5,49
3/6/2025 13:00,688,7.9,0,26.5,50
3/6/2025 14:00,646,6.5,0,25,49
3/6/2025 15:00,712,6.7,0,27.9,48
3/6/2025 16:00,1027,5.6,0,28.6,48
3/6/2025 17:00,1222,4.9,0,29.7,47
3/6/2025 18:00,1645,4.8,0,26.6,49
3/6/2025 19:00,1335,4.2,0,23.3,51
3/6/2025 20:00,838,3.4,0,22.5,53
3/6/2025 21:00,642,3.6,0,21.7,56
3/6/2025 22:00,465,3.4,0,21.1,58
3/6/2025 23:00,361,3.4,0,18,60
3/7/2025 0:00,222,3.1,0,16.7,64
3/7/2025 1:00,104,2.4,0,19.9,62
3/7/2025 2:00,57,1.9,0,18.5,60
3/7/2025 3:00,33,1.5,0,18.1,59
3/7/2025 4:00,21,1.3,0,16.4,59
3/7/2025 5:00,31,0.9,0,16,61
3/7/2025 6:00,123,0.6,0,14.6,62
3/7/2025 7:00,348,0.1,0,13.8,64
3/7/2025 8:00,725,0.2,0,14.9,64
3/7/2025 9:00,1268,2.7,0,9.9,58
3/7/2025 10:00,727,4.4,0,14.6,48
3/7/2025 11:00,553,5.7,0,16.4,41
3/7/2025 12:00,733,7.4,0,16.6,35
3/7/2025 13:00,878,8.6,0,18.9,32
3/7/2025 14:00,986,9.6,0,19.8,33
3/7/2025 15:00,1113,10.6,0,18.1,32
3/7/2025 16:00,1510,11.2,0,16,31
3/7/2025 17:00,1686,11.3,0,12.9,32
3/7/2025 18:00,1890,10.8,0,8.2,38
3/7/2025 19:00,1582,9.2,0,5.8,52
3/7/2025 20:00,1096,8.4,0,5.2,60
3/7/2025 21:00,821,8,0,8.9,53
3/7/2025 22:00,621,7.4,0,6.9,58
3/7/2025 23:00,630,6.9,0,5.4,64
3/8/2025 0:00,490,6.8,0,5.8,67
3/8/2025 1:00,334,6.1,0,4.5,72
3/8/2025 2:00,242,6,0,2.2,75
3/8/2025 3:00,107,5.9,0,2.8,75
3/8/2025 4:00,72,5.3,0,4.2,76
3/8/2025 5:00,36,4.9,0,6.1,75
3/8/2025 6:00,59,4.1,0,7.5,76
3/8/2025 7:00,128,4.7,0,9,72
3/8/2025 8:00,287,5,0,10.4,70
3/8/2025 9:00,540,6.6,0,9.3,70
3/8/2025 10:00,788,7.7,0,16.7,63
3/8/2025 11:00,944,8.2,0,20,59
3/8/2025 12:00,1062,7.4,0,19.5,54
3/8/2025 13:00,1218,8.5,0,20.4,44
3/8/2025 14:00,1222,8.6,0,21.9,42
3/8/2025 15:00,1473,7.9,0,22.7,41
3/8/2025 16:00,1365,7.6,0,21.4,39
3/8/2025 17:00,1331,7.3,0,22.2,35
3/8/2025 18:00,1233,6.3,0,21.6,36
3/8/2025 19:00,993,4.9,0,17.2,41
3/8/2025 20:00,681,3.8,0,17.9,45
3/8/2025 21:00,648,4.8,0,14.4,46
3/8/2025 22:00,510,4.1,0,14.8,46
3/8/2025 23:00,481,3.2,0,12.5,49
3/9/2025 0:00,434,2.7,0,10.7,52
3/9/2025 1:00,309,2,0,10.1,55
3/9/2025 2:00,214,1.2,0,8.2,59
3/9/2025 3:00,0,0.6,0,7.6,62
3/9/2025 4:00,155,0,0,6.9,66
3/9/2025 5:00,61,-0.6,0,6.6,69
3/9/2025 6:00,54,-0.9,0,5.6,73
3/9/2025 7:00,88,-0.8,0,6.2,73
3/9/2025 8:00,174,-0.2,0,7.9,71
3/9/2025 9:00,280,2.4,0,12.3,66
3/9/2025 10:00,544,4.4,0,10.4,62
3/9/2025 11:00,787,7.3,0,9.5,55
3/9/2025 12:00,1013,9.9,0,12.6,46
3/9/2025 13:00,1256,11.6,0,15.6,41
3/9/2025 14:00,1238,12.6,0,23.7,38
3/9/2025 15:00,1376,12.7,0,22.1,36
3/9/2025 16:00,1551,13.7,0,22.2,33
3/9/2025 17:00,1513,13.8,0,16,34
3/9/2025 18:00,1386,12.8,0,10.6,40
3/9/2025 19:00,1374,10.3,0,7.1,52
3/9/2025 20:00,1023,8.8,0,7.3,56
3/9/2025 21:00,706,7.7,0,6,64
3/9/2025 22:00,527,7.1,0,8.3,62
3/9/2025 23:00,408,6.8,0,11.1,60
3/10/2025 0:00,227,6.6,0,10.8,61
3/10/2025 1:00,131,5.7,0,7.6,66
3/10/2025 2:00,51,4.8,0,6.6,70
3/10/2025 3:00,40,4.1,0,6.4,73
3/10/2025 4:00,30,3.7,0,6.7,74
3/10/2025 5:00,37,3.1,0,6.9,78
3/10/2025 6:00,163,2.7,0,6.2,79
3/10/2025 7:00,343,2.1,0,5.2,80
3/10/2025 8:00,846,2.5,0,4.9,79
3/10/2025 9:00,1478,5,0,7.1,70
3/10/2025 10:00,783,8.1,0,3.1,65
3/10/2025 11:00,465,11.4,0,3.2,58
3/10/2025 12:00,690,14,0,4.3,47
3/10/2025 13:00,820,15.5,0,3.3,42
3/10/2025 14:00,908,16.4,0,1.9,39
3/10/2025 15:00,1010,16.7,0,4.3,37
3/10/2025 16:00,1420,16.6,0,4.1,36
3/10/2025 17:00,1732,16.5,0,2.2,36
3/10/2025 18:00,2320,16,0,2.5,43
3/10/2025 19:00,2073,12.8,0,5.4,56
3/10/2025 20:00,1448,11.2,0,8,53
3/10/2025 21:00,985,10.8,0,9,52
3/10/2025 22:00,695,9.2,0,7.8,55
3/10/2025 23:00,412,8.1,0,6.4,60
3/11/2025 0:00,244,7,0,5.5,65
3/11/2025 1:00,114,6.6,0,5.1,65
3/11/2025 2:00,44,5.8,0,5.3,70
3/11/2025 3:00,16,5.1,0,4.8,72
3/11/2025 4:00,22,4.9,0,6.1,74
3/11/2025 5:00,29,4.7,0,7.3,73
3/11/2025 6:00,157,4.3,0,6.2,75
3/11/2025 7:00,395,3.6,0,3.2,77
3/11/2025 8:00,1035,3.9,0,0.2,77
3/11/2025 9:00,1889,5.5,0,2.3,75
3/11/2025 10:00,1081,9.1,0,1.6,66
3/11/2025 11:00,656,12.4,0,4.4,55
3/11/2025 12:00,753,15.1,0,5.8,47
3/11/2025 13:00,875,17.3,0,7.2,41
3/11/2025 14:00,993,18.7,0,8.1,37
3/11/2025 15:00,1054,19.6,0,8.7,35
3/11/2025 16:00,1606,20.2,0,10.6,33
3/11/2025 17:00,2003,20.1,0,11.1,34
3/11/2025 18:00,2739,18.9,0,8,42
3/11/2025 19:00,2397,16.1,0,8.9,51
3/11/2025 20:00,1732,14.5,0,10.1,53
3/11/2025 21:00,1108,14.8,0,10.8,47
3/11/2025 22:00,914,13.7,0,10.9,52
3/11/2025 23:00,581,12.9,0,12.2,54
3/12/2025 0:00,300,12.3,0,9.8,57
3/12/2025 1:00,118,11.1,0,8,63
3/12/2025 2:00,52,10.8,0,12.8,64
3/12/2025 3:00,18,10.1,0,12.8,64
3/12/2025 4:00,23,9.2,0,11.1,67
3/12/2025 5:00,45,8.4,0,11.2,70
3/12/2025 6:00,154,7.5,0,10.3,72
3/12/2025 7:00,426,6.5,0,9,72
3/12/2025 8:00,1156,6.1,0,8.9,71
3/12/2025 9:00,1899,10.4,0,9.3,62
3/12/2025 10:00,1087,11.4,0,9.7,46
3/12/2025 11:00,676,12.6,0,8.3,41
3/12/2025 12:00,809,13.8,0,8.8,39
3/12/2025 13:00,996,15.1,0,9.2,35
3/12/2025 14:00,967,16,0,9.8,32
3/12/2025 15:00,1093,16.6,0,10.8,32
3/12/2025 16:00,1599,16.8,0,12.5,34
3/12/2025 17:00,1854,16.5,0,12.6,39
3/12/2025 18:00,2817,15.9,0,11,46
3/12/2025 19:00,2267,13.4,0,13.3,51
3/12/2025 20:00,1717,10.9,0,13,53
3/12/2025 21:00,1097,9.4,0,13.8,53
3/12/2025 22:00,841,8.1,0,12.7,59
3/12/2025 23:00,538,6.9,0,11.4,65
3/13/2025 0:00,271,6.1,0,10.6,72
3/13/2025 1:00,129,5.5,0,9.9,78
3/13/2025 2:00,58,5,0,9.6,84
3/13/2025 3:00,28,4.6,0,10.6,89
3/13/2025 4:00,28,4.5,0,10,93
3/13/2025 5:00,40,4.3,0,9.6,94
3/13/2025 6:00,145,4.2,0,10.1,94
3/13/2025 7:00,413,4.3,0,10.1,95
3/13/2025 8:00,948,4.6,0,10.2,94
3/13/2025 9:00,1529,5.6,0,12.4,93
3/13/2025 10:00,961,6.3,0,11.4,90
3/13/2025 11:00,601,7.4,0,9,85
3/13/2025 12:00,683,8.7,0,8.3,79
3/13/2025 13:00,836,9.9,0,8,75
3/13/2025 14:00,944,11.3,0,6.2,71
3/13/2025 15:00,936,12.5,0,4.7,68
3/13/2025 16:00,1287,13.4,0,4.8,66
3/13/2025 17:00,1607,13.7,0,5.9,64
3/13/2025 18:00,2220,13.6,0,7.2,65
3/13/2025 19:00,1998,12.3,0,7.2,72
3/13/2025 20:00,1421,10.9,0,7.9,77
3/13/2025 21:00,930,8.2,0,3.6,82
3/13/2025 22:00,770,8.2,0,1.5,81
3/13/2025 23:00,614,7.4,0,4,83
3/14/2025 0:00,335,7.1,0,7.9,84
3/14/2025 1:00,179,5.9,0,6.8,88
3/14/2025 2:00,69,5.2,0,5.8,90
3/14/2025 3:00,48,4.6,0,4.6,91
3/14/2025 4:00,41,4,0,3.8,92
3/14/2025 5:00,47,3.6,0,3.7,93
3/14/2025 6:00,152,3.5,0,5.2,94
3/14/2025 7:00,349,3.3,0,6.4,93
3/14/2025 8:00,628,3.5,0,8.1,93
3/14/2025 9:00,1147,5.4,0,6.1,90
3/14/2025 10:00,907,6.5,0,5.6,87
3/14/2025 11:00,652,7.2,0,6.4,84
3/14/2025 12:00,830,8.5,0,5.8,79
3/14/2025 13:00,952,9.8,0,7.4,75
3/14/2025 14:00,1046,11.9,0,9.2,68
3/14/2025 15:00,1181,13.1,0,8.5,65
3/14/2025 16:00,1484,13.4,0,9,64
3/14/2025 17:00,1766,13.3,0,10,64
3/14/2025 18:00,2043,12.8,0,10.6,66
3/14/2025 19:00,1718,11.6,0,9.5,72
3/14/2025 20:00,1205,10.3,0,8.3,78
3/14/2025 21:00,866,7.2,0,10.1,84
3/14/2025 22:00,685,6.8,0,9.9,85
3/14/2025 23:00,589,6.7,0,10.2,87
3/15/2025 0:00,552,6.8,0,10.8,88
3/15/2025 1:00,350,6.8,0,10.3,89
3/15/2025 2:00,220,7,0,10,90
3/15/2025 3:00,121,7.1,0,9.3,90
3/15/2025 4:00,73,7.2,0,7.8,91
3/15/2025 5:00,44,7.2,0,8.6,92
3/15/2025 6:00,65,7.3,0,9.2,92
3/15/2025 7:00,269,7.4,0,8,93
3/15/2025 8:00,725,7.4,0,9.5,93
3/15/2025 9:00,715,7.5,0,9.6,88
3/15/2025 10:00,1083,8.4,0,12.7,85
3/15/2025 11:00,1257,9.6,0,12.7,82
3/15/2025 12:00,1365,10.8,0,13,79
3/15/2025 13:00,1377,12.3,0,15.2,76
3/15/2025 14:00,1417,13.4,0,15.5,73
3/15/2025 15:00,1590,15,0,16,67
3/15/2025 16:00,1582,17.3,0,15.7,58
3/15/2025 17:00,1576,17.6,0,15.5,58
3/15/2025 18:00,1572,17.1,0,12.7,61
3/15/2025 19:00,1500,15.3,0,13.1,68
3/15/2025 20:00,1237,14.5,0,11.2,70
3/15/2025 21:00,882,11.8,0,11.2,86
3/15/2025 22:00,809,11.1,0,11.1,90
3/15/2025 23:00,713,11.3,0,12.1,92
3/16/2025 0:00,639,11.6,0,12.7,93
3/16/2025 1:00,466,12.3,0,14.3,94
3/16/2025 2:00,350,13.5,0,17.6,93
3/16/2025 3:00,189,14.4,0,19.7,92
3/16/2025 4:00,95,14.5,0,20.6,92
3/16/2025 5:00,43,14.8,0,20.2,91
3/16/2025 6:00,54,15.1,0,19.9,90
3/16/2025 7:00,105,15.5,0,19.2,90
3/16/2025 8:00,220,15.9,0,19.8,89
3/16/2025 9:00,422,17.2,0,19.4,88
3/16/2025 10:00,786,18.2,0.1,23.2,83
3/16/2025 11:00,959,18.9,0.1,24.3,79
3/16/2025 12:00,1130,20.5,0.1,28.1,75
3/16/2025 13:00,1263,19.7,0.3,28.3,79
3/16/2025 14:00,1047,19.5,0.6,28,82
3/16/2025 15:00,1180,21.8,0,31.1,71
3/16/2025 16:00,1348,21.4,0.1,24.3,75
3/16/2025 17:00,1406,22,0.2,25.6,72
3/16/2025 18:00,1336,21.3,0,29,73
3/16/2025 19:00,1280,19.9,0,26.3,79
3/16/2025 20:00,1004,19,0,21.7,86
3/16/2025 21:00,684,18.6,0,18.2,85
3/16/2025 22:00,527,17.9,0,12,88
3/16/2025 23:00,454,16.7,1.3,13.5,92
3/17/2025 0:00,177,15.9,4.3,13.8,95
3/17/2025 1:00,80,14.8,0.9,14.4,92
3/17/2025 2:00,27,14.4,0.1,10.7,92
3/17/2025 3:00,26,13.8,0.3,16.9,89
3/17/2025 4:00,25,12.8,0.5,17.8,87
3/17/2025 5:00,30,12,0.6,16.5,88
3/17/2025 6:00,131,11.2,0.3,17.7,87
3/17/2025 7:00,380,10.7,0.1,19,84
3/17/2025 8:00,891,10.2,0,22,73
3/17/2025 9:00,1513,10.9,0,21.8,65
3/17/2025 10:00,817,10.4,0,23.2,57
3/17/2025 11:00,542,10.6,0,24.4,58
3/17/2025 12:00,683,12,0,23.3,52
3/17/2025 13:00,872,12.3,0,23.3,50
3/17/2025 14:00,900,12.3,0,23.8,48
3/17/2025 15:00,993,12.3,0,23.9,49
3/17/2025 16:00,1450,11.6,0,24.1,49
3/17/2025 17:00,1645,11.4,0,23.5,46
3/17/2025 18:00,2070,10.1,0,21.5,48
3/17/2025 19:00,1756,8.7,0,18.4,50
3/17/2025 20:00,1296,7.5,0,17.8,52
3/17/2025 21:00,876,6.1,0,17.7,55
3/17/2025 22:00,578,5.4,0,16.3,57
3/17/2025 23:00,403,4.7,0,16.8,58
3/18/2025 0:00,231,4,0,17.6,59
3/18/2025 1:00,96,3.5,0,16.7,59
3/18/2025 2:00,48,3,0,17,59
3/18/2025 3:00,22,2.6,0,16.5,60
3/18/2025 4:00,16,2.2,0,15.1,61
3/18/2025 5:00,29,1.9,0,15.1,61
3/18/2025 6:00,130,1.8,0,15.8,59
3/18/2025 7:00,376,1.8,0,14.8,57
3/18/2025 8:00,960,2.3,0,14.7,54
3/18/2025 9:00,1836,5.4,0,11.4,53
3/18/2025 10:00,1020,7.8,0,11.6,47
3/18/2025 11:00,630,10.1,0,12.4,43
3/18/2025 12:00,745,12,0,12.7,39
3/18/2025 13:00,893,13.6,0,9.8,37
3/18/2025 14:00,980,14.8,0,7.6,37
3/18/2025 15:00,1012,15.9,0,4.3,36
3/18/2025 16:00,1584,16.4,0,1.5,36
3/18/2025 17:00,1950,16.5,0,0.6,36
3/18/2025 18:00,2788,16,0,2.6,41
3/18/2025 19:00,2298,13.5,0,4.5,58
3/18/2025 20:00,1638,11.5,0,5.2,62
3/18/2025 21:00,1065,11.8,0,5.9,54
3/18/2025 22:00,892,10.6,0,5.8,57
3/18/2025 23:00,574,9.3,0,5.5,61
3/19/2025 0:00,255,8.3,0,5.3,64
3/19/2025 1:00,84,7.9,0,5.2,64
3/19/2025 2:00,52,7.3,0,5.4,65
3/19/2025 3:00,21,6.7,0,5.7,67
3/19/2025 4:00,14,6.2,0,5.6,69
3/19/2025 5:00,51,5.5,0,5.6,72
3/19/2025 6:00,171,5.3,0,5.1,71
3/19/2025 7:00,423,5.2,0,4.9,72
3/19/2025 8:00,1086,6.4,0,5.2,70
3/19/2025 9:00,1941,7.2,0,7,68
3/19/2025 10:00,1129,10.3,0,4.3,62
3/19/2025 11:00,676,13.8,0,4.8,54
3/19/2025 12:00,844,17,0,7.3,46
3/19/2025 13:00,1024,19.5,0,10.2,36
3/19/2025 14:00,1158,20.5,0,12.8,31
3/19/2025 15:00,1266,20.8,0,13.6,31
3/19/2025 16:00,1671,20.8,0,13.5,33
3/19/2025 17:00,2219,20.2,0,13,37
3/19/2025 18:00,2922,18.3,0,12.7,42
3/19/2025 19:00,2453,15.9,0,12,45
3/19/2025 20:00,1772,14,0,13.3,48
3/19/2025 21:00,1195,13.7,0,13.7,45
3/19/2025 22:00,884,12.6,0,13.8,47
3/19/2025 23:00,635,11.7,0,13,47
3/20/2025 0:00,308,10.9,0,13.1,47
3/20/2025 1:00,144,9.9,0,12.8,49
3/20/2025 2:00,46,9.6,0,12.9,50
3/20/2025 3:00,28,9.4,0,12.3,51
3/20/2025 4:00,19,9.1,0,10.1,53
3/20/2025 5:00,41,8.7,0,9.9,55
3/20/2025 6:00,141,8.3,0,10.2,58
3/20/2025 7:00,417,8,0,9.9,62
3/20/2025 8:00,1121,8.6,0,10.7,65
3/20/2025 9:00,1896,10.9,0,11.2,62
3/20/2025 10:00,1138,13.5,0,10,57
3/20/2025 11:00,731,16,0,13.3,53
3/20/2025 12:00,857,17.5,0,14.3,49
3/20/2025 13:00,1042,18.4,0,14.9,48
3/20/2025 14:00,1100,19.2,0,15.4,47
3/20/2025 15:00,1186,21.5,0,15.4,46
3/20/2025 16:00,1809,21.7,0,12.4,50
3/20/2025 17:00,2159,20.8,0,15.7,54
3/20/2025 18:00,2501,16,1.7,13.7,87
3/20/2025 19:00,680,14.6,2.2,19.5,87
3/20/2025 20:00,419,12.4,1.7,20.2,88
3/20/2025 21:00,541,12.1,0.3,21.4,81
3/20/2025 22:00,531,12.1,0,22.6,70
3/20/2025 23:00,491,11,0.1,23,57
3/21/2025 0:00,326,9.5,0.1,21.5,60
3/21/2025 1:00,176,7.5,0,23.2,64
3/21/2025 2:00,68,6,0,23.3,65
3/21/2025 3:00,44,4.8,0,25.5,61
3/21/2025 4:00,35,3.7,0,25.1,62
3/21/2025 5:00,38,3.4,0,25.6,59
3/21/2025 6:00,119,3,0,25.6,54
3/21/2025 7:00,328,2.1,0,26.6,52
3/21/2025 8:00,763,2,0,26.1,52
3/21/2025 9:00,1419,4.4,0,25.9,47
3/21/2025 10:00,846,5.3,0,24.9,46
3/21/2025 11:00,673,6.8,0,22.5,44
3/21/2025 12:00,852,8.4,0,22.4,40
3/21/2025 13:00,1049,9.9,0,20.6,37
3/21/2025 14:00,1209,11.2,0,18.9,34
3/21/2025 15:00,1348,12.2,0,18.6,32
3/21/2025 16:00,1795,12.7,0,17.7,31
3/21/2025 17:00,2017,12.8,0,16.9,30
3/21/2025 18:00,2315,12.4,0,13.7,33
3/21/2025 19:00,2033,11.2,0,9.2,41
3/21/2025 20:00,1554,9.4,0,7,51
3/21/2025 21:00,1138,9.2,0,7.2,50
3/21/2025 22:00,805,8.3,0,6.4,55
3/21/2025 23:00,784,8.2,0,4.7,61
3/22/2025 0:00,637,7.4,0,4,66
3/22/2025 1:00,469,6.9,0,4.8,69
3/22/2025 2:00,309,6.6,0,6.4,67
3/22/2025 3:00,151,5.7,0,6.1,69
3/22/2025 4:00,81,5.6,0,7.4,69
3/22/2025 5:00,65,5.6,0,8.8,66
3/22/2025 6:00,52,5.7,0,9.1,61
3/22/2025 7:00,142,5.3,0,9.8,61
3/22/2025 8:00,284,6.1,0,11.4,59
3/22/2025 9:00,601,8.4,0,12.8,58
3/22/2025 10:00,921,10.3,0,9.9,54
3/22/2025 11:00,1225,11.8,0,9.8,52
3/22/2025 12:00,1589,15.5,0,13,40
3/22/2025 13:00,1839,16.6,0,15.9,33
3/22/2025 14:00,2013,17.4,0,20.9,30
3/22/2025 15:00,2106,17.8,0,22.9,29
3/22/2025 16:00,2218,17.3,0,23.8,31
3/22/2025 17:00,2170,16.8,0,26.1,34
3/22/2025 18:00,2179,15.9,0,22.6,38
3/22/2025 19:00,1873,14.1,0,20.3,46
3/22/2025 20:00,1341,12.5,0,20.2,52
3/22/2025 21:00,1017,10.6,0,16.6,58
3/22/2025 22:00,921,9.8,0,13.8,59
3/22/2025 23:00,735,9.2,0,15.2,59
3/23/2025 0:00,594,8.1,0,14.3,60
3/23/2025 1:00,423,7.4,0,14.8,61
3/23/2025 2:00,321,6.4,0,13.8,61
3/23/2025 3:00,188,5.3,0,11.1,63
3/23/2025 4:00,107,4.4,0,11.1,64
3/23/2025 5:00,54,3.4,0,9.9,64
3/23/2025 6:00,50,2.3,0,8.4,65
3/23/2025 7:00,134,1.4,0,6.7,66
3/23/2025 8:00,224,1.6,0,5.5,65
3/23/2025 9:00,425,4.6,0,6.8,52
3/23/2025 10:00,746,6,0,9.2,46
3/23/2025 11:00,1128,7.3,0,8,42
3/23/2025 12:00,1349,8.8,0,6.9,39
3/23/2025 13:00,1534,10.1,0,4.2,37
3/23/2025 14:00,1636,11.3,0,1.7,36
3/23/2025 15:00,1779,12.1,0,2.3,37
3/23/2025 16:00,1988,12.4,0,3.9,38
3/23/2025 17:00,1982,12.6,0,5.1,40
3/23/2025 18:00,1770,12.8,0,6.3,41
3/23/2025 19:00,1482,11.6,0,13,43
3/23/2025 20:00,1012,9.2,0,14.8,44
3/23/2025 21:00,651,8.9,0,13.2,47
3/23/2025 22:00,521,7.9,1.6,14.2,68
3/23/2025 23:00,468,7.5,0,14.1,73
3/24/2025 0:00,257,7.7,0,14.9,76
3/24/2025 1:00,100,7.3,0,15.3,75
3/24/2025 2:00,52,7.8,0,15.4,73
3/24/2025 3:00,32,7.8,0,13.9,75
3/24/2025 4:00,26,8.1,0,13.4,77
3/24/2025 5:00,43,8.6,0,11.7,80
3/24/2025 6:00,128,9.2,0,14.1,82
3/24/2025 7:00,297,9.4,0.8,15.7,87
3/24/2025 8:00,606,9.4,0.7,14.2,94
3/24/2025 9:00,1170,8.8,0,10.1,95
3/24/2025 10:00,706,9.6,0.1,9.5,93
3/24/2025 11:00,317,10.7,0.5,8.7,92
3/24/2025 12:00,327,10.9,0.6,8,94
3/24/2025 13:00,579,12.2,0.2,14.3,87
3/24/2025 14:00,612,12.8,0.2,13.2,85
3/24/2025 15:00,655,13.7,0,7.9,81
3/24/2025 16:00,1045,15.7,0,9.1,69
3/24/2025 17:00,1376,17,0.1,8.2,58
3/24/2025 18:00,2132,17.8,0,4.8,54
3/24/2025 19:00,1900,15.9,0,8,46
3/24/2025 20:00,1452,14,0,14.3,32
3/24/2025 21:00,977,12,0,5.2,90
3/24/2025 22:00,783,10.8,0,5.5,85
3/24/2025 23:00,443,11.3,0,11.1,49
3/25/2025 0:00,235,10.7,0,11.6,47
3/25/2025 1:00,105,10.9,0,14.1,45
3/25/2025 2:00,40,10.9,0,16.1,42
3/25/2025 3:00,40,10.4,0,14.5,43
3/25/2025 4:00,33,8.9,0,8.2,50
3/25/2025 5:00,63,8.1,0,9.4,53
3/25/2025 6:00,154,7.9,0,9.5,53
3/25/2025 7:00,465,7,0,7.8,57
3/25/2025 8:00,1123,7.4,0,7.3,57
3/25/2025 9:00,1979,11.2,0,4.9,46
3/25/2025 10:00,1111,12.7,0,10.5,32
3/25/2025 11:00,680,13.8,0,12.5,29
3/25/2025 12:00,837,14.7,0,12.2,28
3/25/2025 13:00,1048,16.1,0,15,25
3/25/2025 14:00,1124,16.7,0,15.8,26
3/25/2025 15:00,1163,16.5,0,15.5,26
3/25/2025 16:00,1644,16.3,0,16.3,26
3/25/2025 17:00,2037,14.7,0.1,13.2,38
3/25/2025 18:00,2717,13.5,0.1,16.1,44
3/25/2025 19:00,2302,12.3,0,12,50
3/25/2025 20:00,1566,11.6,0,10.7,54
3/25/2025 21:00,1022,11.2,0,9.7,47
3/25/2025 22:00,762,10.5,0,8.4,49
3/25/2025 23:00,559,9.9,0,13.5,47
3/26/2025 0:00,304,9,0,14.9,50
3/26/2025 1:00,106,8.2,0,14.1,55
3/26/2025 2:00,60,7.3,0,13.5,59
3/26/2025 3:00,35,6.7,0,13.2,63
3/26/2025 4:00,16,6.5,0,14.3,66
3/26/2025 5:00,42,5.9,0,13.4,68
3/26/2025 6:00,156,6,0,13.9,66
3/26/2025 7:00,482,5.6,0.4,8.2,69
3/26/2025 8:00,1169,6,0,11.1,69
3/26/2025 9:00,1852,8.2,0,16,51
3/26/2025 10:00,1052,9.1,0,20.6,30
3/26/2025 11:00,664,9.4,0,22,32
3/26/2025 12:00,753,9.9,0,23.7,30
3/26/2025 13:00,906,10,0,24.4,30
3/26/2025 14:00,966,10.8,0,22.9,28
3/26/2025 15:00,1031,11.2,0,24.1,26
3/26/2025 16:00,1351,11.1,0,25.6,27
3/26/2025 17:00,1800,10.7,0,24.3,27
3/26/2025 18:00,2538,10.2,0,22.1,26
3/26/2025 19:00,2187,9.3,0,17.4,29
3/26/2025 20:00,1496,7.7,0,14.6,34
3/26/2025 21:00,973,7.1,0,5.2,49
3/26/2025 22:00,715,6,0,5.9,52
3/26/2025 23:00,502,6,0,6.2,51
3/27/2025 0:00,254,4.9,0,6.3,55
3/27/2025 1:00,140,3.7,0,5.6,61
3/27/2025 2:00,53,3.1,0,5.5,63
3/27/2025 3:00,26,3,0,7.7,62
3/27/2025 4:00,23,2.7,0,9.5,62
3/27/2025 5:00,41,1.7,0,8.3,67
3/27/2025 6:00,145,0.9,0,6.9,70
3/27/2025 7:00,435,0.1,0,5.5,73
3/27/2025 8:00,1030,0.8,0,7.2,69
3/27/2025 9:00,1751,3.6,0,6.8,60
3/27/2025 10:00,998,5.8,0,8.5,41
3/27/2025 11:00,686,7.7,0,9.5,31
3/27/2025 12:00,797,9.4,0,10.8,27
3/27/2025 13:00,1053,10.7,0,11.9,27
3/27/2025 14:00,1235,11.8,0,12.2,26
3/27/2025 15:00,1232,12.8,0,11.2,24
3/27/2025 16:00,1803,13.7,0,8.5,24
3/27/2025 17:00,1901,14.2,0,5.9,25
3/27/2025 18:00,2784,14.2,0,2.5,25
3/27/2025 19:00,2471,12.4,0,3.9,43
3/27/2025 20:00,1978,10.5,0,8.3,43
3/27/2025 21:00,1207,9.7,0,6.7,45
3/27/2025 22:00,930,8.5,0,6.3,49
3/27/2025 23:00,699,7.7,0,9.2,50
3/28/2025 0:00,397,7.3,0,11.5,54
3/28/2025 1:00,205,6.7,0,10.7,61
3/28/2025 2:00,88,6.2,0,10.6,65
3/28/2025 3:00,55,5.8,0,9.1,68
3/28/2025 4:00,24,5.4,0,8.2,69
3/28/2025 5:00,48,5,0,6.6,71
3/28/2025 6:00,147,4.7,0,6,73
3/28/2025 7:00,477,5.3,0,5,73
3/28/2025 8:00,987,6.4,0,6.5,69
3/28/2025 9:00,1548,9.3,0,5,64
3/28/2025 10:00,1116,10.3,0,2,62
3/28/2025 11:00,1005,10.4,0,5.4,64
3/28/2025 12:00,1114,15.6,0,5.9,47
3/28/2025 13:00,1347,17.3,0,6.9,44
3/28/2025 14:00,1634,21.1,0,10.7,37
3/28/2025 15:00,1694,23.1,0,16.5,31
3/28/2025 16:00,2084,21.8,0,13.1,36
3/28/2025 17:00,2383,22.9,0,12.6,33
3/28/2025 18:00,2341,23.1,0,7.7,35
3/28/2025 19:00,1945,20,0,7.7,51
3/28/2025 20:00,1703,17,0,4.2,68
3/28/2025 21:00,1200,16.7,0,6.2,70
3/28/2025 22:00,993,14.9,0,1.6,77
3/28/2025 23:00,857,14,0,5.1,80
3/29/2025 0:00,680,15.3,0,15.2,63
3/29/2025 1:00,515,16.5,0,19.3,50
3/29/2025 2:00,295,17.3,0,19.1,44
3/29/2025 3:00,175,17.1,0,17.4,44
3/29/2025 4:00,98,16.5,0,17,46
3/29/2025 5:00,58,16.1,0,16.6,48
3/29/2025 6:00,91,16,0,15.8,49
3/29/2025 7:00,431,16.2,0,14.4,49
3/29/2025 8:00,686,16.1,0,10.8,52
3/29/2025 9:00,1188,18.3,0,12,55
3/29/2025 10:00,1548,18.9,0,11.7,52
3/29/2025 11:00,1885,18.6,0,11.6,53
3/29/2025 12:00,2048,19.8,0,11.5,51
3/29/2025 13:00,2564,22,0,10.1,52
3/29/2025 14:00,2670,25.2,0,10.8,42
3/29/2025 15:00,2800,26,0,14,40
3/29/2025 16:00,2791,27.1,0,13.9,32
3/29/2025 17:00,2930,27.2,0,8.7,32
3/29/2025 18:00,2683,25.4,0,4.1,47
3/29/2025 19:00,2693,23.3,0,10.2,47
3/29/2025 20:00,2264,20.8,0,6.1,58
3/29/2025 21:00,1685,21.1,0,10.1,53
3/29/2025 22:00,1379,20.4,0,10.2,54
3/29/2025 23:00,1186,20,0,15,55
3/30/2025 0:00,906,19.8,0,16,57
3/30/2025 1:00,658,19.6,0,17,57
3/30/2025 2:00,448,19.2,0,16.1,58
3/30/2025 3:00,326,19,0,15.4,58
3/30/2025 4:00,137,18.6,0,15.3,59
3/30/2025 5:00,81,18.2,0,13.8,60
3/30/2025 6:00,91,17.9,0,10.8,62
3/30/2025 7:00,320,17.4,0,9,65
3/30/2025 8:00,475,17.7,0,11.5,64
3/30/2025 9:00,857,19.1,0,9,64
3/30/2025 10:00,1243,21,0,13.2,58
3/30/2025 11:00,1797,23.1,0,16.3,54
3/30/2025 12:00,2100,24.4,0,18.1,50
3/30/2025 13:00,2441,25.6,0,17.6,44
3/30/2025 14:00,2612,26.7,0,20.1,40
3/30/2025 15:00,2440,26.9,0.1,22.8,38
3/30/2025 16:00,2445,26.4,0,20.4,39
3/30/2025 17:00,2539,26.4,0,21.9,39
3/30/2025 18:00,2336,25.3,0,17.1,43
3/30/2025 19:00,2125,24.7,0,16.3,45
3/30/2025 20:00,1750,23.4,0,14,49
3/30/2025 21:00,1167,22.6,0,15.1,53
3/30/2025 22:00,912,21.8,0,16.7,54
3/30/2025 23:00,680,21.3,0,17.5,56
3/31/2025 0:00,385,20.3,0,19.1,62
3/31/2025 1:00,213,19.4,0,19.4,68
3/31/2025 2:00,109,18.7,0,17.8,74
3/31/2025 3:00,81,18.5,0,18,79
3/31/2025 4:00,34,18.2,0,17.2,82
3/31/2025 5:00,50,17.8,0.7,16,86
3/31/2025 6:00,144,17.4,0,16.9,89
3/31/2025 7:00,509,17.4,0,19.1,89
3/31/2025 8:00,1074,18,0,20.2,86
3/31/2025 9:00,1676,19.6,0,15.9,84
3/31/2025 10:00,1146,21.7,0,19.9,71
3/31/2025 11:00,886,23.6,0,17.6,61
3/31/2025 12:00,1059,25.2,0,18.5,53
3/31/2025 13:00,1220,26.6,0,20.1,47
3/31/2025 14:00,1317,27.7,0,20.5,42
3/31/2025 15:00,1357,28.7,0,20.4,40
3/31/2025 16:00,1769,28.4,0.4,23.9,40
3/31/2025 17:00,2186,24.4,0.7,10.3,56
3/31/2025 18:00,2341,24.3,0.2,15.7,56
3/31/2025 19:00,2187,20.4,5.7,11.6,79
3/31/2025 20:00,1123,19.1,2,7,92
3/31/2025 21:00,217,18.3,3.4,12.3,92
3/31/2025 22:00,282,17.5,1.5,8.7,94
3/31/2025 23:00,272,16.8,1.7,13,94
4/1/2025 0:00,85,16.3,0.6,22.7,92
4/1/2025 1:00,51,13.1,0.5,26.8,87
4/1/2025 2:00,35,11,0.1,25.4,77
4/1/2025 3:00,22,9.6,0,26,67
4/1/2025 4:00,23,8.3,0,24.7,62
4/1/2025 5:00,50,6.8,0,24.1,59
4/1/2025 6:00,159,5.7,0,21.3,59
4/1/2025 7:00,517,4.8,0,21,61
4/1/2025 8:00,1190,4.9,0,21,58
4/1/2025 9:00,1872,7.2,0,19.3,58
4/1/2025 10:00,968,8.1,0,17.8,56
4/1/2025 11:00,603,9.2,0,16.8,53
4/1/2025 12:00,715,10.5,0,16.3,50
4/1/2025 13:00,959,11.6,0,15.5,46
4/1/2025 14:00,1001,12.5,0,16.1,43
4/1/2025 15:00,1086,13,0,15.1,39
4/1/2025 16:00,1530,13.3,0,12.8,39
4/1/2025 17:00,2001,13.3,0,11.8,38
4/1/2025 18:00,2745,12.7,0,9.6,39
4/1/2025 19:00,2464,11.7,0,5.2,48
4/1/2025 20:00,1755,10.2,0,3.9,61
4/1/2025 21:00,1143,9.8,0,4.6,62
4/1/2025 22:00,837,8.7,0,4.6,67
4/1/2025 23:00,519,8,0,5.3,69
4/2/2025 0:00,301,7.5,0,4.9,69
4/2/2025 1:00,117,6.9,0,4.8,70
4/2/2025 2:00,49,6.3,0,4.1,73
4/2/2025 3:00,21,6.3,0,5.6,74
4/2/2025 4:00,19,6.1,0,9.6,75
4/2/2025 5:00,39,5.7,0,11.4,73
4/2/2025 6:00,151,5.1,0,9.9,71
4/2/2025 7:00,498,5.1,0,10.4,68
4/2/2025 8:00,1197,5.5,0,10.1,67
4/2/2025 9:00,1798,7.2,0,9.7,64
4/2/2025 10:00,1066,9.1,0,11.6,60
4/2/2025 11:00,655,10.8,0,12.3,55
4/2/2025 12:00,759,12.5,0,14.8,51
4/2/2025 13:00,883,14.8,0,15.5,47
4/2/2025 14:00,956,16,0,16.3,44
4/2/2025 15:00,1040,16.6,0,19.1,44
4/2/2025 16:00,1598,16.2,0,20.6,44
4/2/2025 17:00,1770,15.1,0,19.2,43
4/2/2025 18:00,2438,13.8,0,18.5,46
4/2/2025 19:00,2020,12.7,0,17.8,52
4/2/2025 20:00,1440,12.1,0,15.3,58
4/2/2025 21:00,1054,11.5,0,14.3,60
4/2/2025 22:00,854,11.3,0,12.5,65
4/2/2025 23:00,543,11.4,0,12.7,70
4/3/2025 0:00,288,11.5,0,13.4,76
4/3/2025 1:00,134,12,0,12.8,82
4/3/2025 2:00,60,12.9,0,13.9,85
4/3/2025 3:00,37,13.9,0,15.2,86
4/3/2025 4:00,14,15.3,0,16.9,87
4/3/2025 5:00,49,16.1,0,16.4,89
4/3/2025 6:00,155,16.8,0,18.2,91
4/3/2025 7:00,444,17.2,0,19.2,92
4/3/2025 8:00,1024,17.6,0,19.6,93
4/3/2025 9:00,1787,15.4,0,14.4,96
4/3/2025 10:00,948,16.2,0,13.1,95
4/3/2025 11:00,532,17.2,0,13.8,93
4/3/2025 12:00,720,19.6,0,17,87
4/3/2025 13:00,887,21,0,22.7,84
4/3/2025 14:00,1072,23.1,0,26.4,75
4/3/2025 15:00,1218,25.3,0,24.2,64
4/3/2025 16:00,1707,26.1,0,21.1,62
4/3/2025 17:00,2076,25.6,0,15.9,65
4/3/2025 18:00,2647,24.8,0,18.4,68
4/3/2025 19:00,2496,24,0,17,72
4/3/2025 20:00,1835,23.4,0,16.1,75
4/3/2025 21:00,1266,23.2,0,13.9,79
4/3/2025 22:00,1067,22.9,0.1,17.2,78
4/3/2025 23:00,747,22.8,0,18.1,77
4/4/2025 0:00,475,22.6,0,17.8,78
4/4/2025 1:00,235,22.4,0,14.7,78
4/4/2025 2:00,123,22.2,0,13.4,78
4/4/2025 3:00,71,22.1,0.1,14,78
4/4/2025 4:00,17,22,0,14.5,77
4/4/2025 5:00,39,21.8,0,14.3,77
4/4/2025 6:00,149,21,0,7.6,81
4/4/2025 7:00,282,19.3,0.1,4,90
4/4/2025 8:00,784,19.6,0.1,2.8,90
4/4/2025 9:00,1292,20,0.2,8.6,92
4/4/2025 10:00,985,20.2,0.4,10.3,91
4/4/2025 11:00,814,20.3,0.1,11.8,80
4/4/2025 12:00,922,20,0.7,9.9,80
4/4/2025 13:00,1293,22.1,0.1,7.7,68
4/4/2025 14:00,1389,22.1,0,7.7,65
4/4/2025 15:00,1548,22.5,0,8.3,61
4/4/2025 16:00,2022,21.8,0,9.2,62
4/4/2025 17:00,2314,21.1,0,8.7,64
4/4/2025 18:00,2741,20.6,0,6.7,65
4/4/2025 19:00,2386,19.8,0,5.1,69
4/4/2025 20:00,1957,18.7,0,7.6,71
4/4/2025 21:00,1368,18.1,0,8.6,73
4/4/2025 22:00,1223,17.5,0,8,71
4/4/2025 23:00,958,16.9,0,8.3,70
4/5/2025 0:00,748,16.1,0,8.3,70
4/5/2025 1:00,557,15.4,0,6.9,71
4/5/2025 2:00,370,14.9,0,8.4,69
4/5/2025 3:00,207,14.4,0,8.5,70
4/5/2025 4:00,112,14.1,0,8.9,72
4/5/2025 5:00,62,13.9,6.2,8.3,76
4/5/2025 6:00,91,13.1,9.5,10.5,89
4/5/2025 7:00,173,13.3,0.3,10.5,93
4/5/2025 8:00,407,13.8,0,12.5,95
4/5/2025 9:00,768,15.8,0,7.6,89
4/5/2025 10:00,1124,16.5,0,13.2,88
4/5/2025 11:00,1355,17.6,0,11.8,86
4/5/2025 12:00,1795,19,0,11.9,84
4/5/2025 13:00,2061,20.2,0,11.7,82
4/5/2025 14:00,2121,22,0,11.9,78
4/5/2025 15:00,2350,23.9,0,5.2,75
4/5/2025 16:00,2418,25.2,0,8,72
4/5/2025 17:00,2267,26.9,0,10.3,63
4/5/2025 18:00,2229,26.4,0,10.2,67
4/5/2025 19:00,2209,25.2,0,10.9,71
4/5/2025 20:00,1977,23.2,0,9.9,76
4/5/2025 21:00,1376,17.1,2.4,13.4,93
4/5/2025 22:00,1084,17,0,9.9,91
4/5/2025 23:00,957,16,0,9.3,95
4/6/2025 0:00,799,15,0,6.5,98
4/6/2025 1:00,563,14.4,0,4.2,100
4/6/2025 2:00,357,14.3,0,2.1,99
4/6/2025 3:00,238,16,0,7.4,91
4/6/2025 4:00,108,19,0,13.4,82
4/6/2025 5:00,50,20.1,0,16.4,78
4/6/2025 6:00,113,21,0,19.2,73
4/6/2025 7:00,623,21.2,0,19.1,72
4/6/2025 8:00,610,21.6,0,19,72
4/6/2025 9:00,712,15.3,3.6,6.6,92
4/6/2025 10:00,1169,15.7,1.2,8.1,94
4/6/2025 11:00,1680,16.7,0,10,88
4/6/2025 12:00,1582,18.3,0,18.4,78
4/6/2025 13:00,1549,14.9,0,14.9,82
4/6/2025 14:00,1566,15.1,0,15.7,75
4/6/2025 15:00,1510,14.9,0.1,11.4,75
4/6/2025 16:00,1530,14.4,0.1,11.4,73
4/6/2025 17:00,1557,14.8,0,10.3,72
4/6/2025 18:00,1253,14.7,0,7.8,72
4/6/2025 19:00,823,14,0,5.3,76
4/6/2025 20:00,773,13.8,0,4,79
4/6/2025 21:00,694,12.6,0.1,5,84
4/6/2025 22:00,494,12.3,0.6,6.2,88
4/6/2025 23:00,435,12.1,0.6,4.8,92
4/7/2025 0:00,253,11.9,0,5.6,95
4/7/2025 1:00,142,11.7,0,6.3,95
4/7/2025 2:00,45,11.5,0,7,95
4/7/2025 3:00,27,11.1,0,5.9,95
4/7/2025 4:00,12,10.8,1.1,8.7,95
4/7/2025 5:00,36,10,1.2,12.1,96
4/7/2025 6:00,91,9.3,1,13.6,95
4/7/2025 7:00,188,8.8,0.7,13.2,93
4/7/2025 8:00,386,8.7,0.1,11.7,93
4/7/2025 9:00,388,7.5,2.8,9.4,96
4/7/2025 10:00,255,7,2.8,11.9,96
4/7/2025 11:00,318,7.3,0.6,13.3,91
4/7/2025 12:00,286,7,2.6,11.6,94
4/7/2025 13:00,420,8.5,0.2,12.8,85
4/7/2025 14:00,607,8.8,0.1,9.7,84
4/7/2025 15:00,713,8.7,0.5,9.5,85
4/7/2025 16:00,1037,9.1,0.1,9.2,83
4/7/2025 17:00,1267,9.8,0,7.3,79
4/7/2025 18:00,1739,9.6,0,7.7,80
4/7/2025 19:00,1485,9.8,0,6.2,79
4/7/2025 20:00,1139,9.6,0,6.3,81
4/7/2025 21:00,822,7.2,0,5.3,85
4/7/2025 22:00,630,7.1,0,4.8,86
4/7/2025 23:00,429,7.2,0,2.2,86
4/8/2025 0:00,275,7.3,0.1,1.4,87
4/8/2025 1:00,101,7.3,0,3.7,87
4/8/2025 2:00,42,6.8,0,8,91
4/8/2025 3:00,23,6.6,0,22.9,71
4/8/2025 4:00,18,4.7,0,17.7,58
4/8/2025 5:00,39,3.6,0,19.6,50
4/8/2025 6:00,133,2.3,0,19.6,50
4/8/2025 7:00,406,1.5,0,18.8,52
4/8/2025 8:00,959,1.5,0,20.8,52
4/8/2025 9:00,1680,2.9,0,22.2,51
4/8/2025 10:00,891,3.3,0,24.2,53
4/8/2025 11:00,513,3.7,0,23.4,49
4/8/2025 12:00,600,4.4,0,24.7,45
4/8/2025 13:00,696,6,0,27.2,38
4/8/2025 14:00,789,7.3,0,23.8,31
4/8/2025 15:00,899,8,0,23.5,30
4/8/2025 16:00,1317,7.8,0,23,32
4/8/2025 17:00,1582,7.3,0,23.1,33
4/8/2025 18:00,2239,6.5,0,21.3,35
4/8/2025 19:00,1909,5.6,0,16.5,38
4/8/2025 20:00,1272,4.4,0,14.8,41
4/8/2025 21:00,878,4.2,0,11.6,44
4/8/2025 22:00,713,3.3,0,9.8,48
4/8/2025 23:00,483,2.7,0,11.4,48
4/9/2025 0:00,222,2.4,0,12.4,49
4/9/2025 1:00,97,1.9,0,11.4,52
4/9/2025 2:00,39,1.2,0,9.2,57
4/9/2025 3:00,17,0.5,0,8.3,61
4/9/2025 4:00,15,0,0,7.5,62
4/9/2025 5:00,46,-0.4,0,6.3,64
4/9/2025 6:00,130,-0.8,0,5.4,67
4/9/2025 7:00,348,-1.3,0,3.9,73
4/9/2025 8:00,981,0.3,0,2.7,67
4/9/2025 9:00,1602,3.1,0,1.4,58
4/9/2025 10:00,923,4.9,0,0.7,46
4/9/2025 11:00,520,6.1,0,2.3,45
4/9/2025 12:00,676,7.2,0,3.3,43
4/9/2025 13:00,832,8.3,0,3.7,42
4/9/2025 14:00,936,9.2,0,4.3,43
4/9/2025 15:00,998,9.8,0,6.2,43
4/9/2025 16:00,1475,10.3,0,6.3,41
4/9/2025 17:00,1751,10.6,0,6.3,41
4/9/2025 18:00,2465,10.4,0,7.9,43
4/9/2025 19:00,2110,9.6,0,7,50
4/9/2025 20:00,1627,7.7,0,8.4,57
4/9/2025 21:00,1065,7.1,0,9.7,58
4/9/2025 22:00,789,6,0,11.2,61
4/9/2025 23:00,512,5.4,0,10.2,64
4/10/2025 0:00,263,5.3,0,9.7,68
4/10/2025 1:00,132,5.2,0,10.3,72
4/10/2025 2:00,51,5.1,0,10.7,73
4/10/2025 3:00,12,5.6,0,9.7,73
4/10/2025 4:00,19,5.7,0,9.2,73
4/10/2025 5:00,49,5.6,0,8.9,75
4/10/2025 6:00,130,5.3,0,8.5,78
4/10/2025 7:00,383,5.4,0,9.1,78
4/10/2025 8:00,990,6,0.2,9.6,78
4/10/2025 9:00,1683,7.7,0.1,9.1,74
4/10/2025 10:00,988,9,0,9.4,70
4/10/2025 11:00,646,11.4,0,14.4,60
4/10/2025 12:00,710,13.2,0,16.6,48
4/10/2025 13:00,815,13.7,0.2,16.3,50
4/10/2025 14:00,946,14.7,0,17,45
4/10/2025 15:00,1067,13.7,0,16.8,48
4/10/2025 16:00,1431,13,0,15.7,49
4/10/2025 17:00,1672,12.6,0,14,50
4/10/2025 18:00,2200,12.3,0,13.7,53
4/10/2025 19:00,1942,11.3,0,13.6,60
4/10/2025 20:00,1458,10.6,0,14.7,65
4/10/2025 21:00,1069,9.8,0.1,8.3,81
4/10/2025 22:00,703,9.5,0,10.3,79
4/10/2025 23:00,533,8.8,0,12,77
4/11/2025 0:00,338,7.9,0,10.9,80
4/11/2025 1:00,164,7.4,0,9,84
4/11/2025 2:00,90,7.4,0,9.9,86
4/11/2025 3:00,35,7.3,0,8.3,88
4/11/2025 4:00,25,6.9,0,8.1,91
4/11/2025 5:00,43,7.4,0,9.9,91
4/11/2025 6:00,135,7.6,0,9.7,91
4/11/2025 7:00,369,7.8,0,9.4,90
4/11/2025 8:00,877,8.3,0,11.2,88
4/11/2025 9:00,1133,7.8,2.1,12.1,92
4/11/2025 10:00,258,7.8,2.1,15.7,96
4/11/2025 11:00,156,7.8,2.8,15.6,97
4/11/2025 12:00,149,8,3.2,18.2,96
4/11/2025 13:00,158,8,3.1,17.7,97
4/11/2025 14:00,211,8.2,3.7,16.5,97
4/11/2025 15:00,277,8.1,4.3,17,97
4/11/2025 16:00,477,8.3,3,11.8,99
4/11/2025 17:00,454,8.3,2.7,12.9,99
4/11/2025 18:00,533,8,2.4,18.9,97
4/11/2025 19:00,469,7.8,2.5,18,96
4/11/2025 20:00,337,7.5,1.8,17.7,95
4/11/2025 21:00,242,8.1,2.4,15,96
4/11/2025 22:00,259,7.6,1.2,17,96
4/11/2025 23:00,234,7.5,0.2,16.5,93
4/12/2025 0:00,243,7.3,0.3,17,93
4/12/2025 1:00,165,7,0.8,17.7,95
4/12/2025 2:00,110,6.8,0.4,17.1,93
4/12/2025 3:00,120,6.5,0.3,15,93
4/12/2025 4:00,48,6.4,0.2,14.1,93
4/12/2025 5:00,17,6.3,0.2,14,93
4/12/2025 6:00,51,6.1,0.3,13.2,93
4/12/2025 7:00,131,6,0.2,14.3,92
4/12/2025 8:00,238,6.2,0.1,13.5,91
4/12/2025 9:00,466,7.1,0,18.8,84
4/12/2025 10:00,758,8,0.1,19.7,76
4/12/2025 11:00,952,8.4,0.1,18.6,74
4/12/2025 12:00,1142,9.3,0.1,18.4,71
4/12/2025 13:00,1305,10.2,0.2,17.9,68
4/12/2025 14:00,1406,11.3,0,20.5,63
4/12/2025 15:00,1543,11.9,0.1,20.3,60
4/12/2025 16:00,1489,11.7,0,19.6,61
4/12/2025 17:00,1487,11.1,0,18.9,65
4/12/2025 18:00,1317,10.7,0,13.7,70
4/12/2025 19:00,996,10.2,0,13.2,72
4/12/2025 20:00,834,9.7,0,11.6,73
4/12/2025 21:00,656,8.9,0.3,13.4,83
4/12/2025 22:00,607,8.5,0.1,12.9,86
4/12/2025 23:00,598,8.1,0.2,13,88
4/13/2025 0:00,530,8.1,0,11.8,88
4/13/2025 1:00,404,7.8,0.1,9.1,88
4/13/2025 2:00,283,7.8,0,10.9,88
4/13/2025 3:00,183,7.7,0,14,84
4/13/2025 4:00,89,7.6,0,13.5,81
4/13/2025 5:00,66,6.8,0,13.4,81
4/13/2025 6:00,58,6.2,0,12.5,82
4/13/2025 7:00,120,6,0,13,82
4/13/2025 8:00,248,6.8,0,11.6,81
4/13/2025 9:00,451,9,0,14.2,70
4/13/2025 10:00,806,10.8,0,20.9,59
4/13/2025 11:00,1220,11.4,0,22.1,56
4/13/2025 12:00,1305,12.4,0,19.8,53
4/13/2025 13:00,1568,14,0,20.3,48
4/13/2025 14:00,1642,14.5,0,19.4,46
4/13/2025 15:00,1810,14.8,0,18,46
4/13/2025 16:00,1900,15.1,0,17.6,45
4/13/2025 17:00,1953,15.1,0,14.9,43
4/13/2025 18:00,1827,14.9,0,10.9,47
4/13/2025 19:00,1528,13.7,0,5.4,57
4/13/2025 20:00,1268,11.6,0,3.6,64
4/13/2025 21:00,938,10.8,0,4,68
4/13/2025 22:00,717,9.8,0,3.7,72
4/13/2025 23:00,546,9.2,0,5.6,74
4/14/2025 0:00,332,9.3,0,6.6,72
4/14/2025 1:00,124,9,0,6.2,73
4/14/2025 2:00,80,8.9,0,6.9,72
4/14/2025 3:00,42,9,0,7.3,71
4/14/2025 4:00,23,7.9,0,5.7,75
4/14/2025 5:00,55,8.8,0,6.6,73
4/14/2025 6:00,160,8.1,0,4.8,78
4/14/2025 7:00,397,8.7,0,6.5,77
4/14/2025 8:00,796,9.2,0,7.6,76
4/14/2025 9:00,1258,11.5,0,4.7,74
4/14/2025 10:00,862,14.2,0,6,65
4/14/2025 11:00,679,15.8,0,7.4,63
4/14/2025 12:00,769,17.4,0,6.7,60
4/14/2025 13:00,986,18.1,0,7,58
4/14/2025 14:00,1145,20.3,0,8.3,53
4/14/2025 15:00,1360,21.4,0,8.6,51
4/14/2025 16:00,1584,22,0,10,52
4/14/2025 17:00,1968,22.3,0,11.2,53
4/14/2025 18:00,2566,22.1,0,9.6,56
4/14/2025 19:00,2326,20.7,0,8.4,64
4/14/2025 20:00,1815,19,0,8.5,69
4/14/2025 21:00,1245,18.2,0,9.1,67
4/14/2025 22:00,848,17.9,0.9,13.9,71
4/14/2025 23:00,214,16.9,0.8,7.2,83
4/15/2025 0:00,172,15.8,3,11.5,89
4/15/2025 1:00,95,15.3,1.6,7.7,92
4/15/2025 2:00,58,14.6,0,7.8,95
4/15/2025 3:00,33,14.2,0,8.3,96
4/15/2025 4:00,8,13.9,0,8,96
4/15/2025 5:00,54,13.9,0,10,97
4/15/2025 6:00,178,14.5,0,12,94
4/15/2025 7:00,392,14.6,0,14.2,92
4/15/2025 8:00,878,14.7,0,15.4,90
4/15/2025 9:00,1505,16.9,0.1,8.7,82
4/15/2025 10:00,968,18,0,10.5,76
4/15/2025 11:00,694,17.9,0,16.9,54
4/15/2025 12:00,761,18.7,0,21.8,44
4/15/2025 13:00,1022,18.2,0,27.6,37
4/15/2025 14:00,1050,17.9,0,28.6,35
4/15/2025 15:00,1140,17.4,0,32,32
4/15/2025 16:00,1322,17.3,0,27.9,26
4/15/2025 17:00,1739,16.7,0.1,28.8,26
4/15/2025 18:00,2454,15,0.1,25.3,37
4/15/2025 19:00,1998,13.8,0,26.4,41
4/15/2025 20:00,1554,11.7,0,22,52
4/15/2025 21:00,1058,11.7,0,21.4,50
4/15/2025 22:00,827,10.4,0,18.5,57
4/15/2025 23:00,535,9.6,0,16.8,61
4/16/2025 0:00,254,9.3,0,20.9,61
4/16/2025 1:00,148,8.6,0,19.7,61
4/16/2025 2:00,56,8.1,0,18.2,62
4/16/2025 3:00,26,7.7,0,17.1,62
4/16/2025 4:00,24,7.5,0,15.1,62
4/16/2025 5:00,43,7.3,0,13.6,61
4/16/2025 6:00,135,7.1,0,14.4,59
4/16/2025 7:00,418,6.8,0,15.1,59
4/16/2025 8:00,876,7.8,0,15.1,56
4/16/2025 9:00,1479,10.1,0,20.8,47
4/16/2025 10:00,937,10.8,0,22.8,43
4/16/2025 11:00,683,11.6,0,23.6,41
4/16/2025 12:00,818,12.1,0,23.9,40
4/16/2025 13:00,1030,12.6,0,24.6,38
4/16/2025 14:00,1086,13.6,0,25.8,34
4/16/2025 15:00,1171,14.1,0,26.2,30
4/16/2025 16:00,1405,14.8,0,26.4,29
4/16/2025 17:00,1880,14.8,0,25.3,27
4/16/2025 18:00,2611,14.2,0,22.3,29
4/16/2025 19:00,2204,12.9,0,19.1,34
4/16/2025 20:00,1632,11,0,16.5,40
4/16/2025 21:00,1154,10.4,0,10.9,46
4/16/2025 22:00,842,9.7,0,10.2,49
4/16/2025 23:00,620,8.6,0,9,54
4/17/2025 0:00,319,7.7,0,8,59
4/17/2025 1:00,154,6.7,0,6.6,65
4/17/2025 2:00,88,5.8,0,7.4,68
4/17/2025 3:00,25,5.1,0,8.1,70
4/17/2025 4:00,26,4.5,0,9,72
4/17/2025 5:00,47,4,0,10.2,72
4/17/2025 6:00,153,3.6,0,10.5,73
4/17/2025 7:00,374,3.5,0,10.9,73
4/17/2025 8:00,849,5.2,0,9.4,71
4/17/2025 9:00,1392,8.3,0,10.4,54
4/17/2025 10:00,962,10.2,0,12.6,40
4/17/2025 11:00,733,11.7,0,11.6,35
4/17/2025 12:00,873,12.9,0,10.3,32
4/17/2025 13:00,1118,14,0,10.7,31
4/17/2025 14:00,1093,15,0,11.9,29
4/17/2025 15:00,1330,15.6,0,10.1,28
4/17/2025 16:00,1655,16,0,8.9,29
4/17/2025 17:00,1956,16.2,0,8.1,30
4/17/2025 18:00,2690,15.9,0,6.5,31
4/17/2025 19:00,2362,15,0,2,52
4/17/2025 20:00,1886,13,0,2.2,51
4/17/2025 21:00,1288,11.8,0,4.8,58
4/17/2025 22:00,1007,10.7,0,5.2,61
4/17/2025 23:00,762,10.1,0,5.2,62
4/18/2025 0:00,461,9.8,0,7.2,58
4/18/2025 1:00,207,9.3,0,7,60
4/18/2025 2:00,121,8.8,0,6.9,65
4/18/2025 3:00,74,8.3,0,7.1,72
4/18/2025 4:00,32,7.9,0,7.7,75
4/18/2025 5:00,56,7.5,0,8.5,78
4/18/2025 6:00,116,7.2,0,9,83
4/18/2025 7:00,372,7.3,0,9.6,84
4/18/2025 8:00,695,9.1,0,10.7,81
4/18/2025 9:00,1137,11.5,0,9,74
4/18/2025 10:00,996,14.3,0,11.1,67
4/18/2025 11:00,1033,17.1,0,13.4,61
4/18/2025 12:00,1201,19.3,0,15.2,55
4/18/2025 13:00,1435,21.3,0,17.2,50
4/18/2025 14:00,1647,23.2,0,19.8,44
4/18/2025 15:00,1836,24.4,0,21.3,41
4/18/2025 16:00,2062,25,0,21.8,41
4/18/2025 17:00,2312,25.1,0,22.6,36
4/18/2025 18:00,2503,24.4,0,20,40
4/18/2025 19:00,2362,23.2,0,19,44
4/18/2025 20:00,1951,21.7,0,20.6,49
4/18/2025 21:00,1468,21.6,0,20.6,49
4/18/2025 22:00,1101,21.1,0,22.6,50
4/18/2025 23:00,913,20.8,0,22.4,51
4/19/2025 0:00,727,20.6,0,22.4,52
4/19/2025 1:00,557,20.6,0,22.5,53
4/19/2025 2:00,391,20,0,21.5,55
4/19/2025 3:00,186,19.8,0,19.1,55
4/19/2025 4:00,119,19.4,0,18.3,56
4/19/2025 5:00,54,18.9,0,18.1,59
4/19/2025 6:00,68,18.8,0,17.5,60
4/19/2025 7:00,197,18.8,0,16.3,61
4/19/2025 8:00,338,19.2,0,16,60
4/19/2025 9:00,607,19.8,0,15.6,63
4/19/2025 10:00,1127,20.3,0,14.7,64
4/19/2025 11:00,1411,21.2,0,14.7,63
4/19/2025 12:00,1673,22.5,0,14.3,61
4/19/2025 13:00,1796,24.4,0,15.7,56
4/19/2025 14:00,1949,26.6,0,16.3,52
4/19/2025 15:00,2089,28,0,17.6,48
4/19/2025 16:00,2139,28.4,0,18.3,45
4/19/2025 17:00,2014,27.9,0,18.6,46
4/19/2025 18:00,2074,28,0,19.8,47
4/19/2025 19:00,1785,26.9,0,18.4,50
4/19/2025 20:00,1694,26,0,19.1,51
4/19/2025 21:00,1376,24.9,0,19.5,55
4/19/2025 22:00,1104,25,0,18.2,53
4/19/2025 23:00,934,24.5,0,16.9,55
4/20/2025 0:00,813,23.5,0,13.7,60
4/20/2025 1:00,540,22.1,0,8.8,67
4/20/2025 2:00,360,21.3,0,9.3,68
4/20/2025 3:00,227,21.7,0,14.4,61
4/20/2025 4:00,107,21.5,0,16.3,66
4/20/2025 5:00,73,20.4,0,15.9,72
4/20/2025 6:00,116,19.4,0,16.6,75
4/20/2025 7:00,214,18.6,0,15.2,73
4/20/2025 8:00,331,18.2,0,15.2,69
4/20/2025 9:00,593,21.9,0,14.3,58
4/20/2025 10:00,926,22.3,0,15.5,53
4/20/2025 11:00,1298,22.6,0,14.4,50
4/20/2025 12:00,1490,23,0,13.9,46
4/20/2025 13:00,1586,23.9,0,12.6,41
4/20/2025 14:00,1688,24.7,0,10.6,37
4/20/2025 15:00,1835,25,0,7.4,36
4/20/2025 16:00,1849,25,0,8.1,35
4/20/2025 17:00,1932,24.2,0,9.9,35
4/20/2025 18:00,1878,23.4,0,10.2,34
4/20/2025 19:00,1600,21.7,0,10.7,38
4/20/2025 20:00,1396,19.6,0,10.5,39
4/20/2025 21:00,1102,18.6,0,10.1,41
4/20/2025 22:00,742,17.7,0,8.6,37
4/20/2025 23:00,534,17.1,0,7.7,37
4/21/2025 0:00,361,16.2,0,6.9,43
4/21/2025 1:00,142,15,0,7.9,59
4/21/2025 2:00,92,14.2,0,7.2,67
4/21/2025 3:00,52,13.7,0,8,67
4/21/2025 4:00,53,13.4,0,7.8,64
4/21/2025 5:00,61,13.6,0,7.2,59
4/21/2025 6:00,161,13.7,0,8.5,56
4/21/2025 7:00,452,13.8,0,8.6,55
4/21/2025 8:00,923,14.4,0,8.3,52
4/21/2025 9:00,1449,15.4,0,7,48
4/21/2025 10:00,866,16.2,0,7.1,45
4/21/2025 11:00,603,16.9,0,7.4,44
4/21/2025 12:00,743,17.7,0,10.5,45
4/21/2025 13:00,952,18.4,0,9.5,48
4/21/2025 14:00,1065,23,0,13.2,51
4/21/2025 15:00,1089,23.5,0,18.2,57
4/21/2025 16:00,1588,23.8,0,16.6,57
4/21/2025 17:00,1876,24,0,14.3,59
4/21/2025 18:00,2584,23.4,0,14.7,62
4/21/2025 19:00,2350,22.1,0,16.2,64
4/21/2025 20:00,1892,20.2,0,13.7,73
4/21/2025 21:00,1289,20.6,0,7.4,73
4/21/2025 22:00,872,20,0,7.6,78
4/21/2025 23:00,638,19.3,0,6.6,81
4/22/2025 0:00,302,19.3,0,7.8,78
4/22/2025 1:00,127,19.6,0,10.2,73
4/22/2025 2:00,68,19.4,0,11.1,74
4/22/2025 3:00,44,19.3,0,10.6,76
4/22/2025 4:00,23,18.6,0,8.5,81
4/22/2025 5:00,52,18.1,0,7.4,85
4/22/2025 6:00,181,17.3,0,7.1,89
4/22/2025 7:00,542,17.5,0,10.3,86
4/22/2025 8:00,1285,19.3,0,11.3,74
4/22/2025 9:00,1975,21.6,0,7.2,64
4/22/2025 10:00,1057,23.1,0,11.1,56
4/22/2025 11:00,726,24.5,0,12.7,47
4/22/2025 12:00,807,25.1,0,14.3,43
4/22/2025 13:00,1045,25.9,0,14.7,39
4/22/2025 14:00,1054,26,0,14.4,34
4/22/2025 15:00,1119,26.5,0,13.5,32
4/22/2025 16:00,1753,26.5,0,13.6,30
4/22/2025 17:00,2176,25.9,0,14.5,29
4/22/2025 18:00,3180,25,0,13.3,29
4/22/2025 19:00,2622,24,0,12.3,34
4/22/2025 20:00,1990,22.6,0,13,38
4/22/2025 21:00,1487,21.3,0,5.5,42
4/22/2025 22:00,1183,20.1,0,7.5,43
4/22/2025 23:00,743,18.9,0,10.7,42
4/23/2025 0:00,379,17.7,0,9.3,44
4/23/2025 1:00,177,16.7,0,10.4,47
4/23/2025 2:00,66,15.9,0,11.2,51
4/23/2025 3:00,31,15.3,0,11.3,53
4/23/2025 4:00,23,14.7,0,12.3,52
4/23/2025 5:00,48,13.9,0,11.3,50
4/23/2025 6:00,172,12.8,0,10.4,51
4/23/2025 7:00,511,12.4,0,11.1,50
4/23/2025 8:00,1336,13.6,0,9.9,46
4/23/2025 9:00,1988,17.4,0,8.2,43
4/23/2025 10:00,1120,18.9,0,7.8,36
4/23/2025 11:00,783,20.5,0,6.7,31
4/23/2025 12:00,914,21.9,0,5.6,26
4/23/2025 13:00,990,23.2,0,5.2,22
4/23/2025 14:00,1205,24.3,0,5,20
4/23/2025 15:00,1230,25.1,0,4.8,19
4/23/2025 16:00,1726,25.5,0,6.3,18
4/23/2025 17:00,2104,25.5,0,7,18
4/23/2025 18:00,2985,25.1,0,8.1,18
4/23/2025 19:00,2667,24.2,0,8.4,20
4/23/2025 20:00,1988,22.4,0,7.6,25
4/23/2025 21:00,1518,20.3,0,8,34
4/23/2025 22:00,1167,18.5,0,7.6,44
4/23/2025 23:00,785,17,0,9.6,52
4/24/2025 0:00,408,16,0,10.3,58
4/24/2025 1:00,179,15.4,0,7.9,61
4/24/2025 2:00,74,14.8,0,6.3,63
4/24/2025 3:00,35,14,0,4.9,66
4/24/2025 4:00,16,13.2,0,4.3,71
4/24/2025 5:00,47,12.7,0,3.3,76
4/24/2025 6:00,169,12.1,0,4,77
4/24/2025 7:00,509,12.3,0,5.2,77
4/24/2025 8:00,1215,14.3,0,5.4,69
4/24/2025 9:00,1873,16.1,0,3.7,66
4/24/2025 10:00,1164,19.3,0,4.5,52
4/24/2025 11:00,808,22.1,0,7.4,38
4/24/2025 12:00,914,23.9,0,9.1,27
4/24/2025 13:00,1085,25,0,10.6,23
4/24/2025 14:00,1131,25.8,0,11.4,21
4/24/2025 15:00,1283,26.2,0,12.3,20
4/24/2025 16:00,1709,26.1,0,13.2,20
4/24/2025 17:00,2313,25.7,0,13.1,23
4/24/2025 18:00,3137,25.1,0,12.5,26
4/24/2025 19:00,2736,23.8,0,11.7,30
4/24/2025 20:00,2144,21.6,0,11.6,34
4/24/2025 21:00,1587,19.7,0,11.9,39
4/24/2025 22:00,1187,18,0,10.8,40
4/24/2025 23:00,795,16.7,0,10.4,49
4/25/2025 0:00,511,16,0,10.3,58
4/25/2025 1:00,269,15.4,0,10.3,66
4/25/2025 2:00,124,14.7,0,9.9,72
4/25/2025 3:00,57,14,0,8.5,78
4/25/2025 4:00,20,13.6,0,7.4,81
4/25/2025 5:00,48,13.2,0,5.8,83
4/25/2025 6:00,169,12.9,0,5.4,86
4/25/2025 7:00,493,13.2,0,6.5,85
4/25/2025 8:00,988,14.8,0,5.2,79
4/25/2025 9:00,1567,16.8,0,5.4,74
4/25/2025 10:00,1063,19.2,0,7,68
4/25/2025 11:00,881,21.7,0,8.5,63
4/25/2025 12:00,1011,23.8,0,10.5,57
4/25/2025 13:00,1114,24.1,0,13.4,54
4/25/2025 14:00,1240,24.1,0,12.1,52
4/25/2025 15:00,1448,24.9,0.1,13.9,50
4/25/2025 16:00,1760,25.2,0.1,13.9,52
4/25/2025 17:00,1996,25.9,0,14.6,50
4/25/2025 18:00,2365,25.6,0,17.6,51
4/25/2025 19:00,2040,22.2,0.5,17,66
4/25/2025 20:00,1459,20.5,0.6,11.2,79
4/25/2025 21:00,1010,19.8,0.1,7.2,84
4/25/2025 22:00,977,19.4,0.9,7.4,86
4/25/2025 23:00,848,18.4,2,11.5,95
4/26/2025 0:00,721,18.2,0.8,14.2,94
4/26/2025 1:00,342,17.9,0.3,18.1,93
4/26/2025 2:00,147,18,0.2,16.2,94
4/26/2025 3:00,135,18,0,14.9,94
4/26/2025 4:00,71,18,0,15.9,94
4/26/2025 5:00,53,18,0,16.8,94
4/26/2025 6:00,83,18.2,0,16.9,92
4/26/2025 7:00,178,18.2,0,16.3,92
4/26/2025 8:00,340,18.6,0,15.9,90
4/26/2025 9:00,494,20.2,0.3,15.7,86
4/26/2025 10:00,842,20.2,0.9,15.4,90
4/26/2025 11:00,1181,21.8,0.3,19.2,80
4/26/2025 12:00,998,22.1,0.1,16.1,77
4/26/2025 13:00,1357,23.9,0.4,14.1,71
4/26/2025 14:00,1477,25.7,0.4,13.8,61
4/26/2025 15:00,1359,22,6.6,10.5,80
4/26/2025 16:00,1604,23.6,0.7,16.8,68
4/26/2025 17:00,1683,22.9,0.1,23.8,56
4/26/2025 18:00,1549,21.4,0,22.6,55
4/26/2025 19:00,1623,19,0,23.5,57
4/26/2025 20:00,1710,16.6,0,24.1,59
4/26/2025 21:00,1296,14.6,0,26.9,60
4/26/2025 22:00,885,13.1,0,26.6,62
4/26/2025 23:00,750,11.7,0,23.2,61
4/27/2025 0:00,557,10.6,0,17.4,63
4/27/2025 1:00,446,10,0,15.7,62
4/27/2025 2:00,320,9.5,0,18.1,61
4/27/2025 3:00,199,8.8,0,19.1,62
4/27/2025 4:00,102,8.2,0,18.6,64
4/27/2025 5:00,89,8,0,22,63
4/27/2025 6:00,102,7.9,0,25.1,62
4/27/2025 7:00,187,8.1,0,23.4,62
4/27/2025 8:00,270,9.2,0,20,60
4/27/2025 9:00,502,11.4,0,24,53
4/27/2025 10:00,870,12.9,0,24,48
4/27/2025 11:00,1248,14.6,0,24.7,42
4/27/2025 12:00,1389,15.9,0,26,39
4/27/2025 13:00,1587,16.9,0,24.7,37
4/27/2025 14:00,1789,17.9,0,23.1,36
4/27/2025 15:00,1941,18.7,0,23,34
4/27/2025 16:00,1955,19.1,0,23.2,33
4/27/2025 17:00,2053,19.2,0,22.8,34
4/27/2025 18:00,2045,18.9,0,21.9,35
4/27/2025 19:00,1863,18,0,17.3,39
4/27/2025 20:00,1519,16.3,0,15.4,43
4/27/2025 21:00,1135,16.1,0,13.8,39
4/27/2025 22:00,830,15.2,0,13.8,41
4/27/2025 23:00,635,14.3,0,14,43
4/28/2025 0:00,337,13.3,0,12.8,46
4/28/2025 1:00,148,12.2,0,10.5,51
4/28/2025 2:00,67,11.4,0,8.6,55
4/28/2025 3:00,49,10.5,0,6.6,58
4/28/2025 4:00,27,9.7,0,5.6,62
4/28/2025 5:00,33,9.1,0,6.1,63
4/28/2025 6:00,150,8.5,0,6.8,65
4/28/2025 7:00,484,8.6,0,7.4,66
4/28/2025 8:00,980,10.8,0,6.8,63
4/28/2025 9:00,1410,13.8,0,4.1,56
4/28/2025 10:00,835,16.7,0,3.1,41
4/28/2025 11:00,650,18.8,0,0.8,33
4/28/2025 12:00,836,20,0,2.6,28
4/28/2025 13:00,1061,20.9,0,3.3,26
4/28/2025 14:00,1119,21.5,0,4.7,27
4/28/2025 15:00,1183,22,0,6.4,29
4/28/2025 16:00,1776,22.2,0,7,29
4/28/2025 17:00,2109,22.1,0,6.5,28
4/28/2025 18:00,2743,21.6,0,6.9,29
4/28/2025 19:00,2431,20.5,0,7.4,34
4/28/2025 20:00,1997,18.2,0,7.8,41
4/28/2025 21:00,1507,17.5,0,8.8,37
4/28/2025 22:00,882,16.2,0,12.9,40
4/28/2025 23:00,570,15,0,12.1,44
4/29/2025 0:00,299,14.2,0,11.7,48
4/29/2025 1:00,141,13.4,0,12.2,52
4/29/2025 2:00,56,12.8,0,13.2,52
4/29/2025 3:00,22,12.3,0,12.1,54
4/29/2025 4:00,22,12,0,12.6,57
4/29/2025 5:00,48,11.8,0,12.9,59
4/29/2025 6:00,184,11.6,0,13.8,61
4/29/2025 7:00,522,12.1,0,14.5,62
4/29/2025 8:00,1265,13.7,0,11.3,60
4/29/2025 9:00,1894,15.6,0,14.4,61
4/29/2025 10:00,1035,18.3,0,14.2,56
4/29/2025 11:00,750,20.8,0,13.9,51
4/29/2025 12:00,861,23.1,0,13.7,48
4/29/2025 13:00,1038,25.3,0,14.4,43
4/29/2025 14:00,1041,27,0,16,41
4/29/2025 15:00,1213,28.2,0,18.5,39
4/29/2025 16:00,1703,28.7,0,19.7,38
4/29/2025 17:00,2143,29.1,0,21.4,37
4/29/2025 18:00,3078,28.7,0,21.7,38
4/29/2025 19:00,2677,26.9,0,18.5,46
4/29/2025 20:00,2024,25,0,20.2,53
4/29/2025 21:00,1450,23.9,0,19,59
4/29/2025 22:00,1051,23.4,0,18.2,60
4/29/2025 23:00,731,23.1,0,18.1,60
4/30/2025 0:00,405,22.7,0,16.3,61
4/30/2025 1:00,185,22.1,0,15.3,65
4/30/2025 2:00,95,21.1,0,7.5,70
4/30/2025 3:00,59,20.5,0,8,73
4/30/2025 4:00,29,20,0,7.9,76
4/30/2025 5:00,57,19.7,0,8.8,78
4/30/2025 6:00,217,19.8,0,7.7,78
4/30/2025 7:00,505,19.8,0,8.5,80
4/30/2025 8:00,1301,21.3,0,10.7,76
4/30/2025 9:00,1986,23.5,0,12.8,65
4/30/2025 10:00,1164,24.3,0,15.5,61
4/30/2025 11:00,745,24.7,0,14.1,54
4/30/2025 12:00,888,26.1,0,14.8,44
4/30/2025 13:00,1060,26.8,0,14.7,39
4/30/2025 14:00,1210,28,0,12,35
4/30/2025 15:00,1158,28.7,0,16.1,32
4/30/2025 16:00,1664,27.8,0,15.1,33
4/30/2025 17:00,2020,27.9,0,11.4,32
4/30/2025 18:00,2987,27.5,0,10.9,31
4/30/2025 19:00,2702,26.6,0,7.9,32
4/30/2025 20:00,2091,24.1,0,4,46
4/30/2025 21:00,1619,23.1,0,4.6,54
4/30/2025 22:00,1088,22.1,0,6.9,51
4/30/2025 23:00,849,20.8,0,5.8,51
5/1/2025 0:00,450,19.8,0,6.8,53
5/1/2025 1:00,229,19,0,6.8,56
5/1/2025 2:00,94,18.4,0,7.4,60
5/1/2025 3:00,53,17.8,0,6.8,64
5/1/2025 4:00,34,17.3,0,6.9,64
5/1/2025 5:00,49,16.8,0,8.1,61
5/1/2025 6:00,219,16.1,0,9.1,59
5/1/2025 7:00,500,16,0,10.4,60
5/1/2025 8:00,1318,17,0,9.1,62
5/1/2025 9:00,1931,19.4,0,8.1,63
5/1/2025 10:00,1107,21.8,0,8.5,58
5/1/2025 11:00,806,23.9,0,9.9,52
5/1/2025 12:00,855,25.8,0,11.6,50
5/1/2025 13:00,1098,27,0,11.6,51
5/1/2025 14:00,1146,28.1,0,11.5,51
5/1/2025 15:00,1353,29.4,0,11.7,49
5/1/2025 16:00,1814,28.3,0.3,11.9,51
5/1/2025 17:00,2299,25.9,0.4,16.3,65
5/1/2025 18:00,3102,25.3,0,10,69
5/1/2025 19:00,2688,25.7,0,11.5,69
5/1/2025 20:00,2088,24.9,0,12.2,69
5/1/2025 21:00,1584,22.3,0,10.8,85
5/1/2025 22:00,1157,22.5,0,14.4,83
5/1/2025 23:00,865,23.1,0,15.4,72
5/2/2025 0:00,503,23.5,0,16.3,61
5/2/2025 1:00,270,22.9,0,15.3,60
5/2/2025 2:00,116,22.4,0,14,61
5/2/2025 3:00,54,22.4,0,13.9,62
5/2/2025 4:00,35,21.4,0,13.4,67
5/2/2025 5:00,67,20.7,0,12.3,71
5/2/2025 6:00,168,20.1,0,12.1,75
5/2/2025 7:00,475,20.4,0,11.8,76
5/2/2025 8:00,1043,21.9,0,8.8,71
5/2/2025 9:00,1663,23.8,0,9.6,65
5/2/2025 10:00,1141,25.5,0,9.5,57
5/2/2025 11:00,900,27.1,0,8.1,48
5/2/2025 12:00,1049,28.4,0,8.2,40
5/2/2025 13:00,1321,28.8,0,10.5,39
5/2/2025 14:00,1411,29.2,0,10,38
5/2/2025 15:00,1639,30,0,13.6,34
5/2/2025 16:00,2018,30,0,13.6,30
5/2/2025 17:00,2324,30.9,0,9.8,25
5/2/2025 18:00,2659,30.8,0,14.9,23
5/2/2025 19:00,2388,29.3,0,10.5,29
5/2/2025 20:00,2095,27.2,0,12.7,36
5/2/2025 21:00,1603,23.7,0,6.6,60
5/2/2025 22:00,1270,22.8,0,3.6,70
5/2/2025 23:00,1182,23.4,0,9,60
5/3/2025 0:00,879,22.7,0,9.8,59
5/3/2025 1:00,593,21.5,0,9.7,65
5/3/2025 2:00,361,20.6,0,7.9,70
5/3/2025 3:00,200,19.9,0,9.8,73
5/3/2025 4:00,86,19.4,0,10.5,76
5/3/2025 5:00,62,19.1,0,10.8,77
5/3/2025 6:00,95,18.9,0,11.4,79
5/3/2025 7:00,218,19.5,0,13.3,76
5/3/2025 8:00,460,21,0,10.8,72
5/3/2025 9:00,788,22.6,0,14.1,69
5/3/2025 10:00,1295,23.7,0,11.5,64
5/3/2025 11:00,1524,23,0,12.5,67
5/3/2025 12:00,1763,23.1,0,11.4,67
5/3/2025 13:00,1958,26.5,0,14,52
5/3/2025 14:00,2137,27.8,0,15.1,48
5/3/2025 15:00,2225,28.4,0,17.2,46
5/3/2025 16:00,2247,28.4,0,16.5,44
5/3/2025 17:00,2093,23,1.7,11.7,70
5/3/2025 18:00,2016,24.1,0,3.5,68
5/3/2025 19:00,1988,21,6.3,7.3,86
5/3/2025 20:00,1562,19.6,2.5,4.4,91
5/3/2025 21:00,1348,19.7,4,6.9,93
5/3/2025 22:00,1134,19.3,0,5.4,94
5/3/2025 23:00,957,19,0.4,1.6,95
5/4/2025 0:00,686,18.4,0.7,4.2,95
5/4/2025 1:00,156,18.2,1.3,7.6,98
5/4/2025 2:00,189,18,1,8,98
5/4/2025 3:00,145,17.8,0.7,10.3,98
5/4/2025 4:00,75,17.6,0.8,10.4,96
5/4/2025 5:00,43,17.4,0.6,11.6,97
5/4/2025 6:00,62,17.4,0.3,12.8,96
5/4/2025 7:00,186,17.3,0.6,11.2,97
5/4/2025 8:00,168,17.4,1.4,9.8,98
5/4/2025 9:00,222,18,2.2,11.2,97
5/4/2025 10:00,390,18.4,1.3,13.3,96
5/4/2025 11:00,684,19.6,0.3,10.3,92
5/4/2025 12:00,964,19.9,0.1,14.1,89
5/4/2025 13:00,1058,20.7,0,13.1,86
5/4/2025 14:00,1339,20.8,0.3,13,82
5/4/2025 15:00,1491,21.6,0.4,11.5,79
5/4/2025 16:00,1670,23,0.4,12.8,75
5/4/2025 17:00,1572,23.6,0.1,15.2,65
5/4/2025 18:00,1543,22.7,0,13,69
5/4/2025 19:00,1534,22,0,10.4,72
5/4/2025 20:00,1341,20.7,0,6.6,78
5/4/2025 21:00,1068,18.7,0,9.8,93
5/4/2025 22:00,819,18.2,0,8.4,95
5/4/2025 23:00,614,17.7,0,8,96
5/5/2025 0:00,356,17.2,0,5.1,97
5/5/2025 1:00,196,16.3,0,3.4,98
5/5/2025 2:00,84,16.1,0,3.9,99
5/5/2025 3:00,52,16,0,4.4,100
5/5/2025 4:00,54,16,0,5.5,100
5/5/2025 5:00,62,16.3,0,5.3,100
5/5/2025 6:00,176,16.6,0,5.4,100
5/5/2025 7:00,473,17,0,6.5,99
5/5/2025 8:00,1117,17.5,0,8.8,98
5/5/2025 9:00,1658,19,0.1,12.5,89
5/5/2025 10:00,905,19.8,0.1,13.2,83
5/5/2025 11:00,663,19.6,0.9,12.8,85
5/5/2025 12:00,702,19.7,3.8,13.3,89
5/5/2025 13:00,980,21.5,0.1,12.6,80
5/5/2025 14:00,971,22.6,0.1,14,74
5/5/2025 15:00,972,21.6,0.7,10.1,77
5/5/2025 16:00,1411,22,0.1,12.5,74
5/5/2025 17:00,1796,22.3,0,9,73
5/5/2025 18:00,2577,18.7,2.7,16.2,88
5/5/2025 19:00,2235,18.2,0.6,4.6,92
5/5/2025 20:00,958,17.5,0,5.2,96
5/5/2025 21:00,198,17.1,2.8,13.3,93
5/5/2025 22:00,279,16.5,1.2,15.4,94
5/5/2025 23:00,356,16.3,10.4,6.8,96
5/6/2025 0:00,204,16.4,5.3,8.7,96
5/6/2025 1:00,121,15.8,2.6,3.5,96
5/6/2025 2:00,53,15.7,0.2,1.5,96
5/6/2025 3:00,34,15.4,0,4.7,98
5/6/2025 4:00,25,15.6,0,4.7,99
5/6/2025 5:00,50,15.9,0,5.5,100
5/6/2025 6:00,185,15.9,0,6.2,100
5/6/2025 7:00,535,15.8,0,8.5,99
5/6/2025 8:00,1278,16,0,7.2,98
5/6/2025 9:00,1882,18.9,0.1,2.3,85
5/6/2025 10:00,998,19.4,0.1,4.3,82
5/6/2025 11:00,662,20.1,0.2,9.7,78
5/6/2025 12:00,953,17.9,1.1,15.5,76
5/6/2025 13:00,960,19.7,0.8,14.3,74
5/6/2025 14:00,1067,21,0.2,16.6,63
5/6/2025 15:00,1256,20.2,0.8,20.3,62
5/6/2025 16:00,1624,19.4,0.4,16.6,64
5/6/2025 17:00,2040,19,0,9.7,62
5/6/2025 18:00,2907,19.3,0,7.7,61
5/6/2025 19:00,2844,18.7,0,5.3,65
5/6/2025 20:00,1899,17.5,0,1.8,72
5/6/2025 21:00,1414,18.3,0.1,4.4,71
5/6/2025 22:00,1196,16.9,0.1,8.3,76
5/6/2025 23:00,796,15.7,0,6.9,78
5/7/2025 0:00,425,15.6,0,4.4,77
5/7/2025 1:00,165,15.7,0,1.4,78
5/7/2025 2:00,78,15.2,0,4,80
5/7/2025 3:00,49,15.2,0,6.1,79
5/7/2025 4:00,28,15.1,0,7.9,80
5/7/2025 5:00,48,14.6,0,7.4,81
5/7/2025 6:00,180,13.7,0,6,86
5/7/2025 7:00,523,14.7,0,7.9,82
5/7/2025 8:00,1332,16.2,0,11.6,74
5/7/2025 9:00,1921,17.6,0,8.3,73
5/7/2025 10:00,1104,18.8,0,12.5,66
5/7/2025 11:00,791,19.5,0,13.4,62
5/7/2025 12:00,945,20,0,13.8,60
5/7/2025 13:00,1072,20.7,0,14.2,57
5/7/2025 14:00,1175,21.3,0,12.8,55
5/7/2025 15:00,1347,22.1,0,11.8,51
5/7/2025 16:00,1914,22.6,0,10.3,48
5/7/2025 17:00,2100,22.7,0,10,45
5/7/2025 18:00,2886,22.4,0,6.9,49
5/7/2025 19:00,2717,21.5,0,5.4,59
5/7/2025 20:00,1991,19.6,0,4,69
5/7/2025 21:00,1520,18.8,0,2.9,72
5/7/2025 22:00,1126,17.9,0,4.4,75
5/7/2025 23:00,774,17.2,0,4.9,78
5/8/2025 0:00,414,16.5,0,2.9,80
5/8/2025 1:00,224,16,0,1.5,81
5/8/2025 2:00,96,16.5,0,1.8,81
5/8/2025 3:00,44,15.4,0,4.1,84
5/8/2025 4:00,30,15.1,0,5,85
5/8/2025 5:00,46,15,0,3.8,88
5/8/2025 6:00,176,14.9,0,4.9,89
5/8/2025 7:00,539,15.3,0,7,87
5/8/2025 8:00,1311,17.1,0,4.7,85
5/8/2025 9:00,1854,19.6,0,2.4,77
5/8/2025 10:00,1090,21.7,0,1.7,66
5/8/2025 11:00,832,22.8,0,1.9,56
5/8/2025 12:00,881,23.5,0.1,4.3,53
5/8/2025 13:00,1062,23.7,0.1,3.5,54
5/8/2025 14:00,1096,24.3,0,5,54
5/8/2025 15:00,1342,24.5,0,3.6,55
5/8/2025 16:00,1697,24.4,0.1,4.7,57
5/8/2025 17:00,1668,21,1.3,5.2,76
5/8/2025 18:00,2153,20.8,0,4.6,76
5/8/2025 19:00,2213,20.4,0,2.7,77
5/8/2025 20:00,1667,19.4,0.2,2.2,85
5/8/2025 21:00,1343,18,0,4.7,86
5/8/2025 22:00,1071,17,2.8,14.9,90
5/8/2025 23:00,780,16.4,1.7,10.1,91
5/9/2025 0:00,477,15.8,0,8.9,94
5/9/2025 1:00,245,15.6,1.2,1.3,92
5/9/2025 2:00,140,15.5,0.3,6.1,95
5/9/2025 3:00,38,14.4,0.1,3.6,97
5/9/2025 4:00,12,15,0,4.9,97
5/9/2025 5:00,50,15.1,1.3,5.3,98
5/9/2025 6:00,140,15,0.6,6.7,99
5/9/2025 7:00,302,15.3,0.2,10.8,97
5/9/2025 8:00,683,14.7,0.3,11.5,94
5/9/2025 9:00,1157,13.6,1.8,13.6,98
5/9/2025 10:00,798,13.4,0.6,10.9,95
5/9/2025 11:00,668,14.1,0.1,14.9,89
5/9/2025 12:00,810,14.9,0.1,17.1,82
5/9/2025 13:00,994,14.9,0,15,81
5/9/2025 14:00,938,14.9,0,15.9,79
5/9/2025 15:00,1301,15.4,0,18.4,75
5/9/2025 16:00,1920,16.1,0,17.1,73
5/9/2025 17:00,1832,15.5,0,18.1,72
5/9/2025 18:00,2222,15,0,17.1,69
5/9/2025 19:00,2142,14.6,0,13.6,68
5/9/2025 20:00,1778,13.5,0,10.2,72
5/9/2025 21:00,1301,12.8,0,1.5,82
5/9/2025 22:00,1082,12.1,0,3.5,86
5/9/2025 23:00,832,11.4,0,3.9,89
5/10/2025 0:00,717,11,0,4.6,89
5/10/2025 1:00,475,10.9,0,9.9,81
5/10/2025 2:00,305,10.8,0,14.2,68
5/10/2025 3:00,151,10.5,0,14.7,67
5/10/2025 4:00,91,10.1,0,15,67
5/10/2025 5:00,42,9.7,0,14.2,65
5/10/2025 6:00,97,9.3,0,13.3,64
5/10/2025 7:00,197,9.8,0,12.8,64
5/10/2025 8:00,368,11.5,0,10.2,65
5/10/2025 9:00,753,13.7,0,13,59
5/10/2025 10:00,1227,15.1,0,17.5,47
5/10/2025 11:00,1410,16.5,0,16.8,42
5/10/2025 12:00,1707,17.9,0,15.6,36
5/10/2025 13:00,1845,19.1,0,15,35
5/10/2025 14:00,1930,19.9,0,15.2,38
5/10/2025 15:00,2094,20.7,0,13.6,39
5/10/2025 16:00,2299,21.2,0,11.3,40
5/10/2025 17:00,2086,21.4,0,10.2,41
5/10/2025 18:00,2018,21.3,0,8.9,44
5/10/2025 19:00,1980,20.3,0,5.6,54
5/10/2025 20:00,1840,18.2,0,5,65
5/10/2025 21:00,1422,17.7,0,9.6,66
5/10/2025 22:00,1213,16.8,0,9.9,66
5/10/2025 23:00,1003,16,0,9.7,64
5/11/2025 0:00,826,15.3,0,9.3,63
5/11/2025 1:00,553,14.6,0,8.9,65
5/11/2025 2:00,286,13.8,0,7.2,68
5/11/2025 3:00,209,13.1,0,6.5,71
5/11/2025 4:00,102,12.6,0,5.5,73
5/11/2025 5:00,89,12.1,0,5.2,75
5/11/2025 6:00,70,11.8,0,5.3,77
5/11/2025 7:00,169,12.7,0,6.2,76
5/11/2025 8:00,306,15,0,5.2,74
5/11/2025 9:00,525,18.7,0,3.3,68
5/11/2025 10:00,934,21.2,0,1.5,60
5/11/2025 11:00,1279,23.3,0,0.4,53
5/11/2025 12:00,1436,24.7,0,0.9,44
5/11/2025 13:00,1658,25.7,0,1.6,39
5/11/2025 14:00,1652,26.2,0,1.5,37
5/11/2025 15:00,1761,26.6,0,2.7,37
5/11/2025 16:00,1792,26.6,0,2.4,38
5/11/2025 17:00,1834,26.4,0,4.2,39
5/11/2025 18:00,1775,25.6,0,6.3,43
5/11/2025 19:00,1638,23.9,0,6.2,53
5/11/2025 20:00,1541,22.2,0,3.1,62
5/11/2025 21:00,1187,20.8,0,7.2,65
5/11/2025 22:00,816,19.7,0,10,68
5/11/2025 23:00,591,18.4,0,7.7,72
5/12/2025 0:00,391,17.3,0,5.3,77
5/12/2025 1:00,192,16.4,0,3.8,80
5/12/2025 2:00,76,16.2,0,1.1,79
5/12/2025 3:00,48,15.4,0,1.5,82
5/12/2025 4:00,38,14.4,0,1.8,86
5/12/2025 5:00,41,13.9,0,5,89
5/12/2025 6:00,155,13.5,0,2.1,89
5/12/2025 7:00,484,14.6,0,4,88
5/12/2025 8:00,1087,16.2,0,4.9,86
5/12/2025 9:00,1547,18.9,0,2.8,78
5/12/2025 10:00,948,21.1,0,3.4,67
5/12/2025 11:00,685,22.9,0,5.1,58
5/12/2025 12:00,761,24.3,0,8.4,51
5/12/2025 13:00,1037,25.3,0,10,44
5/12/2025 14:00,1162,25.6,0,11,42
5/12/2025 15:00,1096,24.9,0,9.1,51
5/12/2025 16:00,1642,24.6,0,12.8,55
5/12/2025 17:00,1974,23.3,0,11.4,69
5/12/2025 18:00,2509,22.9,0.1,10.4,72
5/12/2025 19:00,2165,21.8,0.2,8.6,80
5/12/2025 20:00,1700,21,0.4,7.1,84
5/12/2025 21:00,1151,19.4,1.5,8.9,96
5/12/2025 22:00,836,19,0.4,7.9,96
5/12/2025 23:00,557,18.7,0.1,9.2,96
5/13/2025 0:00,304,18.3,0.1,8.8,97
5/13/2025 1:00,147,18.3,0.6,10.1,97
5/13/2025 2:00,64,18,0.9,7.3,98
5/13/2025 3:00,25,17.9,0.7,9.5,98
5/13/2025 4:00,23,17.7,1.9,8.9,97
5/13/2025 5:00,33,17.8,1.1,8.7,98
5/13/2025 6:00,57,17.7,1.4,9.5,98
5/13/2025 7:00,179,17.7,1.7,11.3,98
5/13/2025 8:00,386,18.3,0.2,12.9,97
5/13/2025 9:00,523,18.5,5.2,14.4,97
5/13/2025 10:00,344,18.8,3.1,19,95
5/13/2025 11:00,318,18.9,1.7,18.4,94
5/13/2025 12:00,310,19.3,2.6,18,96
5/13/2025 13:00,293,19.5,2.6,20.6,95
5/13/2025 14:00,263,19.1,4.6,22.9,95
5/13/2025 15:00,336,19.1,2.6,23,93
5/13/2025 16:00,689,19.2,0.9,23.3,91
5/13/2025 17:00,551,19,0.7,22,92
5/13/2025 18:00,770,19,1.1,21.1,91
5/13/2025 19:00,673,18,4.4,16.2,95
5/13/2025 20:00,484,17.7,0.4,21.7,93
5/13/2025 21:00,405,18.2,3.3,18.6,93
5/13/2025 22:00,345,17.9,0.4,22.2,94
5/13/2025 23:00,356,17.4,0.5,21.1,93
5/14/2025 0:00,185,16.9,6.5,19.7,94
5/14/2025 1:00,68,16.6,0.6,16.6,94
5/14/2025 2:00,18,16.8,0.4,13.3,96
5/14/2025 3:00,29,16.9,0.3,12.4,98
5/14/2025 4:00,15,17,0.2,11.8,98
5/14/2025 5:00,43,17.1,0.1,10.3,99
5/14/2025 6:00,129,17.2,0.1,9.2,99
5/14/2025 7:00,392,17.3,0.2,9,99
5/14/2025 8:00,972,17.6,0.3,9.9,98
5/14/2025 9:00,1477,17.9,0,7.9,95
5/14/2025 10:00,999,18.7,0,7.7,94
5/14/2025 11:00,711,19.8,0.1,5.3,90
5/14/2025 12:00,830,21.4,0.1,4.7,81
5/14/2025 13:00,1010,22.8,0.2,4,75
5/14/2025 14:00,1096,23.8,0.2,4.5,70
5/14/2025 15:00,1236,24.5,0.4,5.6,69
5/14/2025 16:00,1753,22.3,4.1,9.7,76
5/14/2025 17:00,2082,22.8,0.1,8.1,78
5/14/2025 18:00,2729,22.7,0.1,9.6,79
5/14/2025 19:00,2312,22,0.1,7.5,84
5/14/2025 20:00,1530,20.4,4.8,8.5,89
5/14/2025 21:00,1190,19.1,1.9,5.3,95
5/14/2025 22:00,932,18.4,3,3.4,96
5/14/2025 23:00,712,18.1,4,7.6,98
5/15/2025 0:00,290,17.9,1.3,6.3,98
5/15/2025 1:00,141,17.6,0.2,6.9,99
5/15/2025 2:00,88,17.7,0.2,6.1,99
5/15/2025 3:00,39,17.9,0.1,6,99
5/15/2025 4:00,28,18,0.1,3,99
5/15/2025 5:00,42,17.9,0.1,1.4,100
5/15/2025 6:00,180,17.9,0.1,2.9,99
5/15/2025 7:00,509,18,0.1,4.4,99
5/15/2025 8:00,1317,18.6,0.1,5.8,98
5/15/2025 9:00,1982,19.8,0.1,5.8,89
5/15/2025 10:00,1118,21.3,0,3,85
5/15/2025 11:00,752,22.6,0,3.4,79
5/15/2025 12:00,968,23.6,0,4.9,72
5/15/2025 13:00,1046,24.5,0,4.7,67
5/15/2025 14:00,1137,25.5,0,2.8,65
5/15/2025 15:00,1308,25.8,0,5,64
5/15/2025 16:00,1855,25.7,0.1,6.2,64
5/15/2025 17:00,2223,25.7,0,7.3,62
5/15/2025 18:00,3025,25.4,0,8.4,63
5/15/2025 19:00,2722,24.8,0,6.6,67
5/15/2025 20:00,2119,23.3,0,4,78
5/15/2025 21:00,1695,21.7,0,4.6,90
5/15/2025 22:00,1218,21,0,5.4,93
5/15/2025 23:00,1001,20.5,0,6.4,95
5/16/2025 0:00,578,20.1,0,5.9,96
5/16/2025 1:00,292,19.7,0,5.2,96
5/16/2025 2:00,128,19.7,0,6.1,94
5/16/2025 3:00,87,19.3,0,5.4,93
5/16/2025 4:00,32,19.1,0,5.8,94
5/16/2025 5:00,54,18.7,0,6.2,95
5/16/2025 6:00,173,18.6,0,5.2,97
5/16/2025 7:00,459,19.3,0,4.5,96
5/16/2025 8:00,1110,20,0.1,2.8,95
5/16/2025 9:00,1606,20.5,2.4,2.5,95
5/16/2025 10:00,1153,21.9,0.1,2.2,91
5/16/2025 11:00,935,24.3,0,4,85
5/16/2025 12:00,1028,26.5,1.3,1.6,68
5/16/2025 13:00,1148,27.3,0,3.6,71
5/16/2025 14:00,1415,28.4,0.1,7.2,68
5/16/2025 15:00,1496,29,0,7.3,64
5/16/2025 16:00,1983,29.1,0,9.6,65
5/16/2025 17:00,2344,27.1,0,8.3,74
5/16/2025 18:00,1979,27.4,0.1,7.9,74
5/16/2025 19:00,1480,27.2,0,3.5,79
5/16/2025 20:00,1729,26.2,0,7.5,82
5/16/2025 21:00,1363,21.6,0,5.6,94
5/16/2025 22:00,1076,21,0,10.4,91
5/16/2025 23:00,931,20.8,0,14,88
5/17/2025 0:00,768,20.4,0,13.2,80
5/17/2025 1:00,576,20.1,0,13,80
5/17/2025 2:00,394,19.7,0,12.4,85
5/17/2025 3:00,231,19.4,0,13.4,87
5/17/2025 4:00,109,19.4,0,14.1,87
5/17/2025 5:00,60,19.7,0,13.2,87
5/17/2025 6:00,126,20.1,0,10.1,84
5/17/2025 7:00,247,20.5,0,9.6,79
5/17/2025 8:00,405,21.6,0,16,73
5/17/2025 9:00,672,20.4,0,15.7,81
5/17/2025 10:00,1164,23,0,16.8,71
5/17/2025 11:00,1513,24.6,0,17.6,64
5/17/2025 12:00,1680,25.6,0,16.6,61
5/17/2025 13:00,1903,26.8,0,16,60
5/17/2025 14:00,1965,27.9,0,17.9,51
5/17/2025 15:00,2026,28,0,20.9,50
5/17/2025 16:00,2157,27.7,0,22.3,48
5/17/2025 17:00,2110,27.5,0,17.9,49
5/17/2025 18:00,2111,27.1,0,16.2,52
5/17/2025 19:00,1997,25.8,0,14.3,57
5/17/2025 20:00,1722,23.8,0,8.1,68
5/17/2025 21:00,1470,23.5,0,12.5,59
5/17/2025 22:00,1338,22.7,0,20.5,58
5/17/2025 23:00,1119,21.8,0,13.5,61
5/18/2025 0:00,890,20.7,0,16.6,64
5/18/2025 1:00,563,19.9,0,13.6,65
5/18/2025 2:00,346,18.9,0,10.3,68
5/18/2025 3:00,225,17.6,0,6.8,73
5/18/2025 4:00,123,17,0,7.1,76
5/18/2025 5:00,68,16.6,0,9,76
5/18/2025 6:00,85,16.4,0,11.2,72
5/18/2025 7:00,198,17,0,12.6,68
5/18/2025 8:00,433,18.4,0,15.7,60
5/18/2025 9:00,636,21,0,13.9,52
5/18/2025 10:00,937,21.7,0,18.9,47
5/18/2025 11:00,1393,22.3,0,20,46
5/18/2025 12:00,1490,22.5,0,18.5,48
5/18/2025 13:00,1720,22.5,0.1,21.8,50
5/18/2025 14:00,1817,22.7,0,23.1,48
5/18/2025 15:00,1774,23,0,21.7,49
5/18/2025 16:00,1923,23.2,0,21.8,48
5/18/2025 17:00,1830,23.2,0,20.4,50
5/18/2025 18:00,1995,23.1,0,18.5,51
5/18/2025 19:00,1876,22.3,0,17.1,53
5/18/2025 20:00,1635,21,0,15.8,56
5/18/2025 21:00,1283,20.2,0,12.6,59
5/18/2025 22:00,949,19.5,0,12.3,62
5/18/2025 23:00,617,18.7,0,13.5,66
5/19/2025 0:00,359,18.2,0,14.9,66
5/19/2025 1:00,161,17.4,0,13.5,70
5/19/2025 2:00,94,16.6,0,12.6,74
5/19/2025 3:00,58,15.9,0,12.1,76
5/19/2025 4:00,38,15.3,0,12.7,77
5/19/2025 5:00,62,14.8,0,14.1,78
5/19/2025 6:00,202,14.4,0,14.5,79
5/19/2025 7:00,468,14.6,0,14.4,78
5/19/2025 8:00,1139,15.5,0,16.2,74
5/19/2025 9:00,1521,18.1,0,16.3,64
5/19/2025 10:00,966,19.2,0,15.2,61
5/19/2025 11:00,776,20.3,0,16.5,59
5/19/2025 12:00,856,21.1,0,19.6,57
5/19/2025 13:00,1076,22.8,0,19.3,47
5/19/2025 14:00,1194,23.1,0,18.6,46
5/19/2025 15:00,1165,22.9,0,20.1,46
5/19/2025 16:00,1709,22.5,0,20.9,46
5/19/2025 17:00,2036,22.3,0,19.6,45
5/19/2025 18:00,2723,21.5,0,18.4,45
5/19/2025 19:00,2399,20.5,0,14.5,49
5/19/2025 20:00,1966,19,0,12,54
5/19/2025 21:00,1454,18,0,10.5,60
5/19/2025 22:00,983,17,0,11.2,64
5/19/2025 23:00,636,16.1,0,9.6,67
5/20/2025 0:00,364,15.5,0,10.5,68
5/20/2025 1:00,158,15.1,0,12,69
5/20/2025 2:00,57,14.5,0,11.4,71
5/20/2025 3:00,30,13.7,0,11.7,71
5/20/2025 4:00,34,12.9,0,9.9,71
5/20/2025 5:00,62,12,0,9.4,74
5/20/2025 6:00,171,11.1,0,8.4,72
5/20/2025 7:00,500,11.4,0,5.6,70
5/20/2025 8:00,1275,12.4,0,8,62
5/20/2025 9:00,1839,14.5,0,5.8,54
5/20/2025 10:00,989,15.7,0,5.3,51
5/20/2025 11:00,717,17,0,4.8,47
5/20/2025 12:00,808,18.3,0,4.9,44
5/20/2025 13:00,939,19.5,0,5.4,41
5/20/2025 14:00,1066,20.3,0,6.1,37
5/20/2025 15:00,1173,21.2,0,6,35
5/20/2025 16:00,1768,21.5,0,4.8,35
5/20/2025 17:00,2196,20.4,0,2.3,38
5/20/2025 18:00,2913,19.9,0,4.8,41
5/20/2025 19:00,2521,20.1,0,2.7,42
5/20/2025 20:00,1723,19.3,0,2.8,53
5/20/2025 21:00,1412,17.5,0,7.6,59
5/20/2025 22:00,1070,16.3,0,8.6,61
5/20/2025 23:00,692,15.7,0,7.4,64
5/21/2025 0:00,331,15.4,0.1,6,66
5/21/2025 1:00,158,15.2,0.3,7.2,69
5/21/2025 2:00,60,15,0.1,8.3,71
5/21/2025 3:00,27,14.8,0.9,10.1,76
5/21/2025 4:00,23,15.1,0,11.1,79
5/21/2025 5:00,57,15.4,0,12.2,80
5/21/2025 6:00,162,15.4,0,12.4,79
5/21/2025 7:00,405,15.2,0.2,13.7,80
5/21/2025 8:00,636,15,0.7,15.2,82
5/21/2025 9:00,827,13.2,1.3,15.6,95
5/21/2025 10:00,298,13.2,2.2,14.2,95
5/21/2025 11:00,231,13.4,1.5,14.5,95
5/21/2025 12:00,479,14.3,1,17.2,88
5/21/2025 13:00,642,14.5,0.1,18.5,87
5/21/2025 14:00,816,15.9,0.1,19.8,77
5/21/2025 15:00,1030,16.8,0.1,18.7,74
5/21/2025 16:00,1232,16.6,0.1,17,76
5/21/2025 17:00,1244,16.5,0.1,16.6,79
5/21/2025 18:00,1610,16.2,0,16.2,81
5/21/2025 19:00,1254,15.6,0,13.7,83
5/21/2025 20:00,701,14.6,3.5,14.4,89
5/21/2025 21:00,278,13.2,1.2,10.8,93
5/21/2025 22:00,373,13.1,1.6,9.8,95
5/21/2025 23:00,449,13,0.1,10.2,96
5/22/2025 0:00,325,12.8,0,8.6,96
5/22/2025 1:00,122,13,0,7.9,96
5/22/2025 2:00,47,13.1,1.5,6,95
5/22/2025 3:00,39,13.1,1.6,6.1,96
5/22/2025 4:00,22,13,0,4.9,97
5/22/2025 5:00,38,13,0,5.1,98
5/22/2025 6:00,163,13,0,3.4,98
5/22/2025 7:00,337,13.3,0,5.5,97
5/22/2025 8:00,557,13.9,0.1,4.8,95
5/22/2025 9:00,1249,13.8,0.4,7.7,95
5/22/2025 10:00,891,15.6,0.5,4.8,88
5/22/2025 11:00,481,16.3,0.5,5.5,84
5/22/2025 12:00,650,16.5,0.3,7,86
5/22/2025 13:00,829,18,0.2,4.1,80
5/22/2025 14:00,908,19.6,0.4,4.3,71
5/22/2025 15:00,985,14.1,6.8,16.3,88
5/22/2025 16:00,1531,16.8,0,6.8,80
5/22/2025 17:00,1663,17,0.1,16.5,71
5/22/2025 18:00,2146,15.8,0.3,12.4,77
5/22/2025 19:00,1889,15.4,0,10.5,75
5/22/2025 20:00,1442,14.6,0.2,11.2,79
5/22/2025 21:00,1125,15.1,0,11.4,76
5/22/2025 22:00,899,14.8,0,14,73
5/22/2025 23:00,691,14.1,0,11.9,72
5/23/2025 0:00,421,13.1,0,12,75
5/23/2025 1:00,209,12.5,0,11.5,78
5/23/2025 2:00,117,12,0,10.1,81
5/23/2025 3:00,68,11.6,0,9.7,83
5/23/2025 4:00,21,11.9,0,10.8,81
5/23/2025 5:00,50,12,0,11.1,80
5/23/2025 6:00,143,11.8,0,10.8,79
5/23/2025 7:00,368,12.2,0,11.6,78
5/23/2025 8:00,899,13.4,0,11.9,72
5/23/2025 9:00,1462,15.1,0,14.5,66
5/23/2025 10:00,1046,16.2,0,18.5,56
5/23/2025 11:00,856,17.1,0,18.9,51
5/23/2025 12:00,1029,18,0,17.2,45
5/23/2025 13:00,1243,18,0,16.5,45
5/23/2025 14:00,1354,18.3,0,18.6,44
5/23/2025 15:00,1638,18.3,0,18.9,45
5/23/2025 16:00,2044,18.3,0,19.7,43
5/23/2025 17:00,2121,17.9,0,21.7,46
5/23/2025 18:00,2332,17.4,0,21,48
5/23/2025 19:00,1912,16.4,0,17.7,51
5/23/2025 20:00,1530,15,0,14.3,57
5/23/2025 21:00,1261,13.8,0,11.1,59
5/23/2025 22:00,979,12.7,0,9.5,67
5/23/2025 23:00,802,12.3,0,12.6,67
5/24/2025 0:00,635,12.1,0,12.3,67
5/24/2025 1:00,394,11.9,0,13.4,67
5/24/2025 2:00,242,11.8,0,13.5,69
5/24/2025 3:00,148,11.2,0,12.4,72
5/24/2025 4:00,92,11,0,12.1,74
5/24/2025 5:00,54,10.9,0,11.5,75
5/24/2025 6:00,93,10.6,0,11,76
5/24/2025 7:00,158,11.4,0,11.7,75
5/24/2025 8:00,365,13.2,0,10.2,72
5/24/2025 9:00,587,15.7,0,22.1,53
5/24/2025 10:00,932,16.1,0,21.2,52
5/24/2025 11:00,1183,16.9,0,22,49
5/24/2025 12:00,1445,17.2,0,20.9,48
5/24/2025 13:00,1606,18.1,0,20.8,46
5/24/2025 14:00,1709,18.1,0,19.2,46
5/24/2025 15:00,1854,19.2,0,21.7,41
5/24/2025 16:00,1919,19.1,0,20,41
5/24/2025 17:00,1720,19.2,0,19.6,40
5/24/2025 18:00,1724,19.3,0,15.9,40
5/24/2025 19:00,1775,18.4,0,12.2,48
5/24/2025 20:00,1584,16.6,0,10.9,57
5/24/2025 21:00,1281,15.5,0,7.7,61
5/24/2025 22:00,1042,14.7,0,8.7,63
5/24/2025 23:00,774,14.5,0,11.9,62
5/25/2025 0:00,619,13.6,0,11,65
5/25/2025 1:00,450,12.8,0,10.2,68
5/25/2025 2:00,299,12,0,9,71
5/25/2025 3:00,162,11.3,0,9.3,75
5/25/2025 4:00,77,10.7,0,9,78
5/25/2025 5:00,45,10.1,0,9.3,81
5/25/2025 6:00,80,9.6,0,8.8,83
5/25/2025 7:00,146,10.3,0,8.5,82
5/25/2025 8:00,278,12.1,0,6,75
5/25/2025 9:00,540,14.2,0,7.7,64
5/25/2025 10:00,834,15.9,0,9.6,56
5/25/2025 11:00,1227,17.3,0,9.6,51
5/25/2025 12:00,1464,18.5,0,8.6,48
5/25/2025 13:00,1657,19.6,0,11,44
5/25/2025 14:00,1707,20.6,0,14.7,39
5/25/2025 15:00,1741,21.1,0,14.1,36
5/25/2025 16:00,1982,20.9,0,14.4,36
5/25/2025 17:00,1930,20.9,0,12.3,35
5/25/2025 18:00,1826,20.8,0,10.3,40
5/25/2025 19:00,1757,19.8,0,13.8,44
5/25/2025 20:00,1523,17.1,0,9.3,55
5/25/2025 21:00,1234,17.4,0,9.3,58
5/25/2025 22:00,991,16.3,0,3.5,69
5/25/2025 23:00,747,15.9,0,2.4,70
5/26/2025 0:00,535,15.6,0,3.7,71
5/26/2025 1:00,329,15.4,0,6.9,70
5/26/2025 2:00,203,15,0,6.4,71
5/26/2025 3:00,118,14.9,0,7,71
5/26/2025 4:00,70,14.5,0,8.5,69
5/26/2025 5:00,56,13.9,0,7.5,70
5/26/2025 6:00,84,13.5,0,8.3,72
5/26/2025 7:00,146,13.6,0,6.8,72
5/26/2025 8:00,315,14,0,4.7,72
5/26/2025 9:00,413,14.8,0,2.9,72
5/26/2025 10:00,789,15.7,0,3.6,66
5/26/2025 11:00,969,16.5,0,2.5,61
5/26/2025 12:00,1207,17.8,0,2.3,53
5/26/2025 13:00,1540,19,0,2.5,49
5/26/2025 14:00,1706,20.7,0,4.6,45
5/26/2025 15:00,1743,21.7,0,3.3,41
5/26/2025 16:00,1940,21.8,0,3.4,39
5/26/2025 17:00,1870,22,0,2.3,39
5/26/2025 18:00,1931,22.4,0,4.9,35
5/26/2025 19:00,1705,21.8,0,2.8,41
5/26/2025 20:00,1453,19.2,0,6.6,54
5/26/2025 21:00,1262,17.7,0,5.6,64
5/26/2025 22:00,823,16.7,0,5,70
5/26/2025 23:00,565,15.9,0,5,73
5/27/2025 0:00,302,15.8,0,7.3,68
5/27/2025 1:00,171,14.9,0,5.7,68
5/27/2025 2:00,74,14,0,4.3,75
5/27/2025 3:00,51,13.9,0,2,75
5/27/2025 4:00,24,13.5,0,3.8,77
5/27/2025 5:00,42,13.3,0,3.9,79
5/27/2025 6:00,165,13.1,0,3.2,81
5/27/2025 7:00,480,13.9,0,3.1,81
5/27/2025 8:00,1116,15.5,0,4.3,76
5/27/2025 9:00,1690,16.3,0,3.1,76
5/27/2025 10:00,997,17.9,0,4.7,68
5/27/2025 11:00,691,19.3,0,4.9,60
5/27/2025 12:00,745,19.6,0,7.2,56
5/27/2025 13:00,868,19.5,0.1,8.7,55
5/27/2025 14:00,742,19.1,0.6,8.4,57
5/27/2025 15:00,733,18.9,0.8,8.6,59
5/27/2025 16:00,1258,18,0.7,8.8,65
5/27/2025 17:00,1691,17.2,0.2,6.7,69
5/27/2025 18:00,2089,17.1,0,6.3,73
5/27/2025 19:00,1847,17,0,3.2,78
5/27/2025 20:00,1433,16.6,0,3.1,82
5/27/2025 21:00,989,14.7,1,5,93
5/27/2025 22:00,600,14.4,0.5,7.7,95
5/27/2025 23:00,444,14.3,0.7,10.4,92
5/28/2025 0:00,216,14.2,0.5,11.3,95
5/28/2025 1:00,69,14,1,12.6,95
5/28/2025 2:00,45,13.4,0.3,12.6,90
5/28/2025 3:00,20,13,0.3,13.6,90
5/28/2025 4:00,11,12.6,2.3,13.8,94
5/28/2025 5:00,17,12.6,2.2,15.6,96
5/28/2025 6:00,62,12.9,2.6,16,96
5/28/2025 7:00,172,13.3,4.1,18,96
5/28/2025 8:00,292,13.5,4,19.7,96
5/28/2025 9:00,488,12.4,3.7,17.6,96
5/28/2025 10:00,196,12.5,4.4,19.5,96
5/28/2025 11:00,150,12.7,3.1,22.4,95
5/28/2025 12:00,217,13,1.4,21.1,96
5/28/2025 13:00,257,13.8,0.7,20.8,94
5/28/2025 14:00,364,14.5,1.4,22,91
5/28/2025 15:00,385,15.8,0.6,19.4,91
5/28/2025 16:00,596,15.8,1.1,19.2,94
5/28/2025 17:00,703,15.5,1,16.7,97
5/28/2025 18:00,980,15.7,0.5,15.3,96
5/28/2025 19:00,884,15.7,0.2,13.5,97
5/28/2025 20:00,913,15.5,0,11.7,97
5/28/2025 21:00,783,14.4,0,11.7,97
5/28/2025 22:00,647,14.3,0,9.3,97
5/28/2025 23:00,605,14,0,7.2,98
5/29/2025 0:00,366,14,0,7.3,97
5/29/2025 1:00,168,13.8,0,7.1,98
5/29/2025 2:00,73,13.9,0,5.6,97
5/29/2025 3:00,49,13.9,0,6.9,97
5/29/2025 4:00,28,13.8,0,7.8,97
5/29/2025 5:00,51,13.6,0,6.1,97
5/29/2025 6:00,171,13.1,0,4.9,98
5/29/2025 7:00,444,14,0,5.1,96
5/29/2025 8:00,1113,15,0,8.1,92
5/29/2025 9:00,1729,16,0,6.3,87
5/29/2025 10:00,1132,17.1,0,6.2,83
5/29/2025 11:00,659,18.6,0,5.1,79
5/29/2025 12:00,840,20,0,4.6,76
5/29/2025 13:00,914,21.5,0,6.3,72
5/29/2025 14:00,1024,22,0,6.7,71
5/29/2025 15:00,1130,22.4,0,6.7,70
5/29/2025 16:00,1664,22.8,0,6.9,69
5/29/2025 17:00,2058,22.8,0,7.6,69
5/29/2025 18:00,2649,21.9,0,9.9,75
5/29/2025 19:00,2446,20.8,0,7.7,82
5/29/2025 20:00,2011,19.8,0.8,7.1,87
5/29/2025 21:00,1503,19,0,6,90
5/29/2025 22:00,1053,18.5,0,5.6,92
5/29/2025 23:00,747,18.2,0,7.8,94
5/30/2025 0:00,440,18,0,7.9,95
5/30/2025 1:00,209,17.8,0.8,10.5,93
5/30/2025 2:00,110,17.1,7.2,7.7,97
5/30/2025 3:00,61,16.9,1.5,6.2,97
5/30/2025 4:00,29,16.9,0.4,4.4,97
5/30/2025 5:00,57,16.7,0.3,5.4,98
5/30/2025 6:00,148,16.4,0,4.8,99
5/30/2025 7:00,386,16.9,0,6.3,98
5/30/2025 8:00,917,18.4,0,7.3,94
5/30/2025 9:00,1586,21.1,0,6.1,84
5/30/2025 10:00,1157,22.4,0,5.1,75
5/30/2025 11:00,960,23.5,0,3,66
5/30/2025 12:00,1084,24.4,0,2,60
5/30/2025 13:00,1219,24.9,0,3.9,57
5/30/2025 14:00,1374,25.4,0,6.4,54
5/30/2025 15:00,1503,25.8,0.1,10.1,53
5/30/2025 16:00,2072,25,0.1,8.6,57
5/30/2025 17:00,1903,23.5,0.1,12.1,65
5/30/2025 18:00,2285,22.4,0.1,12.1,75
5/30/2025 19:00,1726,21,1.1,11.8,79
5/30/2025 20:00,548,19,11.8,10.5,89
5/30/2025 21:00,424,18.9,2.1,8.8,93
5/30/2025 22:00,445,18.1,0,19.1,87
5/30/2025 23:00,510,15.8,0,14.8,76
5/31/2025 0:00,533,14.9,0,11.7,77
5/31/2025 1:00,381,14.2,0,11.6,82
5/31/2025 2:00,192,14.5,0.8,30.2,86
5/31/2025 3:00,68,14.1,1.1,29.9,85
5/31/2025 4:00,66,14.1,0.3,23,86
5/31/2025 5:00,31,14,0.2,20.9,87
5/31/2025 6:00,74,13.8,0,18.6,86
5/31/2025 7:00,179,14.6,0,16.9,82
5/31/2025 8:00,395,16.2,0,16.3,77
5/31/2025 9:00,691,18.3,0.1,16.2,72
5/31/2025 10:00,1124,19.2,0.1,21.9,66
5/31/2025 11:00,1469,19.9,0,21.4,57
5/31/2025 12:00,1650,20.7,0,23.2,52
5/31/2025 13:00,1384,20.9,0,19.5,53
5/31/2025 14:00,999,17.1,1,26.2,69
5/31/2025 15:00,1359,19.2,0.4,15.9,66
5/31/2025 16:00,1335,19.4,0.5,20.8,61
5/31/2025 17:00,1570,19.8,0,22.6,54
5/31/2025 18:00,1912,18.6,0,23.3,54
5/31/2025 19:00,1755,17.4,0,21.1,58
5/31/2025 20:00,1583,15.5,0,22.5,59
5/31/2025 21:00,1261,14.7,0,17.8,60
5/31/2025 22:00,951,13.3,0,20.6,61
5/31/2025 23:00,766,12.5,0,19.1,63
